new_name	source_dir	source_file
graph_1.gr	randomD_5k	graph_4691.gr
graph_2.gr	randomD_5k	graph_672.gr
graph_3.gr	randomD_5k	graph_3647.gr
graph_4.gr	randomD_5k	graph_3370.gr
graph_5.gr	randomD_5k	graph_4151.gr
graph_6.gr	randomD_5k	graph_303.gr
graph_7.gr	randomD_5k	graph_34.gr
graph_8.gr	randomD_5k	graph_3824.gr
graph_9.gr	randomD_5k	graph_1516.gr
graph_10.gr	randomD_5k	graph_4173.gr
graph_11.gr	randomD_5k	graph_3794.gr
graph_12.gr	randomD_5k	graph_671.gr
graph_13.gr	randomD_5k	graph_1751.gr
graph_14.gr	randomD_5k	graph_3885.gr
graph_15.gr	randomD_5k	graph_4389.gr
graph_16.gr	randomD_5k	graph_2488.gr
graph_17.gr	randomD_5k	graph_3096.gr
graph_18.gr	randomD_5k	graph_1339.gr
graph_19.gr	randomD_5k	graph_2818.gr
graph_20.gr	randomD_5k	graph_4199.gr
graph_21.gr	randomD_5k	graph_1247.gr
graph_22.gr	randomD_5k	graph_4677.gr
graph_23.gr	randomD_5k	graph_1542.gr
graph_24.gr	randomD_5k	graph_4419.gr
graph_25.gr	randomD_5k	graph_3607.gr
graph_26.gr	randomD_5k	graph_2026.gr
graph_27.gr	randomD_5k	graph_1540.gr
graph_28.gr	randomD_5k	graph_4122.gr
graph_29.gr	randomD_5k	graph_2257.gr
graph_30.gr	randomD_5k	graph_3082.gr
graph_31.gr	randomD_5k	graph_1677.gr
graph_32.gr	randomD_5k	graph_4872.gr
graph_33.gr	randomD_5k	graph_4071.gr
graph_34.gr	randomD_5k	graph_395.gr
graph_35.gr	randomD_5k	graph_2280.gr
graph_36.gr	randomD_5k	graph_3172.gr
graph_37.gr	randomD_5k	graph_3979.gr
graph_38.gr	randomD_5k	graph_4948.gr
graph_39.gr	randomD_5k	graph_2994.gr
graph_40.gr	randomD_5k	graph_206.gr
graph_41.gr	randomD_5k	graph_482.gr
graph_42.gr	randomD_5k	graph_3422.gr
graph_43.gr	randomD_5k	graph_4983.gr
graph_44.gr	randomD_5k	graph_3268.gr
graph_45.gr	randomD_5k	graph_3061.gr
graph_46.gr	randomD_5k	graph_1848.gr
graph_47.gr	randomD_5k	graph_4774.gr
graph_48.gr	randomD_5k	graph_3002.gr
graph_49.gr	randomD_5k	graph_1248.gr
graph_50.gr	randomD_5k	graph_96.gr
graph_51.gr	randomD_5k	graph_1356.gr
graph_52.gr	randomD_5k	graph_2734.gr
graph_53.gr	randomD_5k	graph_3985.gr
graph_54.gr	randomD_5k	graph_3141.gr
graph_55.gr	randomD_5k	graph_4213.gr
graph_56.gr	randomD_5k	graph_4874.gr
graph_57.gr	randomD_5k	graph_60.gr
graph_58.gr	randomD_5k	graph_1177.gr
graph_59.gr	randomD_5k	graph_4539.gr
graph_60.gr	randomD_5k	graph_4854.gr
graph_61.gr	randomD_5k	graph_4026.gr
graph_62.gr	randomD_5k	graph_4011.gr
graph_63.gr	randomD_5k	graph_2750.gr
graph_64.gr	randomD_5k	graph_2654.gr
graph_65.gr	randomD_5k	graph_4459.gr
graph_66.gr	randomD_5k	graph_4963.gr
graph_67.gr	randomD_5k	graph_3690.gr
graph_68.gr	randomD_5k	graph_4575.gr
graph_69.gr	randomD_5k	graph_4884.gr
graph_70.gr	randomD_5k	graph_3187.gr
graph_71.gr	randomD_5k	graph_4712.gr
graph_72.gr	randomD_5k	graph_946.gr
graph_73.gr	randomD_5k	graph_1233.gr
graph_74.gr	randomD_5k	graph_887.gr
graph_75.gr	randomD_5k	graph_50.gr
graph_76.gr	randomD_5k	graph_2864.gr
graph_77.gr	randomD_5k	graph_1707.gr
graph_78.gr	randomD_5k	graph_4790.gr
graph_79.gr	randomD_5k	graph_3818.gr
graph_80.gr	randomD_5k	graph_2489.gr
graph_81.gr	randomD_5k	graph_4946.gr
graph_82.gr	randomD_5k	graph_4725.gr
graph_83.gr	randomD_5k	graph_2911.gr
graph_84.gr	randomD_5k	graph_3585.gr
graph_85.gr	randomD_5k	graph_944.gr
graph_86.gr	randomD_5k	graph_4200.gr
graph_87.gr	randomD_5k	graph_4603.gr
graph_88.gr	randomD_5k	graph_2588.gr
graph_89.gr	randomD_5k	graph_452.gr
graph_90.gr	randomD_5k	graph_3845.gr
graph_91.gr	randomD_5k	graph_4452.gr
graph_92.gr	randomD_5k	graph_1852.gr
graph_93.gr	randomD_5k	graph_3889.gr
graph_94.gr	randomD_5k	graph_2909.gr
graph_95.gr	randomD_5k	graph_3883.gr
graph_96.gr	randomD_5k	graph_2881.gr
graph_97.gr	randomD_5k	graph_3441.gr
graph_98.gr	randomD_5k	graph_2769.gr
graph_99.gr	randomD_5k	graph_3708.gr
graph_100.gr	randomD_5k	graph_2470.gr
graph_101.gr	randomD_5k	graph_3587.gr
graph_102.gr	randomD_5k	graph_4748.gr
graph_103.gr	randomD_5k	graph_2716.gr
graph_104.gr	randomD_5k	graph_554.gr
graph_105.gr	randomD_5k	graph_2197.gr
graph_106.gr	randomD_5k	graph_2461.gr
graph_107.gr	randomD_5k	graph_4832.gr
graph_108.gr	randomD_5k	graph_4336.gr
graph_109.gr	randomD_5k	graph_1935.gr
graph_110.gr	randomD_5k	graph_2661.gr
graph_111.gr	randomD_5k	graph_3704.gr
graph_112.gr	randomD_5k	graph_3902.gr
graph_113.gr	randomD_5k	graph_858.gr
graph_114.gr	randomD_5k	graph_3947.gr
graph_115.gr	randomD_5k	graph_2886.gr
graph_116.gr	randomD_5k	graph_1529.gr
graph_117.gr	randomD_5k	graph_4482.gr
graph_118.gr	randomD_5k	graph_3981.gr
graph_119.gr	randomD_5k	graph_3273.gr
graph_120.gr	randomD_5k	graph_2757.gr
graph_121.gr	randomD_5k	graph_128.gr
graph_122.gr	randomD_5k	graph_4760.gr
graph_123.gr	randomD_5k	graph_2816.gr
graph_124.gr	randomD_5k	graph_4345.gr
graph_125.gr	randomD_5k	graph_2416.gr
graph_126.gr	randomD_5k	graph_2814.gr
graph_127.gr	randomD_5k	graph_3932.gr
graph_128.gr	randomD_5k	graph_2151.gr
graph_129.gr	randomD_5k	graph_339.gr
graph_130.gr	randomD_5k	graph_4997.gr
graph_131.gr	randomD_5k	graph_820.gr
graph_132.gr	randomD_5k	graph_4734.gr
graph_133.gr	randomD_5k	graph_4391.gr
graph_134.gr	randomD_5k	graph_3656.gr
graph_135.gr	randomD_5k	graph_4668.gr
graph_136.gr	randomD_5k	graph_4850.gr
graph_137.gr	randomD_5k	graph_2379.gr
graph_138.gr	randomD_5k	graph_3302.gr
graph_139.gr	randomD_5k	graph_2195.gr
graph_140.gr	randomD_5k	graph_3171.gr
graph_141.gr	randomD_5k	graph_2063.gr
graph_142.gr	randomD_5k	graph_1663.gr
graph_143.gr	randomD_5k	graph_4509.gr
graph_144.gr	randomD_5k	graph_2258.gr
graph_145.gr	randomD_5k	graph_3468.gr
graph_146.gr	randomD_5k	graph_712.gr
graph_147.gr	randomD_5k	graph_2681.gr
graph_148.gr	randomD_5k	graph_4762.gr
graph_149.gr	randomD_5k	graph_220.gr
graph_150.gr	randomD_5k	graph_1824.gr
graph_151.gr	randomD_5k	graph_4909.gr
graph_152.gr	randomD_5k	graph_859.gr
graph_153.gr	randomD_5k	graph_907.gr
graph_154.gr	randomD_5k	graph_714.gr
graph_155.gr	randomD_5k	graph_1325.gr
graph_156.gr	randomD_5k	graph_2548.gr
graph_157.gr	randomD_5k	graph_972.gr
graph_158.gr	randomD_5k	graph_4216.gr
graph_159.gr	randomD_5k	graph_2222.gr
graph_160.gr	randomD_5k	graph_162.gr
graph_161.gr	randomD_5k	graph_2196.gr
graph_162.gr	randomD_5k	graph_1204.gr
graph_163.gr	randomD_5k	graph_2831.gr
graph_164.gr	randomD_5k	graph_4670.gr
graph_165.gr	randomD_5k	graph_1952.gr
graph_166.gr	randomD_5k	graph_4444.gr
graph_167.gr	randomD_5k	graph_2373.gr
graph_168.gr	randomD_5k	graph_4553.gr
graph_169.gr	randomD_5k	graph_3911.gr
graph_170.gr	randomD_5k	graph_477.gr
graph_171.gr	randomD_5k	graph_973.gr
graph_172.gr	randomD_5k	graph_4034.gr
graph_173.gr	randomD_5k	graph_2016.gr
graph_174.gr	randomD_5k	graph_486.gr
graph_175.gr	randomD_5k	graph_3581.gr
graph_176.gr	randomD_5k	graph_4242.gr
graph_177.gr	randomD_5k	graph_4637.gr
graph_178.gr	randomD_5k	graph_1355.gr
graph_179.gr	randomD_5k	graph_785.gr
graph_180.gr	randomD_5k	graph_1037.gr
graph_181.gr	randomD_5k	graph_2986.gr
graph_182.gr	randomD_5k	graph_4827.gr
graph_183.gr	randomD_5k	graph_3971.gr
graph_184.gr	randomD_5k	graph_256.gr
graph_185.gr	randomD_5k	graph_4681.gr
graph_186.gr	randomD_5k	graph_2046.gr
graph_187.gr	randomD_5k	graph_1832.gr
graph_188.gr	randomD_5k	graph_781.gr
graph_189.gr	randomD_5k	graph_4686.gr
graph_190.gr	randomD_5k	graph_1721.gr
graph_191.gr	randomD_5k	graph_4787.gr
graph_192.gr	randomD_5k	graph_1245.gr
graph_193.gr	randomD_5k	graph_3667.gr
graph_194.gr	randomD_5k	graph_145.gr
graph_195.gr	randomD_5k	graph_3888.gr
graph_196.gr	randomD_5k	graph_4341.gr
graph_197.gr	randomD_5k	graph_3099.gr
graph_198.gr	randomD_5k	graph_2768.gr
graph_199.gr	randomD_5k	graph_4819.gr
graph_200.gr	randomD_5k	graph_3413.gr
graph_201.gr	randomD_5k	graph_618.gr
graph_202.gr	randomD_5k	graph_4257.gr
graph_203.gr	randomD_5k	graph_535.gr
graph_204.gr	randomD_5k	graph_40.gr
graph_205.gr	randomD_5k	graph_1735.gr
graph_206.gr	randomD_5k	graph_4061.gr
graph_207.gr	randomD_5k	graph_1431.gr
graph_208.gr	randomD_5k	graph_401.gr
graph_209.gr	randomD_5k	graph_3489.gr
graph_210.gr	randomD_5k	graph_1176.gr
graph_211.gr	randomD_5k	graph_2563.gr
graph_212.gr	randomD_5k	graph_1063.gr
graph_213.gr	randomD_5k	graph_2595.gr
graph_214.gr	randomD_5k	graph_2012.gr
graph_215.gr	randomD_5k	graph_4400.gr
graph_216.gr	randomD_5k	graph_1633.gr
graph_217.gr	randomD_5k	graph_3280.gr
graph_218.gr	randomD_5k	graph_4469.gr
graph_219.gr	randomD_5k	graph_4159.gr
graph_220.gr	randomD_5k	graph_1365.gr
graph_221.gr	randomD_5k	graph_2266.gr
graph_222.gr	randomD_5k	graph_2629.gr
graph_223.gr	randomD_5k	graph_3662.gr
graph_224.gr	randomD_5k	graph_4369.gr
graph_225.gr	randomD_5k	graph_3687.gr
graph_226.gr	randomD_5k	graph_3176.gr
graph_227.gr	randomD_5k	graph_1024.gr
graph_228.gr	randomD_5k	graph_2718.gr
graph_229.gr	randomD_5k	graph_247.gr
graph_230.gr	randomD_5k	graph_4602.gr
graph_231.gr	randomD_5k	graph_2170.gr
graph_232.gr	randomD_5k	graph_4526.gr
graph_233.gr	randomD_5k	graph_2788.gr
graph_234.gr	randomD_5k	graph_4143.gr
graph_235.gr	randomD_5k	graph_3056.gr
graph_236.gr	randomD_5k	graph_2843.gr
graph_237.gr	randomD_5k	graph_724.gr
graph_238.gr	randomD_5k	graph_3912.gr
graph_239.gr	randomD_5k	graph_4247.gr
graph_240.gr	randomD_5k	graph_2781.gr
graph_241.gr	randomD_5k	graph_3227.gr
graph_242.gr	randomD_5k	graph_2543.gr
graph_243.gr	randomD_5k	graph_542.gr
graph_244.gr	randomD_5k	graph_4088.gr
graph_245.gr	randomD_5k	graph_4324.gr
graph_246.gr	randomD_5k	graph_4838.gr
graph_247.gr	randomD_5k	graph_2058.gr
graph_248.gr	randomD_5k	graph_4920.gr
graph_249.gr	randomD_5k	graph_3191.gr
graph_250.gr	randomD_5k	graph_684.gr
graph_251.gr	randomD_5k	graph_4040.gr
graph_252.gr	randomD_5k	graph_1225.gr
graph_253.gr	randomD_5k	graph_4372.gr
graph_254.gr	randomD_5k	graph_4773.gr
graph_255.gr	randomD_5k	graph_79.gr
graph_256.gr	randomD_5k	graph_2934.gr
graph_257.gr	randomD_5k	graph_4875.gr
graph_258.gr	randomD_5k	graph_605.gr
graph_259.gr	randomD_5k	graph_4439.gr
graph_260.gr	randomD_5k	graph_97.gr
graph_261.gr	randomD_5k	graph_3058.gr
graph_262.gr	randomD_5k	graph_1765.gr
graph_263.gr	randomD_5k	graph_2891.gr
graph_264.gr	randomD_5k	graph_4512.gr
graph_265.gr	randomD_5k	graph_2210.gr
graph_266.gr	randomD_5k	graph_3525.gr
graph_267.gr	randomD_5k	graph_4467.gr
graph_268.gr	randomD_5k	graph_1130.gr
graph_269.gr	randomD_5k	graph_1732.gr
graph_270.gr	randomD_5k	graph_4501.gr
graph_271.gr	randomD_5k	graph_2114.gr
graph_272.gr	randomD_5k	graph_2005.gr
graph_273.gr	randomD_5k	graph_2634.gr
graph_274.gr	randomD_5k	graph_510.gr
graph_275.gr	randomD_5k	graph_3854.gr
graph_276.gr	randomD_5k	graph_2431.gr
graph_277.gr	randomD_5k	graph_3850.gr
graph_278.gr	randomD_5k	graph_3769.gr
graph_279.gr	randomD_5k	graph_348.gr
graph_280.gr	randomD_5k	graph_290.gr
graph_281.gr	randomD_5k	graph_2028.gr
graph_282.gr	randomD_5k	graph_3057.gr
graph_283.gr	randomD_5k	graph_1941.gr
graph_284.gr	randomD_5k	graph_241.gr
graph_285.gr	randomD_5k	graph_1589.gr
graph_286.gr	randomD_5k	graph_3910.gr
graph_287.gr	randomD_5k	graph_1395.gr
graph_288.gr	randomD_5k	graph_2409.gr
graph_289.gr	randomD_5k	graph_1905.gr
graph_290.gr	randomD_5k	graph_143.gr
graph_291.gr	randomD_5k	graph_2784.gr
graph_292.gr	randomD_5k	graph_1645.gr
graph_293.gr	randomD_5k	graph_4794.gr
graph_294.gr	randomD_5k	graph_3601.gr
graph_295.gr	randomD_5k	graph_3465.gr
graph_296.gr	randomD_5k	graph_3653.gr
graph_297.gr	randomD_5k	graph_4578.gr
graph_298.gr	randomD_5k	graph_4326.gr
graph_299.gr	randomD_5k	graph_1534.gr
graph_300.gr	randomD_5k	graph_1899.gr
graph_301.gr	randomD_5k	graph_525.gr
graph_302.gr	randomD_5k	graph_1739.gr
graph_303.gr	randomD_5k	graph_4175.gr
graph_304.gr	randomD_5k	graph_4652.gr
graph_305.gr	randomD_5k	graph_426.gr
graph_306.gr	randomD_5k	graph_1948.gr
graph_307.gr	randomD_5k	graph_1637.gr
graph_308.gr	randomD_5k	graph_3233.gr
graph_309.gr	randomD_5k	graph_2574.gr
graph_310.gr	randomD_5k	graph_2853.gr
graph_311.gr	randomD_5k	graph_1316.gr
graph_312.gr	randomD_5k	graph_1604.gr
graph_313.gr	randomD_5k	graph_4094.gr
graph_314.gr	randomD_5k	graph_1631.gr
graph_315.gr	randomD_5k	graph_3701.gr
graph_316.gr	randomD_5k	graph_2315.gr
graph_317.gr	randomD_5k	graph_3763.gr
graph_318.gr	randomD_5k	graph_1077.gr
graph_319.gr	randomD_5k	graph_2043.gr
graph_320.gr	randomD_5k	graph_374.gr
graph_321.gr	randomD_5k	graph_3253.gr
graph_322.gr	randomD_5k	graph_2530.gr
graph_323.gr	randomD_5k	graph_3617.gr
graph_324.gr	randomD_5k	graph_1180.gr
graph_325.gr	randomD_5k	graph_3536.gr
graph_326.gr	randomD_5k	graph_3683.gr
graph_327.gr	randomD_5k	graph_271.gr
graph_328.gr	randomD_5k	graph_1695.gr
graph_329.gr	randomD_5k	graph_3965.gr
graph_330.gr	randomD_5k	graph_3488.gr
graph_331.gr	randomD_5k	graph_2365.gr
graph_332.gr	randomD_5k	graph_130.gr
graph_333.gr	randomD_5k	graph_818.gr
graph_334.gr	randomD_5k	graph_3042.gr
graph_335.gr	randomD_5k	graph_4738.gr
graph_336.gr	randomD_5k	graph_871.gr
graph_337.gr	randomD_5k	graph_4263.gr
graph_338.gr	randomD_5k	graph_330.gr
graph_339.gr	randomD_5k	graph_4279.gr
graph_340.gr	randomD_5k	graph_287.gr
graph_341.gr	randomD_5k	graph_637.gr
graph_342.gr	randomD_5k	graph_1554.gr
graph_343.gr	randomD_5k	graph_3969.gr
graph_344.gr	randomD_5k	graph_285.gr
graph_345.gr	randomD_5k	graph_4589.gr
graph_346.gr	randomD_5k	graph_3330.gr
graph_347.gr	randomD_5k	graph_1873.gr
graph_348.gr	randomD_5k	graph_4398.gr
graph_349.gr	randomD_5k	graph_1059.gr
graph_350.gr	randomD_5k	graph_1179.gr
graph_351.gr	randomD_5k	graph_3738.gr
graph_352.gr	randomD_5k	graph_4368.gr
graph_353.gr	randomD_5k	graph_3795.gr
graph_354.gr	randomD_5k	graph_3549.gr
graph_355.gr	randomD_5k	graph_2384.gr
graph_356.gr	randomD_5k	graph_4422.gr
graph_357.gr	randomD_5k	graph_4820.gr
graph_358.gr	randomD_5k	graph_4868.gr
graph_359.gr	randomD_5k	graph_2658.gr
graph_360.gr	randomD_5k	graph_2329.gr
graph_361.gr	randomD_5k	graph_203.gr
graph_362.gr	randomD_5k	graph_2617.gr
graph_363.gr	randomD_5k	graph_443.gr
graph_364.gr	randomD_5k	graph_3561.gr
graph_365.gr	randomD_5k	graph_1174.gr
graph_366.gr	randomD_5k	graph_1982.gr
graph_367.gr	randomD_5k	graph_4093.gr
graph_368.gr	randomD_5k	graph_2065.gr
graph_369.gr	randomD_5k	graph_1068.gr
graph_370.gr	randomD_5k	graph_1182.gr
graph_371.gr	randomD_5k	graph_2100.gr
graph_372.gr	randomD_5k	graph_4437.gr
graph_373.gr	randomD_5k	graph_3095.gr
graph_374.gr	randomD_5k	graph_1443.gr
graph_375.gr	randomD_5k	graph_2405.gr
graph_376.gr	randomD_5k	graph_1971.gr
graph_377.gr	randomD_5k	graph_1496.gr
graph_378.gr	randomD_5k	graph_3786.gr
graph_379.gr	randomD_5k	graph_4888.gr
graph_380.gr	randomD_5k	graph_4869.gr
graph_381.gr	randomD_5k	graph_3114.gr
graph_382.gr	randomD_5k	graph_608.gr
graph_383.gr	randomD_5k	graph_960.gr
graph_384.gr	randomD_5k	graph_1535.gr
graph_385.gr	randomD_5k	graph_3748.gr
graph_386.gr	randomD_5k	graph_2945.gr
graph_387.gr	randomD_5k	graph_2442.gr
graph_388.gr	randomD_5k	graph_2744.gr
graph_389.gr	randomD_5k	graph_2803.gr
graph_390.gr	randomD_5k	graph_3009.gr
graph_391.gr	randomD_5k	graph_4350.gr
graph_392.gr	randomD_5k	graph_1009.gr
graph_393.gr	randomD_5k	graph_1044.gr
graph_394.gr	randomD_5k	graph_4928.gr
graph_395.gr	randomD_5k	graph_3841.gr
graph_396.gr	randomD_5k	graph_3993.gr
graph_397.gr	randomD_5k	graph_4556.gr
graph_398.gr	randomD_5k	graph_197.gr
graph_399.gr	randomD_5k	graph_4866.gr
graph_400.gr	randomD_5k	graph_375.gr
graph_401.gr	randomD_5k	graph_3203.gr
graph_402.gr	randomD_5k	graph_1706.gr
graph_403.gr	randomD_5k	graph_4085.gr
graph_404.gr	randomD_5k	graph_1666.gr
graph_405.gr	randomD_5k	graph_3254.gr
graph_406.gr	randomD_5k	graph_3679.gr
graph_407.gr	randomD_5k	graph_726.gr
graph_408.gr	randomD_5k	graph_4456.gr
graph_409.gr	randomD_5k	graph_4580.gr
graph_410.gr	randomD_5k	graph_1569.gr
graph_411.gr	randomD_5k	graph_3521.gr
graph_412.gr	randomD_5k	graph_3070.gr
graph_413.gr	randomD_5k	graph_733.gr
graph_414.gr	randomD_5k	graph_4208.gr
graph_415.gr	randomD_5k	graph_3183.gr
graph_416.gr	randomD_5k	graph_4981.gr
graph_417.gr	randomD_5k	graph_2550.gr
graph_418.gr	randomD_5k	graph_2704.gr
graph_419.gr	randomD_5k	graph_2079.gr
graph_420.gr	randomD_5k	graph_493.gr
graph_421.gr	randomD_5k	graph_861.gr
graph_422.gr	randomD_5k	graph_4424.gr
graph_423.gr	randomD_5k	graph_4488.gr
graph_424.gr	randomD_5k	graph_3624.gr
graph_425.gr	randomD_5k	graph_4700.gr
graph_426.gr	randomD_5k	graph_1816.gr
graph_427.gr	randomD_5k	graph_2845.gr
graph_428.gr	randomD_5k	graph_3961.gr
graph_429.gr	randomD_5k	graph_1124.gr
graph_430.gr	randomD_5k	graph_3361.gr
graph_431.gr	randomD_5k	graph_1154.gr
graph_432.gr	randomD_5k	graph_4370.gr
graph_433.gr	randomD_5k	graph_2396.gr
graph_434.gr	randomD_5k	graph_4517.gr
graph_435.gr	randomD_5k	graph_306.gr
graph_436.gr	randomD_5k	graph_327.gr
graph_437.gr	randomD_5k	graph_3097.gr
graph_438.gr	randomD_5k	graph_4785.gr
graph_439.gr	randomD_5k	graph_3741.gr
graph_440.gr	randomD_5k	graph_1970.gr
graph_441.gr	randomD_5k	graph_2149.gr
graph_442.gr	randomD_5k	graph_4770.gr
graph_443.gr	randomD_5k	graph_1221.gr
graph_444.gr	randomD_5k	graph_3747.gr
graph_445.gr	randomD_5k	graph_1858.gr
graph_446.gr	randomD_5k	graph_1716.gr
graph_447.gr	randomD_5k	graph_2775.gr
graph_448.gr	randomD_5k	graph_1388.gr
graph_449.gr	randomD_5k	graph_51.gr
graph_450.gr	randomD_5k	graph_2977.gr
graph_451.gr	randomD_5k	graph_2339.gr
graph_452.gr	randomD_5k	graph_1475.gr
graph_453.gr	randomD_5k	graph_1746.gr
graph_454.gr	randomD_5k	graph_1780.gr
graph_455.gr	randomD_5k	graph_13.gr
graph_456.gr	randomD_5k	graph_4442.gr
graph_457.gr	randomD_5k	graph_4614.gr
graph_458.gr	randomD_5k	graph_3006.gr
graph_459.gr	randomD_5k	graph_1134.gr
graph_460.gr	randomD_5k	graph_274.gr
graph_461.gr	randomD_5k	graph_430.gr
graph_462.gr	randomD_5k	graph_3988.gr
graph_463.gr	randomD_5k	graph_3608.gr
graph_464.gr	randomD_5k	graph_773.gr
graph_465.gr	randomD_5k	graph_229.gr
graph_466.gr	randomD_5k	graph_659.gr
graph_467.gr	randomD_5k	graph_3671.gr
graph_468.gr	randomD_5k	graph_4269.gr
graph_469.gr	randomD_5k	graph_3334.gr
graph_470.gr	randomD_5k	graph_3812.gr
graph_471.gr	randomD_5k	graph_1113.gr
graph_472.gr	randomD_5k	graph_2650.gr
graph_473.gr	randomD_5k	graph_2481.gr
graph_474.gr	randomD_5k	graph_45.gr
graph_475.gr	randomD_5k	graph_4536.gr
graph_476.gr	randomD_5k	graph_1679.gr
graph_477.gr	randomD_5k	graph_537.gr
graph_478.gr	randomD_5k	graph_4167.gr
graph_479.gr	randomD_5k	graph_2706.gr
graph_480.gr	randomD_5k	graph_4611.gr
graph_481.gr	randomD_5k	graph_4116.gr
graph_482.gr	randomD_5k	graph_3365.gr
graph_483.gr	randomD_5k	graph_2976.gr
graph_484.gr	randomD_5k	graph_3642.gr
graph_485.gr	randomD_5k	graph_1897.gr
graph_486.gr	randomD_5k	graph_4098.gr
graph_487.gr	randomD_5k	graph_3068.gr
graph_488.gr	randomD_5k	graph_2004.gr
graph_489.gr	randomD_5k	graph_3835.gr
graph_490.gr	randomD_5k	graph_4351.gr
graph_491.gr	randomD_5k	graph_470.gr
graph_492.gr	randomD_5k	graph_258.gr
graph_493.gr	randomD_5k	graph_505.gr
graph_494.gr	randomD_5k	graph_1946.gr
graph_495.gr	randomD_5k	graph_4055.gr
graph_496.gr	randomD_5k	graph_4038.gr
graph_497.gr	randomD_5k	graph_2678.gr
graph_498.gr	randomD_5k	graph_278.gr
graph_499.gr	randomD_5k	graph_4807.gr
graph_500.gr	randomD_5k	graph_883.gr
graph_501.gr	randomD_5k	graph_1986.gr
graph_502.gr	randomD_5k	graph_688.gr
graph_503.gr	randomD_5k	graph_2688.gr
graph_504.gr	randomD_5k	graph_4223.gr
graph_505.gr	randomD_5k	graph_1782.gr
graph_506.gr	randomD_5k	graph_2386.gr
graph_507.gr	randomD_5k	graph_1083.gr
graph_508.gr	randomD_5k	graph_440.gr
graph_509.gr	randomD_5k	graph_1075.gr
graph_510.gr	randomD_5k	graph_2072.gr
graph_511.gr	randomD_5k	graph_4852.gr
graph_512.gr	randomD_5k	graph_3240.gr
graph_513.gr	randomD_5k	graph_4941.gr
graph_514.gr	randomD_5k	graph_1862.gr
graph_515.gr	randomD_5k	graph_4436.gr
graph_516.gr	randomD_5k	graph_1477.gr
graph_517.gr	randomD_5k	graph_3204.gr
graph_518.gr	randomD_5k	graph_298.gr
graph_519.gr	randomD_5k	graph_365.gr
graph_520.gr	randomD_5k	graph_4890.gr
graph_521.gr	randomD_5k	graph_343.gr
graph_522.gr	randomD_5k	graph_1825.gr
graph_523.gr	randomD_5k	graph_3481.gr
graph_524.gr	randomD_5k	graph_461.gr
graph_525.gr	randomD_5k	graph_2707.gr
graph_526.gr	randomD_5k	graph_1115.gr
graph_527.gr	randomD_5k	graph_106.gr
graph_528.gr	randomD_5k	graph_966.gr
graph_529.gr	randomD_5k	graph_3909.gr
graph_530.gr	randomD_5k	graph_3934.gr
graph_531.gr	randomD_5k	graph_1155.gr
graph_532.gr	randomD_5k	graph_3505.gr
graph_533.gr	randomD_5k	graph_4970.gr
graph_534.gr	randomD_5k	graph_2287.gr
graph_535.gr	randomD_5k	graph_920.gr
graph_536.gr	randomD_5k	graph_3958.gr
graph_537.gr	randomD_5k	graph_1563.gr
graph_538.gr	randomD_5k	graph_4847.gr
graph_539.gr	randomD_5k	graph_645.gr
graph_540.gr	randomD_5k	graph_1034.gr
graph_541.gr	randomD_5k	graph_1214.gr
graph_542.gr	randomD_5k	graph_4627.gr
graph_543.gr	randomD_5k	graph_2533.gr
graph_544.gr	randomD_5k	graph_1774.gr
graph_545.gr	randomD_5k	graph_4287.gr
graph_546.gr	randomD_5k	graph_4746.gr
graph_547.gr	randomD_5k	graph_2245.gr
graph_548.gr	randomD_5k	graph_866.gr
graph_549.gr	randomD_5k	graph_281.gr
graph_550.gr	randomD_5k	graph_1376.gr
graph_551.gr	randomD_5k	graph_4896.gr
graph_552.gr	randomD_5k	graph_839.gr
graph_553.gr	randomD_5k	graph_4581.gr
graph_554.gr	randomD_5k	graph_1417.gr
graph_555.gr	randomD_5k	graph_2982.gr
graph_556.gr	randomD_5k	graph_1211.gr
graph_557.gr	randomD_5k	graph_3891.gr
graph_558.gr	randomD_5k	graph_1223.gr
graph_559.gr	randomD_5k	graph_819.gr
graph_560.gr	randomD_5k	graph_2642.gr
graph_561.gr	randomD_5k	graph_2585.gr
graph_562.gr	randomD_5k	graph_4174.gr
graph_563.gr	randomD_5k	graph_1249.gr
graph_564.gr	randomD_5k	graph_1788.gr
graph_565.gr	randomD_5k	graph_860.gr
graph_566.gr	randomD_5k	graph_2033.gr
graph_567.gr	randomD_5k	graph_2040.gr
graph_568.gr	randomD_5k	graph_3819.gr
graph_569.gr	randomD_5k	graph_2573.gr
graph_570.gr	randomD_5k	graph_2495.gr
graph_571.gr	randomD_5k	graph_1011.gr
graph_572.gr	randomD_5k	graph_3310.gr
graph_573.gr	randomD_5k	graph_2336.gr
graph_574.gr	randomD_5k	graph_1168.gr
graph_575.gr	randomD_5k	graph_83.gr
graph_576.gr	randomD_5k	graph_4873.gr
graph_577.gr	randomD_5k	graph_3892.gr
graph_578.gr	randomD_5k	graph_1453.gr
graph_579.gr	randomD_5k	graph_4121.gr
graph_580.gr	randomD_5k	graph_3282.gr
graph_581.gr	randomD_5k	graph_3998.gr
graph_582.gr	randomD_5k	graph_3526.gr
graph_583.gr	randomD_5k	graph_3670.gr
graph_584.gr	randomD_5k	graph_4251.gr
graph_585.gr	randomD_5k	graph_2551.gr
graph_586.gr	randomD_5k	graph_558.gr
graph_587.gr	randomD_5k	graph_751.gr
graph_588.gr	randomD_5k	graph_3894.gr
graph_589.gr	randomD_5k	graph_783.gr
graph_590.gr	randomD_5k	graph_61.gr
graph_591.gr	randomD_5k	graph_2300.gr
graph_592.gr	randomD_5k	graph_3346.gr
graph_593.gr	randomD_5k	graph_4795.gr
graph_594.gr	randomD_5k	graph_1463.gr
graph_595.gr	randomD_5k	graph_3392.gr
graph_596.gr	randomD_5k	graph_4566.gr
graph_597.gr	randomD_5k	graph_4671.gr
graph_598.gr	randomD_5k	graph_4524.gr
graph_599.gr	randomD_5k	graph_1758.gr
graph_600.gr	randomD_5k	graph_2297.gr
graph_601.gr	randomD_5k	graph_1372.gr
graph_602.gr	randomD_5k	graph_4306.gr
graph_603.gr	randomD_5k	graph_1295.gr
graph_604.gr	randomD_5k	graph_102.gr
graph_605.gr	randomD_5k	graph_3053.gr
graph_606.gr	randomD_5k	graph_3700.gr
graph_607.gr	randomD_5k	graph_1465.gr
graph_608.gr	randomD_5k	graph_4752.gr
graph_609.gr	randomD_5k	graph_2896.gr
graph_610.gr	randomD_5k	graph_2817.gr
graph_611.gr	randomD_5k	graph_2614.gr
graph_612.gr	randomD_5k	graph_2773.gr
graph_613.gr	randomD_5k	graph_1592.gr
graph_614.gr	randomD_5k	graph_3044.gr
graph_615.gr	randomD_5k	graph_3722.gr
graph_616.gr	randomD_5k	graph_3020.gr
graph_617.gr	randomD_5k	graph_380.gr
graph_618.gr	randomD_5k	graph_2754.gr
graph_619.gr	randomD_5k	graph_1823.gr
graph_620.gr	randomD_5k	graph_4879.gr
graph_621.gr	randomD_5k	graph_1393.gr
graph_622.gr	randomD_5k	graph_2752.gr
graph_623.gr	randomD_5k	graph_4285.gr
graph_624.gr	randomD_5k	graph_4189.gr
graph_625.gr	randomD_5k	graph_2727.gr
graph_626.gr	randomD_5k	graph_4529.gr
graph_627.gr	randomD_5k	graph_175.gr
graph_628.gr	randomD_5k	graph_4567.gr
graph_629.gr	randomD_5k	graph_48.gr
graph_630.gr	randomD_5k	graph_2841.gr
graph_631.gr	randomD_5k	graph_2108.gr
graph_632.gr	randomD_5k	graph_1398.gr
graph_633.gr	randomD_5k	graph_630.gr
graph_634.gr	randomD_5k	graph_967.gr
graph_635.gr	randomD_5k	graph_2873.gr
graph_636.gr	randomD_5k	graph_1390.gr
graph_637.gr	randomD_5k	graph_4569.gr
graph_638.gr	randomD_5k	graph_4653.gr
graph_639.gr	randomD_5k	graph_4356.gr
graph_640.gr	randomD_5k	graph_693.gr
graph_641.gr	randomD_5k	graph_923.gr
graph_642.gr	randomD_5k	graph_2081.gr
graph_643.gr	randomD_5k	graph_2600.gr
graph_644.gr	randomD_5k	graph_1690.gr
graph_645.gr	randomD_5k	graph_1993.gr
graph_646.gr	randomD_5k	graph_611.gr
graph_647.gr	randomD_5k	graph_152.gr
graph_648.gr	randomD_5k	graph_1275.gr
graph_649.gr	randomD_5k	graph_513.gr
graph_650.gr	randomD_5k	graph_2967.gr
graph_651.gr	randomD_5k	graph_3396.gr
graph_652.gr	randomD_5k	graph_1944.gr
graph_653.gr	randomD_5k	graph_472.gr
graph_654.gr	randomD_5k	graph_2778.gr
graph_655.gr	randomD_5k	graph_4813.gr
graph_656.gr	randomD_5k	graph_2334.gr
graph_657.gr	randomD_5k	graph_2174.gr
graph_658.gr	randomD_5k	graph_1060.gr
graph_659.gr	randomD_5k	graph_267.gr
graph_660.gr	randomD_5k	graph_17.gr
graph_661.gr	randomD_5k	graph_4485.gr
graph_662.gr	randomD_5k	graph_3884.gr
graph_663.gr	randomD_5k	graph_599.gr
graph_664.gr	randomD_5k	graph_3234.gr
graph_665.gr	randomD_5k	graph_2034.gr
graph_666.gr	randomD_5k	graph_4385.gr
graph_667.gr	randomD_5k	graph_3360.gr
graph_668.gr	randomD_5k	graph_1818.gr
graph_669.gr	randomD_5k	graph_499.gr
graph_670.gr	randomD_5k	graph_1029.gr
graph_671.gr	randomD_5k	graph_895.gr
graph_672.gr	randomD_5k	graph_4136.gr
graph_673.gr	randomD_5k	graph_2851.gr
graph_674.gr	randomD_5k	graph_2838.gr
graph_675.gr	randomD_5k	graph_777.gr
graph_676.gr	randomD_5k	graph_4870.gr
graph_677.gr	randomD_5k	graph_2929.gr
graph_678.gr	randomD_5k	graph_488.gr
graph_679.gr	randomD_5k	graph_4687.gr
graph_680.gr	randomD_5k	graph_2381.gr
graph_681.gr	randomD_5k	graph_3755.gr
graph_682.gr	randomD_5k	graph_3908.gr
graph_683.gr	randomD_5k	graph_1768.gr
graph_684.gr	randomD_5k	graph_2102.gr
graph_685.gr	randomD_5k	graph_875.gr
graph_686.gr	randomD_5k	graph_4549.gr
graph_687.gr	randomD_5k	graph_4966.gr
graph_688.gr	randomD_5k	graph_3751.gr
graph_689.gr	randomD_5k	graph_2166.gr
graph_690.gr	randomD_5k	graph_2414.gr
graph_691.gr	randomD_5k	graph_917.gr
graph_692.gr	randomD_5k	graph_1857.gr
graph_693.gr	randomD_5k	graph_2249.gr
graph_694.gr	randomD_5k	graph_4149.gr
graph_695.gr	randomD_5k	graph_3306.gr
graph_696.gr	randomD_5k	graph_2928.gr
graph_697.gr	randomD_5k	graph_4399.gr
graph_698.gr	randomD_5k	graph_3476.gr
graph_699.gr	randomD_5k	graph_3821.gr
graph_700.gr	randomD_5k	graph_497.gr
graph_701.gr	randomD_5k	graph_2003.gr
graph_702.gr	randomD_5k	graph_2712.gr
graph_703.gr	randomD_5k	graph_4392.gr
graph_704.gr	randomD_5k	graph_1522.gr
graph_705.gr	randomD_5k	graph_1481.gr
graph_706.gr	randomD_5k	graph_2219.gr
graph_707.gr	randomD_5k	graph_3793.gr
graph_708.gr	randomD_5k	graph_2505.gr
graph_709.gr	randomD_5k	graph_2673.gr
graph_710.gr	randomD_5k	graph_725.gr
graph_711.gr	randomD_5k	graph_2270.gr
graph_712.gr	randomD_5k	graph_2504.gr
graph_713.gr	randomD_5k	graph_1773.gr
graph_714.gr	randomD_5k	graph_3584.gr
graph_715.gr	randomD_5k	graph_4413.gr
graph_716.gr	randomD_5k	graph_3882.gr
graph_717.gr	randomD_5k	graph_703.gr
graph_718.gr	randomD_5k	graph_4277.gr
graph_719.gr	randomD_5k	graph_2059.gr
graph_720.gr	randomD_5k	graph_1455.gr
graph_721.gr	randomD_5k	graph_1841.gr
graph_722.gr	randomD_5k	graph_1646.gr
graph_723.gr	randomD_5k	graph_335.gr
graph_724.gr	randomD_5k	graph_491.gr
graph_725.gr	randomD_5k	graph_7.gr
graph_726.gr	randomD_5k	graph_2279.gr
graph_727.gr	randomD_5k	graph_2959.gr
graph_728.gr	randomD_5k	graph_2876.gr
graph_729.gr	randomD_5k	graph_25.gr
graph_730.gr	randomD_5k	graph_1564.gr
graph_731.gr	randomD_5k	graph_1185.gr
graph_732.gr	randomD_5k	graph_4209.gr
graph_733.gr	randomD_5k	graph_3010.gr
graph_734.gr	randomD_5k	graph_3459.gr
graph_735.gr	randomD_5k	graph_3575.gr
graph_736.gr	randomD_5k	graph_4464.gr
graph_737.gr	randomD_5k	graph_882.gr
graph_738.gr	randomD_5k	graph_133.gr
graph_739.gr	randomD_5k	graph_4706.gr
graph_740.gr	randomD_5k	graph_123.gr
graph_741.gr	randomD_5k	graph_3485.gr
graph_742.gr	randomD_5k	graph_1705.gr
graph_743.gr	randomD_5k	graph_213.gr
graph_744.gr	randomD_5k	graph_874.gr
graph_745.gr	randomD_5k	graph_3133.gr
graph_746.gr	randomD_5k	graph_214.gr
graph_747.gr	randomD_5k	graph_2820.gr
graph_748.gr	randomD_5k	graph_4414.gr
graph_749.gr	randomD_5k	graph_2247.gr
graph_750.gr	randomD_5k	graph_4423.gr
graph_751.gr	randomD_5k	graph_3541.gr
graph_752.gr	randomD_5k	graph_2157.gr
graph_753.gr	randomD_5k	graph_1872.gr
graph_754.gr	randomD_5k	graph_120.gr
graph_755.gr	randomD_5k	graph_1200.gr
graph_756.gr	randomD_5k	graph_4147.gr
graph_757.gr	randomD_5k	graph_3437.gr
graph_758.gr	randomD_5k	graph_2719.gr
graph_759.gr	randomD_5k	graph_1744.gr
graph_760.gr	randomD_5k	graph_263.gr
graph_761.gr	randomD_5k	graph_1171.gr
graph_762.gr	randomD_5k	graph_4359.gr
graph_763.gr	randomD_5k	graph_4765.gr
graph_764.gr	randomD_5k	graph_3005.gr
graph_765.gr	randomD_5k	graph_3673.gr
graph_766.gr	randomD_5k	graph_4806.gr
graph_767.gr	randomD_5k	graph_1440.gr
graph_768.gr	randomD_5k	graph_4327.gr
graph_769.gr	randomD_5k	graph_223.gr
graph_770.gr	randomD_5k	graph_4335.gr
graph_771.gr	randomD_5k	graph_4987.gr
graph_772.gr	randomD_5k	graph_3460.gr
graph_773.gr	randomD_5k	graph_643.gr
graph_774.gr	randomD_5k	graph_2458.gr
graph_775.gr	randomD_5k	graph_1114.gr
graph_776.gr	randomD_5k	graph_739.gr
graph_777.gr	randomD_5k	graph_315.gr
graph_778.gr	randomD_5k	graph_2705.gr
graph_779.gr	randomD_5k	graph_1591.gr
graph_780.gr	randomD_5k	graph_295.gr
graph_781.gr	randomD_5k	graph_732.gr
graph_782.gr	randomD_5k	graph_3377.gr
graph_783.gr	randomD_5k	graph_4674.gr
graph_784.gr	randomD_5k	graph_1781.gr
graph_785.gr	randomD_5k	graph_2826.gr
graph_786.gr	randomD_5k	graph_1943.gr
graph_787.gr	randomD_5k	graph_3491.gr
graph_788.gr	randomD_5k	graph_3780.gr
graph_789.gr	randomD_5k	graph_1776.gr
graph_790.gr	randomD_5k	graph_410.gr
graph_791.gr	randomD_5k	graph_1141.gr
graph_792.gr	randomD_5k	graph_90.gr
graph_793.gr	randomD_5k	graph_1743.gr
graph_794.gr	randomD_5k	graph_3686.gr
graph_795.gr	randomD_5k	graph_323.gr
graph_796.gr	randomD_5k	graph_1750.gr
graph_797.gr	randomD_5k	graph_2278.gr
graph_798.gr	randomD_5k	graph_43.gr
graph_799.gr	randomD_5k	graph_4397.gr
graph_800.gr	randomD_5k	graph_3684.gr
graph_801.gr	randomD_5k	graph_1345.gr
graph_802.gr	randomD_5k	graph_2353.gr
graph_803.gr	randomD_5k	graph_4842.gr
graph_804.gr	randomD_5k	graph_3232.gr
graph_805.gr	randomD_5k	graph_1599.gr
graph_806.gr	randomD_5k	graph_1807.gr
graph_807.gr	randomD_5k	graph_908.gr
graph_808.gr	randomD_5k	graph_332.gr
graph_809.gr	randomD_5k	graph_1684.gr
graph_810.gr	randomD_5k	graph_3565.gr
graph_811.gr	randomD_5k	graph_626.gr
graph_812.gr	randomD_5k	graph_1798.gr
graph_813.gr	randomD_5k	graph_1350.gr
graph_814.gr	randomD_5k	graph_1010.gr
graph_815.gr	randomD_5k	graph_2221.gr
graph_816.gr	randomD_5k	graph_1656.gr
graph_817.gr	randomD_5k	graph_1497.gr
graph_818.gr	randomD_5k	graph_126.gr
graph_819.gr	randomD_5k	graph_993.gr
graph_820.gr	randomD_5k	graph_3896.gr
graph_821.gr	randomD_5k	graph_1139.gr
graph_822.gr	randomD_5k	graph_188.gr
graph_823.gr	randomD_5k	graph_3991.gr
graph_824.gr	randomD_5k	graph_835.gr
graph_825.gr	randomD_5k	graph_2275.gr
graph_826.gr	randomD_5k	graph_3271.gr
graph_827.gr	randomD_5k	graph_1359.gr
graph_828.gr	randomD_5k	graph_3107.gr
graph_829.gr	randomD_5k	graph_1978.gr
graph_830.gr	randomD_5k	graph_2927.gr
graph_831.gr	randomD_5k	graph_4373.gr
graph_832.gr	randomD_5k	graph_1306.gr
graph_833.gr	randomD_5k	graph_1491.gr
graph_834.gr	randomD_5k	graph_272.gr
graph_835.gr	randomD_5k	graph_4931.gr
graph_836.gr	randomD_5k	graph_3305.gr
graph_837.gr	randomD_5k	graph_3954.gr
graph_838.gr	randomD_5k	graph_3011.gr
graph_839.gr	randomD_5k	graph_784.gr
graph_840.gr	randomD_5k	graph_2884.gr
graph_841.gr	randomD_5k	graph_2729.gr
graph_842.gr	randomD_5k	graph_3897.gr
graph_843.gr	randomD_5k	graph_1730.gr
graph_844.gr	randomD_5k	graph_4587.gr
graph_845.gr	randomD_5k	graph_518.gr
graph_846.gr	randomD_5k	graph_3623.gr
graph_847.gr	randomD_5k	graph_2539.gr
graph_848.gr	randomD_5k	graph_4704.gr
graph_849.gr	randomD_5k	graph_397.gr
graph_850.gr	randomD_5k	graph_2657.gr
graph_851.gr	randomD_5k	graph_3122.gr
graph_852.gr	randomD_5k	graph_4248.gr
graph_853.gr	randomD_5k	graph_3999.gr
graph_854.gr	randomD_5k	graph_1335.gr
graph_855.gr	randomD_5k	graph_2187.gr
graph_856.gr	randomD_5k	graph_4926.gr
graph_857.gr	randomD_5k	graph_4492.gr
graph_858.gr	randomD_5k	graph_4816.gr
graph_859.gr	randomD_5k	graph_1132.gr
graph_860.gr	randomD_5k	graph_810.gr
graph_861.gr	randomD_5k	graph_566.gr
graph_862.gr	randomD_5k	graph_4037.gr
graph_863.gr	randomD_5k	graph_1263.gr
graph_864.gr	randomD_5k	graph_1403.gr
graph_865.gr	randomD_5k	graph_4426.gr
graph_866.gr	randomD_5k	graph_396.gr
graph_867.gr	randomD_5k	graph_435.gr
graph_868.gr	randomD_5k	graph_4862.gr
graph_869.gr	randomD_5k	graph_1734.gr
graph_870.gr	randomD_5k	graph_2018.gr
graph_871.gr	randomD_5k	graph_2113.gr
graph_872.gr	randomD_5k	graph_2900.gr
graph_873.gr	randomD_5k	graph_4601.gr
graph_874.gr	randomD_5k	graph_3602.gr
graph_875.gr	randomD_5k	graph_564.gr
graph_876.gr	randomD_5k	graph_4766.gr
graph_877.gr	randomD_5k	graph_4090.gr
graph_878.gr	randomD_5k	graph_4146.gr
graph_879.gr	randomD_5k	graph_3508.gr
graph_880.gr	randomD_5k	graph_1567.gr
graph_881.gr	randomD_5k	graph_4716.gr
graph_882.gr	randomD_5k	graph_4527.gr
graph_883.gr	randomD_5k	graph_2014.gr
graph_884.gr	randomD_5k	graph_3654.gr
graph_885.gr	randomD_5k	graph_3539.gr
graph_886.gr	randomD_5k	graph_4856.gr
graph_887.gr	randomD_5k	graph_216.gr
graph_888.gr	randomD_5k	graph_27.gr
graph_889.gr	randomD_5k	graph_3699.gr
graph_890.gr	randomD_5k	graph_494.gr
graph_891.gr	randomD_5k	graph_3512.gr
graph_892.gr	randomD_5k	graph_218.gr
graph_893.gr	randomD_5k	graph_1932.gr
graph_894.gr	randomD_5k	graph_161.gr
graph_895.gr	randomD_5k	graph_1287.gr
graph_896.gr	randomD_5k	graph_4474.gr
graph_897.gr	randomD_5k	graph_3085.gr
graph_898.gr	randomD_5k	graph_3427.gr
graph_899.gr	randomD_5k	graph_531.gr
graph_900.gr	randomD_5k	graph_1084.gr
graph_901.gr	randomD_5k	graph_351.gr
graph_902.gr	randomD_5k	graph_1954.gr
graph_903.gr	randomD_5k	graph_3743.gr
graph_904.gr	randomD_5k	graph_3416.gr
graph_905.gr	randomD_5k	graph_609.gr
graph_906.gr	randomD_5k	graph_2066.gr
graph_907.gr	randomD_5k	graph_3150.gr
graph_908.gr	randomD_5k	graph_3018.gr
graph_909.gr	randomD_5k	graph_2255.gr
graph_910.gr	randomD_5k	graph_4284.gr
graph_911.gr	randomD_5k	graph_2345.gr
graph_912.gr	randomD_5k	graph_4974.gr
graph_913.gr	randomD_5k	graph_3403.gr
graph_914.gr	randomD_5k	graph_4234.gr
graph_915.gr	randomD_5k	graph_202.gr
graph_916.gr	randomD_5k	graph_2111.gr
graph_917.gr	randomD_5k	graph_1266.gr
graph_918.gr	randomD_5k	graph_4672.gr
graph_919.gr	randomD_5k	graph_3298.gr
graph_920.gr	randomD_5k	graph_2565.gr
graph_921.gr	randomD_5k	graph_1797.gr
graph_922.gr	randomD_5k	graph_4402.gr
graph_923.gr	randomD_5k	graph_904.gr
graph_924.gr	randomD_5k	graph_2306.gr
graph_925.gr	randomD_5k	graph_897.gr
graph_926.gr	randomD_5k	graph_743.gr
graph_927.gr	randomD_5k	graph_99.gr
graph_928.gr	randomD_5k	graph_1091.gr
graph_929.gr	randomD_5k	graph_1343.gr
graph_930.gr	randomD_5k	graph_3665.gr
graph_931.gr	randomD_5k	graph_1187.gr
graph_932.gr	randomD_5k	graph_474.gr
graph_933.gr	randomD_5k	graph_4855.gr
graph_934.gr	randomD_5k	graph_3944.gr
graph_935.gr	randomD_5k	graph_2110.gr
graph_936.gr	randomD_5k	graph_1939.gr
graph_937.gr	randomD_5k	graph_2561.gr
graph_938.gr	randomD_5k	graph_4365.gr
graph_939.gr	randomD_5k	graph_2564.gr
graph_940.gr	randomD_5k	graph_3570.gr
graph_941.gr	randomD_5k	graph_3466.gr
graph_942.gr	randomD_5k	graph_4631.gr
graph_943.gr	randomD_5k	graph_331.gr
graph_944.gr	randomD_5k	graph_1203.gr
graph_945.gr	randomD_5k	graph_4754.gr
graph_946.gr	randomD_5k	graph_1688.gr
graph_947.gr	randomD_5k	graph_2848.gr
graph_948.gr	randomD_5k	graph_2590.gr
graph_949.gr	randomD_5k	graph_833.gr
graph_950.gr	randomD_5k	graph_844.gr
graph_951.gr	randomD_5k	graph_251.gr
graph_952.gr	randomD_5k	graph_2031.gr
graph_953.gr	randomD_5k	graph_3874.gr
graph_954.gr	randomD_5k	graph_2625.gr
graph_955.gr	randomD_5k	graph_3650.gr
graph_956.gr	randomD_5k	graph_3879.gr
graph_957.gr	randomD_5k	graph_1940.gr
graph_958.gr	randomD_5k	graph_2616.gr
graph_959.gr	randomD_5k	graph_696.gr
graph_960.gr	randomD_5k	graph_390.gr
graph_961.gr	randomD_5k	graph_3800.gr
graph_962.gr	randomD_5k	graph_2399.gr
graph_963.gr	randomD_5k	graph_2487.gr
graph_964.gr	randomD_5k	graph_1587.gr
graph_965.gr	randomD_5k	graph_3635.gr
graph_966.gr	randomD_5k	graph_1033.gr
graph_967.gr	randomD_5k	graph_636.gr
graph_968.gr	randomD_5k	graph_1144.gr
graph_969.gr	randomD_5k	graph_937.gr
graph_970.gr	randomD_5k	graph_2520.gr
graph_971.gr	randomD_5k	graph_2225.gr
graph_972.gr	randomD_5k	graph_3516.gr
graph_973.gr	randomD_5k	graph_1960.gr
graph_974.gr	randomD_5k	graph_2190.gr
graph_975.gr	randomD_5k	graph_4080.gr
graph_976.gr	randomD_5k	graph_2527.gr
graph_977.gr	randomD_5k	graph_4197.gr
graph_978.gr	randomD_5k	graph_2271.gr
graph_979.gr	randomD_5k	graph_3272.gr
graph_980.gr	randomD_5k	graph_663.gr
graph_981.gr	randomD_5k	graph_3288.gr
graph_982.gr	randomD_5k	graph_1261.gr
graph_983.gr	randomD_5k	graph_2549.gr
graph_984.gr	randomD_5k	graph_3148.gr
graph_985.gr	randomD_5k	graph_1385.gr
graph_986.gr	randomD_5k	graph_4117.gr
graph_987.gr	randomD_5k	graph_2518.gr
graph_988.gr	randomD_5k	graph_2586.gr
graph_989.gr	randomD_5k	graph_2637.gr
graph_990.gr	randomD_5k	graph_4296.gr
graph_991.gr	randomD_5k	graph_2338.gr
graph_992.gr	randomD_5k	graph_3455.gr
graph_993.gr	randomD_5k	graph_3651.gr
graph_994.gr	randomD_5k	graph_4979.gr
graph_995.gr	randomD_5k	graph_3843.gr
graph_996.gr	randomD_5k	graph_257.gr
graph_997.gr	randomD_5k	graph_1998.gr
graph_998.gr	randomD_5k	graph_4761.gr
graph_999.gr	randomD_5k	graph_2147.gr
graph_1000.gr	randomD_5k	graph_3270.gr
graph_1001.gr	randomE_5k	graph_1187.gr
graph_1002.gr	randomE_5k	graph_1060.gr
graph_1003.gr	randomE_5k	graph_4293.gr
graph_1004.gr	randomE_5k	graph_1819.gr
graph_1005.gr	randomE_5k	graph_595.gr
graph_1006.gr	randomE_5k	graph_1544.gr
graph_1007.gr	randomE_5k	graph_2763.gr
graph_1008.gr	randomE_5k	graph_4991.gr
graph_1009.gr	randomE_5k	graph_2380.gr
graph_1010.gr	randomE_5k	graph_231.gr
graph_1011.gr	randomE_5k	graph_4146.gr
graph_1012.gr	randomE_5k	graph_1766.gr
graph_1013.gr	randomE_5k	graph_970.gr
graph_1014.gr	randomE_5k	graph_400.gr
graph_1015.gr	randomE_5k	graph_1358.gr
graph_1016.gr	randomE_5k	graph_543.gr
graph_1017.gr	randomE_5k	graph_2427.gr
graph_1018.gr	randomE_5k	graph_2974.gr
graph_1019.gr	randomE_5k	graph_2101.gr
graph_1020.gr	randomE_5k	graph_2814.gr
graph_1021.gr	randomE_5k	graph_3664.gr
graph_1022.gr	randomE_5k	graph_4040.gr
graph_1023.gr	randomE_5k	graph_3526.gr
graph_1024.gr	randomE_5k	graph_4481.gr
graph_1025.gr	randomE_5k	graph_192.gr
graph_1026.gr	randomE_5k	graph_1773.gr
graph_1027.gr	randomE_5k	graph_3333.gr
graph_1028.gr	randomE_5k	graph_313.gr
graph_1029.gr	randomE_5k	graph_1334.gr
graph_1030.gr	randomE_5k	graph_434.gr
graph_1031.gr	randomE_5k	graph_632.gr
graph_1032.gr	randomE_5k	graph_1884.gr
graph_1033.gr	randomE_5k	graph_4362.gr
graph_1034.gr	randomE_5k	graph_3145.gr
graph_1035.gr	randomE_5k	graph_3366.gr
graph_1036.gr	randomE_5k	graph_3074.gr
graph_1037.gr	randomE_5k	graph_606.gr
graph_1038.gr	randomE_5k	graph_3270.gr
graph_1039.gr	randomE_5k	graph_2452.gr
graph_1040.gr	randomE_5k	graph_3403.gr
graph_1041.gr	randomE_5k	graph_1874.gr
graph_1042.gr	randomE_5k	graph_3574.gr
graph_1043.gr	randomE_5k	graph_1013.gr
graph_1044.gr	randomE_5k	graph_1798.gr
graph_1045.gr	randomE_5k	graph_2679.gr
graph_1046.gr	randomE_5k	graph_3131.gr
graph_1047.gr	randomE_5k	graph_2625.gr
graph_1048.gr	randomE_5k	graph_3985.gr
graph_1049.gr	randomE_5k	graph_4955.gr
graph_1050.gr	randomE_5k	graph_895.gr
graph_1051.gr	randomE_5k	graph_2602.gr
graph_1052.gr	randomE_5k	graph_4503.gr
graph_1053.gr	randomE_5k	graph_1349.gr
graph_1054.gr	randomE_5k	graph_3841.gr
graph_1055.gr	randomE_5k	graph_3221.gr
graph_1056.gr	randomE_5k	graph_2496.gr
graph_1057.gr	randomE_5k	graph_4241.gr
graph_1058.gr	randomE_5k	graph_1550.gr
graph_1059.gr	randomE_5k	graph_2970.gr
graph_1060.gr	randomE_5k	graph_3742.gr
graph_1061.gr	randomE_5k	graph_462.gr
graph_1062.gr	randomE_5k	graph_1938.gr
graph_1063.gr	randomE_5k	graph_1061.gr
graph_1064.gr	randomE_5k	graph_4038.gr
graph_1065.gr	randomE_5k	graph_3982.gr
graph_1066.gr	randomE_5k	graph_861.gr
graph_1067.gr	randomE_5k	graph_75.gr
graph_1068.gr	randomE_5k	graph_1387.gr
graph_1069.gr	randomE_5k	graph_2488.gr
graph_1070.gr	randomE_5k	graph_1772.gr
graph_1071.gr	randomE_5k	graph_2129.gr
graph_1072.gr	randomE_5k	graph_1252.gr
graph_1073.gr	randomE_5k	graph_1308.gr
graph_1074.gr	randomE_5k	graph_2555.gr
graph_1075.gr	randomE_5k	graph_4806.gr
graph_1076.gr	randomE_5k	graph_716.gr
graph_1077.gr	randomE_5k	graph_149.gr
graph_1078.gr	randomE_5k	graph_3081.gr
graph_1079.gr	randomE_5k	graph_2879.gr
graph_1080.gr	randomE_5k	graph_1029.gr
graph_1081.gr	randomE_5k	graph_339.gr
graph_1082.gr	randomE_5k	graph_4690.gr
graph_1083.gr	randomE_5k	graph_1619.gr
graph_1084.gr	randomE_5k	graph_1846.gr
graph_1085.gr	randomE_5k	graph_3009.gr
graph_1086.gr	randomE_5k	graph_3390.gr
graph_1087.gr	randomE_5k	graph_2866.gr
graph_1088.gr	randomE_5k	graph_211.gr
graph_1089.gr	randomE_5k	graph_4331.gr
graph_1090.gr	randomE_5k	graph_3655.gr
graph_1091.gr	randomE_5k	graph_4066.gr
graph_1092.gr	randomE_5k	graph_3079.gr
graph_1093.gr	randomE_5k	graph_253.gr
graph_1094.gr	randomE_5k	graph_3112.gr
graph_1095.gr	randomE_5k	graph_4427.gr
graph_1096.gr	randomE_5k	graph_4022.gr
graph_1097.gr	randomE_5k	graph_301.gr
graph_1098.gr	randomE_5k	graph_4017.gr
graph_1099.gr	randomE_5k	graph_2929.gr
graph_1100.gr	randomE_5k	graph_170.gr
graph_1101.gr	randomE_5k	graph_4400.gr
graph_1102.gr	randomE_5k	graph_3482.gr
graph_1103.gr	randomE_5k	graph_376.gr
graph_1104.gr	randomE_5k	graph_201.gr
graph_1105.gr	randomE_5k	graph_1063.gr
graph_1106.gr	randomE_5k	graph_279.gr
graph_1107.gr	randomE_5k	graph_4882.gr
graph_1108.gr	randomE_5k	graph_1266.gr
graph_1109.gr	randomE_5k	graph_1097.gr
graph_1110.gr	randomE_5k	graph_597.gr
graph_1111.gr	randomE_5k	graph_2199.gr
graph_1112.gr	randomE_5k	graph_2872.gr
graph_1113.gr	randomE_5k	graph_499.gr
graph_1114.gr	randomE_5k	graph_1459.gr
graph_1115.gr	randomE_5k	graph_4554.gr
graph_1116.gr	randomE_5k	graph_3729.gr
graph_1117.gr	randomE_5k	graph_698.gr
graph_1118.gr	randomE_5k	graph_901.gr
graph_1119.gr	randomE_5k	graph_1780.gr
graph_1120.gr	randomE_5k	graph_1139.gr
graph_1121.gr	randomE_5k	graph_2672.gr
graph_1122.gr	randomE_5k	graph_3233.gr
graph_1123.gr	randomE_5k	graph_1671.gr
graph_1124.gr	randomE_5k	graph_1333.gr
graph_1125.gr	randomE_5k	graph_4141.gr
graph_1126.gr	randomE_5k	graph_4793.gr
graph_1127.gr	randomE_5k	graph_3746.gr
graph_1128.gr	randomE_5k	graph_3711.gr
graph_1129.gr	randomE_5k	graph_1436.gr
graph_1130.gr	randomE_5k	graph_1660.gr
graph_1131.gr	randomE_5k	graph_2985.gr
graph_1132.gr	randomE_5k	graph_4019.gr
graph_1133.gr	randomE_5k	graph_1161.gr
graph_1134.gr	randomE_5k	graph_679.gr
graph_1135.gr	randomE_5k	graph_485.gr
graph_1136.gr	randomE_5k	graph_3.gr
graph_1137.gr	randomE_5k	graph_721.gr
graph_1138.gr	randomE_5k	graph_3109.gr
graph_1139.gr	randomE_5k	graph_78.gr
graph_1140.gr	randomE_5k	graph_4700.gr
graph_1141.gr	randomE_5k	graph_2267.gr
graph_1142.gr	randomE_5k	graph_4300.gr
graph_1143.gr	randomE_5k	graph_4122.gr
graph_1144.gr	randomE_5k	graph_3340.gr
graph_1145.gr	randomE_5k	graph_4747.gr
graph_1146.gr	randomE_5k	graph_3183.gr
graph_1147.gr	randomE_5k	graph_1591.gr
graph_1148.gr	randomE_5k	graph_80.gr
graph_1149.gr	randomE_5k	graph_4855.gr
graph_1150.gr	randomE_5k	graph_4653.gr
graph_1151.gr	randomE_5k	graph_4568.gr
graph_1152.gr	randomE_5k	graph_3868.gr
graph_1153.gr	randomE_5k	graph_1929.gr
graph_1154.gr	randomE_5k	graph_516.gr
graph_1155.gr	randomE_5k	graph_4580.gr
graph_1156.gr	randomE_5k	graph_4269.gr
graph_1157.gr	randomE_5k	graph_2792.gr
graph_1158.gr	randomE_5k	graph_32.gr
graph_1159.gr	randomE_5k	graph_1291.gr
graph_1160.gr	randomE_5k	graph_1089.gr
graph_1161.gr	randomE_5k	graph_2353.gr
graph_1162.gr	randomE_5k	graph_2095.gr
graph_1163.gr	randomE_5k	graph_2344.gr
graph_1164.gr	randomE_5k	graph_4654.gr
graph_1165.gr	randomE_5k	graph_3409.gr
graph_1166.gr	randomE_5k	graph_3180.gr
graph_1167.gr	randomE_5k	graph_397.gr
graph_1168.gr	randomE_5k	graph_1579.gr
graph_1169.gr	randomE_5k	graph_2576.gr
graph_1170.gr	randomE_5k	graph_2840.gr
graph_1171.gr	randomE_5k	graph_481.gr
graph_1172.gr	randomE_5k	graph_64.gr
graph_1173.gr	randomE_5k	graph_1883.gr
graph_1174.gr	randomE_5k	graph_1952.gr
graph_1175.gr	randomE_5k	graph_2515.gr
graph_1176.gr	randomE_5k	graph_2973.gr
graph_1177.gr	randomE_5k	graph_4232.gr
graph_1178.gr	randomE_5k	graph_4960.gr
graph_1179.gr	randomE_5k	graph_3099.gr
graph_1180.gr	randomE_5k	graph_4933.gr
graph_1181.gr	randomE_5k	graph_1359.gr
graph_1182.gr	randomE_5k	graph_517.gr
graph_1183.gr	randomE_5k	graph_3932.gr
graph_1184.gr	randomE_5k	graph_1150.gr
graph_1185.gr	randomE_5k	graph_2408.gr
graph_1186.gr	randomE_5k	graph_3618.gr
graph_1187.gr	randomE_5k	graph_3359.gr
graph_1188.gr	randomE_5k	graph_2608.gr
graph_1189.gr	randomE_5k	graph_3167.gr
graph_1190.gr	randomE_5k	graph_4771.gr
graph_1191.gr	randomE_5k	graph_620.gr
graph_1192.gr	randomE_5k	graph_2800.gr
graph_1193.gr	randomE_5k	graph_1616.gr
graph_1194.gr	randomE_5k	graph_2287.gr
graph_1195.gr	randomE_5k	graph_1101.gr
graph_1196.gr	randomE_5k	graph_4749.gr
graph_1197.gr	randomE_5k	graph_533.gr
graph_1198.gr	randomE_5k	graph_1209.gr
graph_1199.gr	randomE_5k	graph_3494.gr
graph_1200.gr	randomE_5k	graph_203.gr
graph_1201.gr	randomE_5k	graph_1123.gr
graph_1202.gr	randomE_5k	graph_739.gr
graph_1203.gr	randomE_5k	graph_1363.gr
graph_1204.gr	randomE_5k	graph_1524.gr
graph_1205.gr	randomE_5k	graph_1666.gr
graph_1206.gr	randomE_5k	graph_817.gr
graph_1207.gr	randomE_5k	graph_592.gr
graph_1208.gr	randomE_5k	graph_4113.gr
graph_1209.gr	randomE_5k	graph_3805.gr
graph_1210.gr	randomE_5k	graph_164.gr
graph_1211.gr	randomE_5k	graph_2797.gr
graph_1212.gr	randomE_5k	graph_4976.gr
graph_1213.gr	randomE_5k	graph_2805.gr
graph_1214.gr	randomE_5k	graph_1825.gr
graph_1215.gr	randomE_5k	graph_1573.gr
graph_1216.gr	randomE_5k	graph_2182.gr
graph_1217.gr	randomE_5k	graph_1760.gr
graph_1218.gr	randomE_5k	graph_4869.gr
graph_1219.gr	randomE_5k	graph_3651.gr
graph_1220.gr	randomE_5k	graph_3115.gr
graph_1221.gr	randomE_5k	graph_685.gr
graph_1222.gr	randomE_5k	graph_4405.gr
graph_1223.gr	randomE_5k	graph_295.gr
graph_1224.gr	randomE_5k	graph_2258.gr
graph_1225.gr	randomE_5k	graph_3005.gr
graph_1226.gr	randomE_5k	graph_1853.gr
graph_1227.gr	randomE_5k	graph_1055.gr
graph_1228.gr	randomE_5k	graph_1430.gr
graph_1229.gr	randomE_5k	graph_3975.gr
graph_1230.gr	randomE_5k	graph_4428.gr
graph_1231.gr	randomE_5k	graph_787.gr
graph_1232.gr	randomE_5k	graph_1578.gr
graph_1233.gr	randomE_5k	graph_3632.gr
graph_1234.gr	randomE_5k	graph_571.gr
graph_1235.gr	randomE_5k	graph_1601.gr
graph_1236.gr	randomE_5k	graph_4319.gr
graph_1237.gr	randomE_5k	graph_2429.gr
graph_1238.gr	randomE_5k	graph_1615.gr
graph_1239.gr	randomE_5k	graph_2099.gr
graph_1240.gr	randomE_5k	graph_2571.gr
graph_1241.gr	randomE_5k	graph_2593.gr
graph_1242.gr	randomE_5k	graph_634.gr
graph_1243.gr	randomE_5k	graph_1263.gr
graph_1244.gr	randomE_5k	graph_273.gr
graph_1245.gr	randomE_5k	graph_4672.gr
graph_1246.gr	randomE_5k	graph_1274.gr
graph_1247.gr	randomE_5k	graph_3479.gr
graph_1248.gr	randomE_5k	graph_3822.gr
graph_1249.gr	randomE_5k	graph_3918.gr
graph_1250.gr	randomE_5k	graph_501.gr
graph_1251.gr	randomE_5k	graph_2681.gr
graph_1252.gr	randomE_5k	graph_2352.gr
graph_1253.gr	randomE_5k	graph_1543.gr
graph_1254.gr	randomE_5k	graph_3239.gr
graph_1255.gr	randomE_5k	graph_88.gr
graph_1256.gr	randomE_5k	graph_1670.gr
graph_1257.gr	randomE_5k	graph_2850.gr
graph_1258.gr	randomE_5k	graph_474.gr
graph_1259.gr	randomE_5k	graph_4820.gr
graph_1260.gr	randomE_5k	graph_3309.gr
graph_1261.gr	randomE_5k	graph_3093.gr
graph_1262.gr	randomE_5k	graph_4281.gr
graph_1263.gr	randomE_5k	graph_918.gr
graph_1264.gr	randomE_5k	graph_790.gr
graph_1265.gr	randomE_5k	graph_3772.gr
graph_1266.gr	randomE_5k	graph_401.gr
graph_1267.gr	randomE_5k	graph_4012.gr
graph_1268.gr	randomE_5k	graph_626.gr
graph_1269.gr	randomE_5k	graph_1945.gr
graph_1270.gr	randomE_5k	graph_2155.gr
graph_1271.gr	randomE_5k	graph_1697.gr
graph_1272.gr	randomE_5k	graph_2016.gr
graph_1273.gr	randomE_5k	graph_4509.gr
graph_1274.gr	randomE_5k	graph_2870.gr
graph_1275.gr	randomE_5k	graph_1964.gr
graph_1276.gr	randomE_5k	graph_274.gr
graph_1277.gr	randomE_5k	graph_1431.gr
graph_1278.gr	randomE_5k	graph_2010.gr
graph_1279.gr	randomE_5k	graph_251.gr
graph_1280.gr	randomE_5k	graph_4923.gr
graph_1281.gr	randomE_5k	graph_4545.gr
graph_1282.gr	randomE_5k	graph_4972.gr
graph_1283.gr	randomE_5k	graph_4069.gr
graph_1284.gr	randomE_5k	graph_2796.gr
graph_1285.gr	randomE_5k	graph_452.gr
graph_1286.gr	randomE_5k	graph_3857.gr
graph_1287.gr	randomE_5k	graph_2093.gr
graph_1288.gr	randomE_5k	graph_2939.gr
graph_1289.gr	randomE_5k	graph_4042.gr
graph_1290.gr	randomE_5k	graph_4512.gr
graph_1291.gr	randomE_5k	graph_4556.gr
graph_1292.gr	randomE_5k	graph_3984.gr
graph_1293.gr	randomE_5k	graph_914.gr
graph_1294.gr	randomE_5k	graph_4515.gr
graph_1295.gr	randomE_5k	graph_3558.gr
graph_1296.gr	randomE_5k	graph_2012.gr
graph_1297.gr	randomE_5k	graph_4007.gr
graph_1298.gr	randomE_5k	graph_1367.gr
graph_1299.gr	randomE_5k	graph_4629.gr
graph_1300.gr	randomE_5k	graph_2829.gr
graph_1301.gr	randomE_5k	graph_3540.gr
graph_1302.gr	randomE_5k	graph_4865.gr
graph_1303.gr	randomE_5k	graph_4853.gr
graph_1304.gr	randomE_5k	graph_4005.gr
graph_1305.gr	randomE_5k	graph_3382.gr
graph_1306.gr	randomE_5k	graph_4065.gr
graph_1307.gr	randomE_5k	graph_855.gr
graph_1308.gr	randomE_5k	graph_168.gr
graph_1309.gr	randomE_5k	graph_4915.gr
graph_1310.gr	randomE_5k	graph_1186.gr
graph_1311.gr	randomE_5k	graph_4231.gr
graph_1312.gr	randomE_5k	graph_2951.gr
graph_1313.gr	randomE_5k	graph_656.gr
graph_1314.gr	randomE_5k	graph_2541.gr
graph_1315.gr	randomE_5k	graph_1546.gr
graph_1316.gr	randomE_5k	graph_4068.gr
graph_1317.gr	randomE_5k	graph_4191.gr
graph_1318.gr	randomE_5k	graph_538.gr
graph_1319.gr	randomE_5k	graph_2632.gr
graph_1320.gr	randomE_5k	graph_4429.gr
graph_1321.gr	randomE_5k	graph_1286.gr
graph_1322.gr	randomE_5k	graph_1072.gr
graph_1323.gr	randomE_5k	graph_4226.gr
graph_1324.gr	randomE_5k	graph_3477.gr
graph_1325.gr	randomE_5k	graph_760.gr
graph_1326.gr	randomE_5k	graph_1882.gr
graph_1327.gr	randomE_5k	graph_2373.gr
graph_1328.gr	randomE_5k	graph_4968.gr
graph_1329.gr	randomE_5k	graph_3275.gr
graph_1330.gr	randomE_5k	graph_862.gr
graph_1331.gr	randomE_5k	graph_773.gr
graph_1332.gr	randomE_5k	graph_3376.gr
graph_1333.gr	randomE_5k	graph_959.gr
graph_1334.gr	randomE_5k	graph_258.gr
graph_1335.gr	randomE_5k	graph_3454.gr
graph_1336.gr	randomE_5k	graph_3780.gr
graph_1337.gr	randomE_5k	graph_822.gr
graph_1338.gr	randomE_5k	graph_4063.gr
graph_1339.gr	randomE_5k	graph_1855.gr
graph_1340.gr	randomE_5k	graph_1406.gr
graph_1341.gr	randomE_5k	graph_948.gr
graph_1342.gr	randomE_5k	graph_4333.gr
graph_1343.gr	randomE_5k	graph_3717.gr
graph_1344.gr	randomE_5k	graph_1381.gr
graph_1345.gr	randomE_5k	graph_1502.gr
graph_1346.gr	randomE_5k	graph_4893.gr
graph_1347.gr	randomE_5k	graph_2102.gr
graph_1348.gr	randomE_5k	graph_3364.gr
graph_1349.gr	randomE_5k	graph_3031.gr
graph_1350.gr	randomE_5k	graph_911.gr
graph_1351.gr	randomE_5k	graph_1706.gr
graph_1352.gr	randomE_5k	graph_2428.gr
graph_1353.gr	randomE_5k	graph_661.gr
graph_1354.gr	randomE_5k	graph_1377.gr
graph_1355.gr	randomE_5k	graph_3666.gr
graph_1356.gr	randomE_5k	graph_3856.gr
graph_1357.gr	randomE_5k	graph_3484.gr
graph_1358.gr	randomE_5k	graph_635.gr
graph_1359.gr	randomE_5k	graph_2094.gr
graph_1360.gr	randomE_5k	graph_4167.gr
graph_1361.gr	randomE_5k	graph_803.gr
graph_1362.gr	randomE_5k	graph_780.gr
graph_1363.gr	randomE_5k	graph_4051.gr
graph_1364.gr	randomE_5k	graph_4655.gr
graph_1365.gr	randomE_5k	graph_7.gr
graph_1366.gr	randomE_5k	graph_2857.gr
graph_1367.gr	randomE_5k	graph_1048.gr
graph_1368.gr	randomE_5k	graph_4501.gr
graph_1369.gr	randomE_5k	graph_1723.gr
graph_1370.gr	randomE_5k	graph_2359.gr
graph_1371.gr	randomE_5k	graph_4514.gr
graph_1372.gr	randomE_5k	graph_2783.gr
graph_1373.gr	randomE_5k	graph_3071.gr
graph_1374.gr	randomE_5k	graph_4248.gr
graph_1375.gr	randomE_5k	graph_2824.gr
graph_1376.gr	randomE_5k	graph_4152.gr
graph_1377.gr	randomE_5k	graph_792.gr
graph_1378.gr	randomE_5k	graph_4796.gr
graph_1379.gr	randomE_5k	graph_1901.gr
graph_1380.gr	randomE_5k	graph_1835.gr
graph_1381.gr	randomE_5k	graph_38.gr
graph_1382.gr	randomE_5k	graph_4529.gr
graph_1383.gr	randomE_5k	graph_547.gr
graph_1384.gr	randomE_5k	graph_86.gr
graph_1385.gr	randomE_5k	graph_260.gr
graph_1386.gr	randomE_5k	graph_3450.gr
graph_1387.gr	randomE_5k	graph_3523.gr
graph_1388.gr	randomE_5k	graph_732.gr
graph_1389.gr	randomE_5k	graph_3871.gr
graph_1390.gr	randomE_5k	graph_1655.gr
graph_1391.gr	randomE_5k	graph_17.gr
graph_1392.gr	randomE_5k	graph_1099.gr
graph_1393.gr	randomE_5k	graph_3878.gr
graph_1394.gr	randomE_5k	graph_4165.gr
graph_1395.gr	randomE_5k	graph_2242.gr
graph_1396.gr	randomE_5k	graph_3103.gr
graph_1397.gr	randomE_5k	graph_4804.gr
graph_1398.gr	randomE_5k	graph_4416.gr
graph_1399.gr	randomE_5k	graph_325.gr
graph_1400.gr	randomE_5k	graph_487.gr
graph_1401.gr	randomE_5k	graph_4039.gr
graph_1402.gr	randomE_5k	graph_611.gr
graph_1403.gr	randomE_5k	graph_2329.gr
graph_1404.gr	randomE_5k	graph_2085.gr
graph_1405.gr	randomE_5k	graph_1265.gr
graph_1406.gr	randomE_5k	graph_4377.gr
graph_1407.gr	randomE_5k	graph_572.gr
graph_1408.gr	randomE_5k	graph_2190.gr
graph_1409.gr	randomE_5k	graph_776.gr
graph_1410.gr	randomE_5k	graph_4643.gr
graph_1411.gr	randomE_5k	graph_1781.gr
graph_1412.gr	randomE_5k	graph_1704.gr
graph_1413.gr	randomE_5k	graph_954.gr
graph_1414.gr	randomE_5k	graph_2140.gr
graph_1415.gr	randomE_5k	graph_2993.gr
graph_1416.gr	randomE_5k	graph_1066.gr
graph_1417.gr	randomE_5k	graph_897.gr
graph_1418.gr	randomE_5k	graph_4788.gr
graph_1419.gr	randomE_5k	graph_2437.gr
graph_1420.gr	randomE_5k	graph_3344.gr
graph_1421.gr	randomE_5k	graph_4205.gr
graph_1422.gr	randomE_5k	graph_3278.gr
graph_1423.gr	randomE_5k	graph_4157.gr
graph_1424.gr	randomE_5k	graph_2610.gr
graph_1425.gr	randomE_5k	graph_2121.gr
graph_1426.gr	randomE_5k	graph_887.gr
graph_1427.gr	randomE_5k	graph_390.gr
graph_1428.gr	randomE_5k	graph_2607.gr
graph_1429.gr	randomE_5k	graph_534.gr
graph_1430.gr	randomE_5k	graph_2802.gr
graph_1431.gr	randomE_5k	graph_3694.gr
graph_1432.gr	randomE_5k	graph_4018.gr
graph_1433.gr	randomE_5k	graph_4911.gr
graph_1434.gr	randomE_5k	graph_650.gr
graph_1435.gr	randomE_5k	graph_3247.gr
graph_1436.gr	randomE_5k	graph_1598.gr
graph_1437.gr	randomE_5k	graph_108.gr
graph_1438.gr	randomE_5k	graph_1159.gr
graph_1439.gr	randomE_5k	graph_31.gr
graph_1440.gr	randomE_5k	graph_4650.gr
graph_1441.gr	randomE_5k	graph_3100.gr
graph_1442.gr	randomE_5k	graph_3505.gr
graph_1443.gr	randomE_5k	graph_2435.gr
graph_1444.gr	randomE_5k	graph_1765.gr
graph_1445.gr	randomE_5k	graph_4889.gr
graph_1446.gr	randomE_5k	graph_2163.gr
graph_1447.gr	randomE_5k	graph_2396.gr
graph_1448.gr	randomE_5k	graph_2084.gr
graph_1449.gr	randomE_5k	graph_4161.gr
graph_1450.gr	randomE_5k	graph_1709.gr
graph_1451.gr	randomE_5k	graph_4058.gr
graph_1452.gr	randomE_5k	graph_37.gr
graph_1453.gr	randomE_5k	graph_2834.gr
graph_1454.gr	randomE_5k	graph_3890.gr
graph_1455.gr	randomE_5k	graph_4837.gr
graph_1456.gr	randomE_5k	graph_1464.gr
graph_1457.gr	randomE_5k	graph_4369.gr
graph_1458.gr	randomE_5k	graph_16.gr
graph_1459.gr	randomE_5k	graph_4035.gr
graph_1460.gr	randomE_5k	graph_907.gr
graph_1461.gr	randomE_5k	graph_3586.gr
graph_1462.gr	randomE_5k	graph_3017.gr
graph_1463.gr	randomE_5k	graph_1597.gr
graph_1464.gr	randomE_5k	graph_3530.gr
graph_1465.gr	randomE_5k	graph_1913.gr
graph_1466.gr	randomE_5k	graph_1448.gr
graph_1467.gr	randomE_5k	graph_750.gr
graph_1468.gr	randomE_5k	graph_2367.gr
graph_1469.gr	randomE_5k	graph_2176.gr
graph_1470.gr	randomE_5k	graph_1888.gr
graph_1471.gr	randomE_5k	graph_358.gr
graph_1472.gr	randomE_5k	graph_4257.gr
graph_1473.gr	randomE_5k	graph_4934.gr
graph_1474.gr	randomE_5k	graph_2008.gr
graph_1475.gr	randomE_5k	graph_3259.gr
graph_1476.gr	randomE_5k	graph_4192.gr
graph_1477.gr	randomE_5k	graph_866.gr
graph_1478.gr	randomE_5k	graph_2378.gr
graph_1479.gr	randomE_5k	graph_2956.gr
graph_1480.gr	randomE_5k	graph_2250.gr
graph_1481.gr	randomE_5k	graph_1411.gr
graph_1482.gr	randomE_5k	graph_4184.gr
graph_1483.gr	randomE_5k	graph_2413.gr
graph_1484.gr	randomE_5k	graph_2554.gr
graph_1485.gr	randomE_5k	graph_1953.gr
graph_1486.gr	randomE_5k	graph_3011.gr
graph_1487.gr	randomE_5k	graph_1756.gr
graph_1488.gr	randomE_5k	graph_248.gr
graph_1489.gr	randomE_5k	graph_3481.gr
graph_1490.gr	randomE_5k	graph_4044.gr
graph_1491.gr	randomE_5k	graph_4233.gr
graph_1492.gr	randomE_5k	graph_2591.gr
graph_1493.gr	randomE_5k	graph_2759.gr
graph_1494.gr	randomE_5k	graph_4360.gr
graph_1495.gr	randomE_5k	graph_868.gr
graph_1496.gr	randomE_5k	graph_44.gr
graph_1497.gr	randomE_5k	graph_1478.gr
graph_1498.gr	randomE_5k	graph_3731.gr
graph_1499.gr	randomE_5k	graph_1669.gr
graph_1500.gr	randomE_5k	graph_3537.gr
graph_1501.gr	randomE_5k	graph_2652.gr
graph_1502.gr	randomE_5k	graph_3300.gr
graph_1503.gr	randomE_5k	graph_748.gr
graph_1504.gr	randomE_5k	graph_1053.gr
graph_1505.gr	randomE_5k	graph_3171.gr
graph_1506.gr	randomE_5k	graph_1121.gr
graph_1507.gr	randomE_5k	graph_4851.gr
graph_1508.gr	randomE_5k	graph_3219.gr
graph_1509.gr	randomE_5k	graph_935.gr
graph_1510.gr	randomE_5k	graph_2730.gr
graph_1511.gr	randomE_5k	graph_4917.gr
graph_1512.gr	randomE_5k	graph_3914.gr
graph_1513.gr	randomE_5k	graph_1690.gr
graph_1514.gr	randomE_5k	graph_479.gr
graph_1515.gr	randomE_5k	graph_2230.gr
graph_1516.gr	randomE_5k	graph_3458.gr
graph_1517.gr	randomE_5k	graph_1246.gr
graph_1518.gr	randomE_5k	graph_2026.gr
graph_1519.gr	randomE_5k	graph_1844.gr
graph_1520.gr	randomE_5k	graph_2097.gr
graph_1521.gr	randomE_5k	graph_2473.gr
graph_1522.gr	randomE_5k	graph_795.gr
graph_1523.gr	randomE_5k	graph_4587.gr
graph_1524.gr	randomE_5k	graph_1107.gr
graph_1525.gr	randomE_5k	graph_282.gr
graph_1526.gr	randomE_5k	graph_2131.gr
graph_1527.gr	randomE_5k	graph_4919.gr
graph_1528.gr	randomE_5k	graph_1330.gr
graph_1529.gr	randomE_5k	graph_242.gr
graph_1530.gr	randomE_5k	graph_4246.gr
graph_1531.gr	randomE_5k	graph_3459.gr
graph_1532.gr	randomE_5k	graph_3010.gr
graph_1533.gr	randomE_5k	graph_3226.gr
graph_1534.gr	randomE_5k	graph_2475.gr
graph_1535.gr	randomE_5k	graph_2894.gr
graph_1536.gr	randomE_5k	graph_769.gr
graph_1537.gr	randomE_5k	graph_943.gr
graph_1538.gr	randomE_5k	graph_4079.gr
graph_1539.gr	randomE_5k	graph_1551.gr
graph_1540.gr	randomE_5k	graph_2322.gr
graph_1541.gr	randomE_5k	graph_2757.gr
graph_1542.gr	randomE_5k	graph_3231.gr
graph_1543.gr	randomE_5k	graph_4861.gr
graph_1544.gr	randomE_5k	graph_3124.gr
graph_1545.gr	randomE_5k	graph_2557.gr
graph_1546.gr	randomE_5k	graph_2670.gr
graph_1547.gr	randomE_5k	graph_526.gr
graph_1548.gr	randomE_5k	graph_3995.gr
graph_1549.gr	randomE_5k	graph_3250.gr
graph_1550.gr	randomE_5k	graph_2861.gr
graph_1551.gr	randomE_5k	graph_1303.gr
graph_1552.gr	randomE_5k	graph_1603.gr
graph_1553.gr	randomE_5k	graph_805.gr
graph_1554.gr	randomE_5k	graph_2395.gr
graph_1555.gr	randomE_5k	graph_166.gr
graph_1556.gr	randomE_5k	graph_2179.gr
graph_1557.gr	randomE_5k	graph_1192.gr
graph_1558.gr	randomE_5k	graph_3549.gr
graph_1559.gr	randomE_5k	graph_3373.gr
graph_1560.gr	randomE_5k	graph_2514.gr
graph_1561.gr	randomE_5k	graph_4102.gr
graph_1562.gr	randomE_5k	graph_4117.gr
graph_1563.gr	randomE_5k	graph_1197.gr
graph_1564.gr	randomE_5k	graph_4059.gr
graph_1565.gr	randomE_5k	graph_4926.gr
graph_1566.gr	randomE_5k	graph_1590.gr
graph_1567.gr	randomE_5k	graph_4490.gr
graph_1568.gr	randomE_5k	graph_975.gr
graph_1569.gr	randomE_5k	graph_998.gr
graph_1570.gr	randomE_5k	graph_3579.gr
graph_1571.gr	randomE_5k	graph_4593.gr
graph_1572.gr	randomE_5k	graph_4640.gr
graph_1573.gr	randomE_5k	graph_670.gr
graph_1574.gr	randomE_5k	graph_1237.gr
graph_1575.gr	randomE_5k	graph_3907.gr
graph_1576.gr	randomE_5k	graph_3453.gr
graph_1577.gr	randomE_5k	graph_922.gr
graph_1578.gr	randomE_5k	graph_1533.gr
graph_1579.gr	randomE_5k	graph_3264.gr
graph_1580.gr	randomE_5k	graph_3201.gr
graph_1581.gr	randomE_5k	graph_4906.gr
graph_1582.gr	randomE_5k	graph_2751.gr
graph_1583.gr	randomE_5k	graph_1810.gr
graph_1584.gr	randomE_5k	graph_2578.gr
graph_1585.gr	randomE_5k	graph_3318.gr
graph_1586.gr	randomE_5k	graph_3820.gr
graph_1587.gr	randomE_5k	graph_972.gr
graph_1588.gr	randomE_5k	graph_359.gr
graph_1589.gr	randomE_5k	graph_2787.gr
graph_1590.gr	randomE_5k	graph_4718.gr
graph_1591.gr	randomE_5k	graph_835.gr
graph_1592.gr	randomE_5k	graph_2143.gr
graph_1593.gr	randomE_5k	graph_2862.gr
graph_1594.gr	randomE_5k	graph_4187.gr
graph_1595.gr	randomE_5k	graph_2771.gr
graph_1596.gr	randomE_5k	graph_3385.gr
graph_1597.gr	randomE_5k	graph_4658.gr
graph_1598.gr	randomE_5k	graph_4540.gr
graph_1599.gr	randomE_5k	graph_4332.gr
graph_1600.gr	randomE_5k	graph_275.gr
graph_1601.gr	randomE_5k	graph_3804.gr
graph_1602.gr	randomE_5k	graph_2068.gr
graph_1603.gr	randomE_5k	graph_841.gr
graph_1604.gr	randomE_5k	graph_212.gr
graph_1605.gr	randomE_5k	graph_1517.gr
graph_1606.gr	randomE_5k	graph_372.gr
graph_1607.gr	randomE_5k	graph_627.gr
graph_1608.gr	randomE_5k	graph_4624.gr
graph_1609.gr	randomE_5k	graph_3515.gr
graph_1610.gr	randomE_5k	graph_2330.gr
graph_1611.gr	randomE_5k	graph_120.gr
graph_1612.gr	randomE_5k	graph_2181.gr
graph_1613.gr	randomE_5k	graph_3356.gr
graph_1614.gr	randomE_5k	graph_228.gr
graph_1615.gr	randomE_5k	graph_2817.gr
graph_1616.gr	randomE_5k	graph_4873.gr
graph_1617.gr	randomE_5k	graph_3884.gr
graph_1618.gr	randomE_5k	graph_2314.gr
graph_1619.gr	randomE_5k	graph_3555.gr
graph_1620.gr	randomE_5k	graph_1532.gr
graph_1621.gr	randomE_5k	graph_1840.gr
graph_1622.gr	randomE_5k	graph_99.gr
graph_1623.gr	randomE_5k	graph_3064.gr
graph_1624.gr	randomE_5k	graph_2675.gr
graph_1625.gr	randomE_5k	graph_3732.gr
graph_1626.gr	randomE_5k	graph_2837.gr
graph_1627.gr	randomE_5k	graph_4534.gr
graph_1628.gr	randomE_5k	graph_3327.gr
graph_1629.gr	randomE_5k	graph_4480.gr
graph_1630.gr	randomE_5k	graph_4094.gr
graph_1631.gr	randomE_5k	graph_590.gr
graph_1632.gr	randomE_5k	graph_4497.gr
graph_1633.gr	randomE_5k	graph_3887.gr
graph_1634.gr	randomE_5k	graph_3169.gr
graph_1635.gr	randomE_5k	graph_4379.gr
graph_1636.gr	randomE_5k	graph_4309.gr
graph_1637.gr	randomE_5k	graph_3039.gr
graph_1638.gr	randomE_5k	graph_3922.gr
graph_1639.gr	randomE_5k	graph_4378.gr
graph_1640.gr	randomE_5k	graph_2494.gr
graph_1641.gr	randomE_5k	graph_223.gr
graph_1642.gr	randomE_5k	graph_2708.gr
graph_1643.gr	randomE_5k	graph_3669.gr
graph_1644.gr	randomE_5k	graph_4942.gr
graph_1645.gr	randomE_5k	graph_1767.gr
graph_1646.gr	randomE_5k	graph_576.gr
graph_1647.gr	randomE_5k	graph_518.gr
graph_1648.gr	randomE_5k	graph_2732.gr
graph_1649.gr	randomE_5k	graph_2727.gr
graph_1650.gr	randomE_5k	graph_1103.gr
graph_1651.gr	randomE_5k	graph_4904.gr
graph_1652.gr	randomE_5k	graph_2660.gr
graph_1653.gr	randomE_5k	graph_3901.gr
graph_1654.gr	randomE_5k	graph_3195.gr
graph_1655.gr	randomE_5k	graph_1.gr
graph_1656.gr	randomE_5k	graph_622.gr
graph_1657.gr	randomE_5k	graph_81.gr
graph_1658.gr	randomE_5k	graph_4363.gr
graph_1659.gr	randomE_5k	graph_3117.gr
graph_1660.gr	randomE_5k	graph_2849.gr
graph_1661.gr	randomE_5k	graph_778.gr
graph_1662.gr	randomE_5k	graph_3166.gr
graph_1663.gr	randomE_5k	graph_1195.gr
graph_1664.gr	randomE_5k	graph_1332.gr
graph_1665.gr	randomE_5k	graph_4189.gr
graph_1666.gr	randomE_5k	graph_2020.gr
graph_1667.gr	randomE_5k	graph_3597.gr
graph_1668.gr	randomE_5k	graph_3892.gr
graph_1669.gr	randomE_5k	graph_2926.gr
graph_1670.gr	randomE_5k	graph_3970.gr
graph_1671.gr	randomE_5k	graph_3839.gr
graph_1672.gr	randomE_5k	graph_3204.gr
graph_1673.gr	randomE_5k	graph_3336.gr
graph_1674.gr	randomE_5k	graph_3162.gr
graph_1675.gr	randomE_5k	graph_1087.gr
graph_1676.gr	randomE_5k	graph_1380.gr
graph_1677.gr	randomE_5k	graph_3629.gr
graph_1678.gr	randomE_5k	graph_3118.gr
graph_1679.gr	randomE_5k	graph_2207.gr
graph_1680.gr	randomE_5k	graph_1108.gr
graph_1681.gr	randomE_5k	graph_4469.gr
graph_1682.gr	randomE_5k	graph_4612.gr
graph_1683.gr	randomE_5k	graph_3284.gr
graph_1684.gr	randomE_5k	graph_2405.gr
graph_1685.gr	randomE_5k	graph_494.gr
graph_1686.gr	randomE_5k	graph_2114.gr
graph_1687.gr	randomE_5k	graph_937.gr
graph_1688.gr	randomE_5k	graph_2480.gr
graph_1689.gr	randomE_5k	graph_3934.gr
graph_1690.gr	randomE_5k	graph_3175.gr
graph_1691.gr	randomE_5k	graph_2363.gr
graph_1692.gr	randomE_5k	graph_4753.gr
graph_1693.gr	randomE_5k	graph_1232.gr
graph_1694.gr	randomE_5k	graph_1969.gr
graph_1695.gr	randomE_5k	graph_2518.gr
graph_1696.gr	randomE_5k	graph_1004.gr
graph_1697.gr	randomE_5k	graph_371.gr
graph_1698.gr	randomE_5k	graph_236.gr
graph_1699.gr	randomE_5k	graph_4532.gr
graph_1700.gr	randomE_5k	graph_4576.gr
graph_1701.gr	randomE_5k	graph_1433.gr
graph_1702.gr	randomE_5k	graph_508.gr
graph_1703.gr	randomE_5k	graph_2104.gr
graph_1704.gr	randomE_5k	graph_2761.gr
graph_1705.gr	randomE_5k	graph_1375.gr
graph_1706.gr	randomE_5k	graph_4801.gr
graph_1707.gr	randomE_5k	graph_1503.gr
graph_1708.gr	randomE_5k	graph_1025.gr
graph_1709.gr	randomE_5k	graph_3994.gr
graph_1710.gr	randomE_5k	graph_1847.gr
graph_1711.gr	randomE_5k	graph_2360.gr
graph_1712.gr	randomE_5k	graph_3106.gr
graph_1713.gr	randomE_5k	graph_730.gr
graph_1714.gr	randomE_5k	graph_445.gr
graph_1715.gr	randomE_5k	graph_1946.gr
graph_1716.gr	randomE_5k	graph_2185.gr
graph_1717.gr	randomE_5k	graph_1403.gr
graph_1718.gr	randomE_5k	graph_4498.gr
graph_1719.gr	randomE_5k	graph_4222.gr
graph_1720.gr	randomE_5k	graph_915.gr
graph_1721.gr	randomE_5k	graph_3552.gr
graph_1722.gr	randomE_5k	graph_2624.gr
graph_1723.gr	randomE_5k	graph_347.gr
graph_1724.gr	randomE_5k	graph_4649.gr
graph_1725.gr	randomE_5k	graph_326.gr
graph_1726.gr	randomE_5k	graph_4866.gr
graph_1727.gr	randomE_5k	graph_3241.gr
graph_1728.gr	randomE_5k	graph_4598.gr
graph_1729.gr	randomE_5k	graph_2233.gr
graph_1730.gr	randomE_5k	graph_628.gr
graph_1731.gr	randomE_5k	graph_2818.gr
graph_1732.gr	randomE_5k	graph_3794.gr
graph_1733.gr	randomE_5k	graph_4383.gr
graph_1734.gr	randomE_5k	graph_523.gr
graph_1735.gr	randomE_5k	graph_2630.gr
graph_1736.gr	randomE_5k	graph_1904.gr
graph_1737.gr	randomE_5k	graph_4302.gr
graph_1738.gr	randomE_5k	graph_4609.gr
graph_1739.gr	randomE_5k	graph_3665.gr
graph_1740.gr	randomE_5k	graph_604.gr
graph_1741.gr	randomE_5k	graph_1169.gr
graph_1742.gr	randomE_5k	graph_3203.gr
graph_1743.gr	randomE_5k	graph_1976.gr
graph_1744.gr	randomE_5k	graph_2168.gr
graph_1745.gr	randomE_5k	graph_1768.gr
graph_1746.gr	randomE_5k	graph_2410.gr
graph_1747.gr	randomE_5k	graph_2139.gr
graph_1748.gr	randomE_5k	graph_126.gr
graph_1749.gr	randomE_5k	graph_3627.gr
graph_1750.gr	randomE_5k	graph_1677.gr
graph_1751.gr	randomE_5k	graph_2827.gr
graph_1752.gr	randomE_5k	graph_2739.gr
graph_1753.gr	randomE_5k	graph_3756.gr
graph_1754.gr	randomE_5k	graph_4656.gr
graph_1755.gr	randomE_5k	graph_2090.gr
graph_1756.gr	randomE_5k	graph_647.gr
graph_1757.gr	randomE_5k	graph_3594.gr
graph_1758.gr	randomE_5k	graph_1189.gr
graph_1759.gr	randomE_5k	graph_2038.gr
graph_1760.gr	randomE_5k	graph_3546.gr
graph_1761.gr	randomE_5k	graph_4858.gr
graph_1762.gr	randomE_5k	graph_2439.gr
graph_1763.gr	randomE_5k	graph_1973.gr
graph_1764.gr	randomE_5k	graph_3978.gr
graph_1765.gr	randomE_5k	graph_3961.gr
graph_1766.gr	randomE_5k	graph_2917.gr
graph_1767.gr	randomE_5k	graph_1156.gr
graph_1768.gr	randomE_5k	graph_875.gr
graph_1769.gr	randomE_5k	graph_3253.gr
graph_1770.gr	randomE_5k	graph_649.gr
graph_1771.gr	randomE_5k	graph_4198.gr
graph_1772.gr	randomE_5k	graph_4652.gr
graph_1773.gr	randomE_5k	graph_4939.gr
graph_1774.gr	randomE_5k	graph_4391.gr
graph_1775.gr	randomE_5k	graph_2166.gr
graph_1776.gr	randomE_5k	graph_4351.gr
graph_1777.gr	randomE_5k	graph_3988.gr
graph_1778.gr	randomE_5k	graph_4322.gr
graph_1779.gr	randomE_5k	graph_3956.gr
graph_1780.gr	randomE_5k	graph_3279.gr
graph_1781.gr	randomE_5k	graph_800.gr
graph_1782.gr	randomE_5k	graph_553.gr
graph_1783.gr	randomE_5k	graph_4714.gr
graph_1784.gr	randomE_5k	graph_2284.gr
graph_1785.gr	randomE_5k	graph_4119.gr
graph_1786.gr	randomE_5k	graph_56.gr
graph_1787.gr	randomE_5k	graph_1027.gr
graph_1788.gr	randomE_5k	graph_4488.gr
graph_1789.gr	randomE_5k	graph_1633.gr
graph_1790.gr	randomE_5k	graph_3416.gr
graph_1791.gr	randomE_5k	graph_507.gr
graph_1792.gr	randomE_5k	graph_1084.gr
graph_1793.gr	randomE_5k	graph_3246.gr
graph_1794.gr	randomE_5k	graph_4307.gr
graph_1795.gr	randomE_5k	graph_3381.gr
graph_1796.gr	randomE_5k	graph_4947.gr
graph_1797.gr	randomE_5k	graph_3953.gr
graph_1798.gr	randomE_5k	graph_4399.gr
graph_1799.gr	randomE_5k	graph_903.gr
graph_1800.gr	randomE_5k	graph_2592.gr
graph_1801.gr	randomE_5k	graph_4389.gr
graph_1802.gr	randomE_5k	graph_252.gr
graph_1803.gr	randomE_5k	graph_4413.gr
graph_1804.gr	randomE_5k	graph_2412.gr
graph_1805.gr	randomE_5k	graph_2341.gr
graph_1806.gr	randomE_5k	graph_3699.gr
graph_1807.gr	randomE_5k	graph_879.gr
graph_1808.gr	randomE_5k	graph_1636.gr
graph_1809.gr	randomE_5k	graph_3761.gr
graph_1810.gr	randomE_5k	graph_2286.gr
graph_1811.gr	randomE_5k	graph_266.gr
graph_1812.gr	randomE_5k	graph_3062.gr
graph_1813.gr	randomE_5k	graph_3532.gr
graph_1814.gr	randomE_5k	graph_2808.gr
graph_1815.gr	randomE_5k	graph_1047.gr
graph_1816.gr	randomE_5k	graph_1365.gr
graph_1817.gr	randomE_5k	graph_1869.gr
graph_1818.gr	randomE_5k	graph_1229.gr
graph_1819.gr	randomE_5k	graph_4688.gr
graph_1820.gr	randomE_5k	graph_2448.gr
graph_1821.gr	randomE_5k	graph_2798.gr
graph_1822.gr	randomE_5k	graph_4784.gr
graph_1823.gr	randomE_5k	graph_2420.gr
graph_1824.gr	randomE_5k	graph_3923.gr
graph_1825.gr	randomE_5k	graph_3676.gr
graph_1826.gr	randomE_5k	graph_2323.gr
graph_1827.gr	randomE_5k	graph_3353.gr
graph_1828.gr	randomE_5k	graph_1122.gr
graph_1829.gr	randomE_5k	graph_3235.gr
graph_1830.gr	randomE_5k	graph_4000.gr
graph_1831.gr	randomE_5k	graph_4831.gr
graph_1832.gr	randomE_5k	graph_3687.gr
graph_1833.gr	randomE_5k	graph_3421.gr
graph_1834.gr	randomE_5k	graph_2811.gr
graph_1835.gr	randomE_5k	graph_40.gr
graph_1836.gr	randomE_5k	graph_3826.gr
graph_1837.gr	randomE_5k	graph_1052.gr
graph_1838.gr	randomE_5k	graph_4286.gr
graph_1839.gr	randomE_5k	graph_2392.gr
graph_1840.gr	randomE_5k	graph_2345.gr
graph_1841.gr	randomE_5k	graph_3924.gr
graph_1842.gr	randomE_5k	graph_1638.gr
graph_1843.gr	randomE_5k	graph_2769.gr
graph_1844.gr	randomE_5k	graph_1347.gr
graph_1845.gr	randomE_5k	graph_3446.gr
graph_1846.gr	randomE_5k	graph_4940.gr
graph_1847.gr	randomE_5k	graph_1065.gr
graph_1848.gr	randomE_5k	graph_45.gr
graph_1849.gr	randomE_5k	graph_53.gr
graph_1850.gr	randomE_5k	graph_1268.gr
graph_1851.gr	randomE_5k	graph_3043.gr
graph_1852.gr	randomE_5k	graph_519.gr
graph_1853.gr	randomE_5k	graph_285.gr
graph_1854.gr	randomE_5k	graph_1892.gr
graph_1855.gr	randomE_5k	graph_1529.gr
graph_1856.gr	randomE_5k	graph_1872.gr
graph_1857.gr	randomE_5k	graph_660.gr
graph_1858.gr	randomE_5k	graph_3332.gr
graph_1859.gr	randomE_5k	graph_1694.gr
graph_1860.gr	randomE_5k	graph_878.gr
graph_1861.gr	randomE_5k	graph_3209.gr
graph_1862.gr	randomE_5k	graph_3465.gr
graph_1863.gr	randomE_5k	graph_554.gr
graph_1864.gr	randomE_5k	graph_2950.gr
graph_1865.gr	randomE_5k	graph_843.gr
graph_1866.gr	randomE_5k	graph_4299.gr
graph_1867.gr	randomE_5k	graph_1173.gr
graph_1868.gr	randomE_5k	graph_1907.gr
graph_1869.gr	randomE_5k	graph_360.gr
graph_1870.gr	randomE_5k	graph_3522.gr
graph_1871.gr	randomE_5k	graph_3848.gr
graph_1872.gr	randomE_5k	graph_3245.gr
graph_1873.gr	randomE_5k	graph_254.gr
graph_1874.gr	randomE_5k	graph_2388.gr
graph_1875.gr	randomE_5k	graph_1343.gr
graph_1876.gr	randomE_5k	graph_600.gr
graph_1877.gr	randomE_5k	graph_4224.gr
graph_1878.gr	randomE_5k	graph_1376.gr
graph_1879.gr	randomE_5k	graph_4426.gr
graph_1880.gr	randomE_5k	graph_1020.gr
graph_1881.gr	randomE_5k	graph_832.gr
graph_1882.gr	randomE_5k	graph_3951.gr
graph_1883.gr	randomE_5k	graph_4822.gr
graph_1884.gr	randomE_5k	graph_3036.gr
graph_1885.gr	randomE_5k	graph_189.gr
graph_1886.gr	randomE_5k	graph_1575.gr
graph_1887.gr	randomE_5k	graph_1745.gr
graph_1888.gr	randomE_5k	graph_167.gr
graph_1889.gr	randomE_5k	graph_3737.gr
graph_1890.gr	randomE_5k	graph_438.gr
graph_1891.gr	randomE_5k	graph_775.gr
graph_1892.gr	randomE_5k	graph_2666.gr
graph_1893.gr	randomE_5k	graph_4219.gr
graph_1894.gr	randomE_5k	graph_4956.gr
graph_1895.gr	randomE_5k	graph_1490.gr
graph_1896.gr	randomE_5k	graph_4925.gr
graph_1897.gr	randomE_5k	graph_4199.gr
graph_1898.gr	randomE_5k	graph_825.gr
graph_1899.gr	randomE_5k	graph_4600.gr
graph_1900.gr	randomE_5k	graph_4597.gr
graph_1901.gr	randomE_5k	graph_4225.gr
graph_1902.gr	randomE_5k	graph_3466.gr
graph_1903.gr	randomE_5k	graph_4492.gr
graph_1904.gr	randomE_5k	graph_2165.gr
graph_1905.gr	randomE_5k	graph_2577.gr
graph_1906.gr	randomE_5k	graph_6.gr
graph_1907.gr	randomE_5k	graph_2994.gr
graph_1908.gr	randomE_5k	graph_327.gr
graph_1909.gr	randomE_5k	graph_2643.gr
graph_1910.gr	randomE_5k	graph_4517.gr
graph_1911.gr	randomE_5k	graph_2083.gr
graph_1912.gr	randomE_5k	graph_2321.gr
graph_1913.gr	randomE_5k	graph_2628.gr
graph_1914.gr	randomE_5k	graph_2887.gr
graph_1915.gr	randomE_5k	graph_2461.gr
graph_1916.gr	randomE_5k	graph_4090.gr
graph_1917.gr	randomE_5k	graph_4921.gr
graph_1918.gr	randomE_5k	graph_2836.gr
graph_1919.gr	randomE_5k	graph_11.gr
graph_1920.gr	randomE_5k	graph_870.gr
graph_1921.gr	randomE_5k	graph_3267.gr
graph_1922.gr	randomE_5k	graph_804.gr
graph_1923.gr	randomE_5k	graph_3324.gr
graph_1924.gr	randomE_5k	graph_2990.gr
graph_1925.gr	randomE_5k	graph_89.gr
graph_1926.gr	randomE_5k	graph_2036.gr
graph_1927.gr	randomE_5k	graph_2841.gr
graph_1928.gr	randomE_5k	graph_4354.gr
graph_1929.gr	randomE_5k	graph_2274.gr
graph_1930.gr	randomE_5k	graph_4229.gr
graph_1931.gr	randomE_5k	graph_4875.gr
graph_1932.gr	randomE_5k	graph_812.gr
graph_1933.gr	randomE_5k	graph_2988.gr
graph_1934.gr	randomE_5k	graph_498.gr
graph_1935.gr	randomE_5k	graph_2312.gr
graph_1936.gr	randomE_5k	graph_1172.gr
graph_1937.gr	randomE_5k	graph_3500.gr
graph_1938.gr	randomE_5k	graph_2736.gr
graph_1939.gr	randomE_5k	graph_2320.gr
graph_1940.gr	randomE_5k	graph_3595.gr
graph_1941.gr	randomE_5k	graph_4715.gr
graph_1942.gr	randomE_5k	graph_3116.gr
graph_1943.gr	randomE_5k	graph_4150.gr
graph_1944.gr	randomE_5k	graph_2601.gr
graph_1945.gr	randomE_5k	graph_1500.gr
graph_1946.gr	randomE_5k	graph_644.gr
graph_1947.gr	randomE_5k	graph_3912.gr
graph_1948.gr	randomE_5k	graph_2906.gr
graph_1949.gr	randomE_5k	graph_3405.gr
graph_1950.gr	randomE_5k	graph_4642.gr
graph_1951.gr	randomE_5k	graph_2244.gr
graph_1952.gr	randomE_5k	graph_3431.gr
graph_1953.gr	randomE_5k	graph_158.gr
graph_1954.gr	randomE_5k	graph_146.gr
graph_1955.gr	randomE_5k	graph_3529.gr
graph_1956.gr	randomE_5k	graph_2003.gr
graph_1957.gr	randomE_5k	graph_788.gr
graph_1958.gr	randomE_5k	graph_3361.gr
graph_1959.gr	randomE_5k	graph_495.gr
graph_1960.gr	randomE_5k	graph_2223.gr
graph_1961.gr	randomE_5k	graph_1552.gr
graph_1962.gr	randomE_5k	graph_754.gr
graph_1963.gr	randomE_5k	graph_3280.gr
graph_1964.gr	randomE_5k	graph_2955.gr
graph_1965.gr	randomE_5k	graph_430.gr
graph_1966.gr	randomE_5k	graph_4692.gr
graph_1967.gr	randomE_5k	graph_3388.gr
graph_1968.gr	randomE_5k	graph_2567.gr
graph_1969.gr	randomE_5k	graph_2519.gr
graph_1970.gr	randomE_5k	graph_3867.gr
graph_1971.gr	randomE_5k	graph_4002.gr
graph_1972.gr	randomE_5k	graph_2871.gr
graph_1973.gr	randomE_5k	graph_2961.gr
graph_1974.gr	randomE_5k	graph_3460.gr
graph_1975.gr	randomE_5k	graph_4050.gr
graph_1976.gr	randomE_5k	graph_3582.gr
graph_1977.gr	randomE_5k	graph_3531.gr
graph_1978.gr	randomE_5k	graph_1761.gr
graph_1979.gr	randomE_5k	graph_1145.gr
graph_1980.gr	randomE_5k	graph_1520.gr
graph_1981.gr	randomE_5k	graph_2065.gr
graph_1982.gr	randomE_5k	graph_1624.gr
graph_1983.gr	randomE_5k	graph_2776.gr
graph_1984.gr	randomE_5k	graph_3059.gr
graph_1985.gr	randomE_5k	graph_3210.gr
graph_1986.gr	randomE_5k	graph_364.gr
graph_1987.gr	randomE_5k	graph_4434.gr
graph_1988.gr	randomE_5k	graph_965.gr
graph_1989.gr	randomE_5k	graph_2033.gr
graph_1990.gr	randomE_5k	graph_2482.gr
graph_1991.gr	randomE_5k	graph_3439.gr
graph_1992.gr	randomE_5k	graph_853.gr
graph_1993.gr	randomE_5k	graph_655.gr
graph_1994.gr	randomE_5k	graph_1227.gr
graph_1995.gr	randomE_5k	graph_2371.gr
graph_1996.gr	randomE_5k	graph_4367.gr
graph_1997.gr	randomE_5k	graph_3969.gr
graph_1998.gr	randomE_5k	graph_2984.gr
graph_1999.gr	randomE_5k	graph_1127.gr
graph_2000.gr	randomE_5k	graph_2109.gr
graph_2001.gr	randomG_5k	graph_3373.gr
graph_2002.gr	randomG_5k	graph_1066.gr
graph_2003.gr	randomG_5k	graph_1532.gr
graph_2004.gr	randomG_5k	graph_2104.gr
graph_2005.gr	randomG_5k	graph_3445.gr
graph_2006.gr	randomG_5k	graph_4985.gr
graph_2007.gr	randomG_5k	graph_1839.gr
graph_2008.gr	randomG_5k	graph_4227.gr
graph_2009.gr	randomG_5k	graph_4631.gr
graph_2010.gr	randomG_5k	graph_1174.gr
graph_2011.gr	randomG_5k	graph_2292.gr
graph_2012.gr	randomG_5k	graph_4018.gr
graph_2013.gr	randomG_5k	graph_3962.gr
graph_2014.gr	randomG_5k	graph_3490.gr
graph_2015.gr	randomG_5k	graph_2728.gr
graph_2016.gr	randomG_5k	graph_1896.gr
graph_2017.gr	randomG_5k	graph_606.gr
graph_2018.gr	randomG_5k	graph_321.gr
graph_2019.gr	randomG_5k	graph_2743.gr
graph_2020.gr	randomG_5k	graph_1330.gr
graph_2021.gr	randomG_5k	graph_2082.gr
graph_2022.gr	randomG_5k	graph_3643.gr
graph_2023.gr	randomG_5k	graph_135.gr
graph_2024.gr	randomG_5k	graph_3148.gr
graph_2025.gr	randomG_5k	graph_2389.gr
graph_2026.gr	randomG_5k	graph_3131.gr
graph_2027.gr	randomG_5k	graph_468.gr
graph_2028.gr	randomG_5k	graph_3387.gr
graph_2029.gr	randomG_5k	graph_4387.gr
graph_2030.gr	randomG_5k	graph_1003.gr
graph_2031.gr	randomG_5k	graph_2437.gr
graph_2032.gr	randomG_5k	graph_4687.gr
graph_2033.gr	randomG_5k	graph_3975.gr
graph_2034.gr	randomG_5k	graph_4871.gr
graph_2035.gr	randomG_5k	graph_3391.gr
graph_2036.gr	randomG_5k	graph_4863.gr
graph_2037.gr	randomG_5k	graph_4203.gr
graph_2038.gr	randomG_5k	graph_4556.gr
graph_2039.gr	randomG_5k	graph_2269.gr
graph_2040.gr	randomG_5k	graph_2638.gr
graph_2041.gr	randomG_5k	graph_3584.gr
graph_2042.gr	randomG_5k	graph_1437.gr
graph_2043.gr	randomG_5k	graph_3364.gr
graph_2044.gr	randomG_5k	graph_1405.gr
graph_2045.gr	randomG_5k	graph_430.gr
graph_2046.gr	randomG_5k	graph_1164.gr
graph_2047.gr	randomG_5k	graph_3420.gr
graph_2048.gr	randomG_5k	graph_3567.gr
graph_2049.gr	randomG_5k	graph_4431.gr
graph_2050.gr	randomG_5k	graph_2463.gr
graph_2051.gr	randomG_5k	graph_3260.gr
graph_2052.gr	randomG_5k	graph_2686.gr
graph_2053.gr	randomG_5k	graph_3967.gr
graph_2054.gr	randomG_5k	graph_2014.gr
graph_2055.gr	randomG_5k	graph_4715.gr
graph_2056.gr	randomG_5k	graph_490.gr
graph_2057.gr	randomG_5k	graph_4251.gr
graph_2058.gr	randomG_5k	graph_730.gr
graph_2059.gr	randomG_5k	graph_4379.gr
graph_2060.gr	randomG_5k	graph_524.gr
graph_2061.gr	randomG_5k	graph_1581.gr
graph_2062.gr	randomG_5k	graph_1924.gr
graph_2063.gr	randomG_5k	graph_4675.gr
graph_2064.gr	randomG_5k	graph_488.gr
graph_2065.gr	randomG_5k	graph_584.gr
graph_2066.gr	randomG_5k	graph_4678.gr
graph_2067.gr	randomG_5k	graph_2065.gr
graph_2068.gr	randomG_5k	graph_909.gr
graph_2069.gr	randomG_5k	graph_325.gr
graph_2070.gr	randomG_5k	graph_1564.gr
graph_2071.gr	randomG_5k	graph_1310.gr
graph_2072.gr	randomG_5k	graph_1221.gr
graph_2073.gr	randomG_5k	graph_3152.gr
graph_2074.gr	randomG_5k	graph_4750.gr
graph_2075.gr	randomG_5k	graph_3467.gr
graph_2076.gr	randomG_5k	graph_480.gr
graph_2077.gr	randomG_5k	graph_441.gr
graph_2078.gr	randomG_5k	graph_3328.gr
graph_2079.gr	randomG_5k	graph_1533.gr
graph_2080.gr	randomG_5k	graph_2442.gr
graph_2081.gr	randomG_5k	graph_4934.gr
graph_2082.gr	randomG_5k	graph_2428.gr
graph_2083.gr	randomG_5k	graph_253.gr
graph_2084.gr	randomG_5k	graph_1332.gr
graph_2085.gr	randomG_5k	graph_2994.gr
graph_2086.gr	randomG_5k	graph_734.gr
graph_2087.gr	randomG_5k	graph_4789.gr
graph_2088.gr	randomG_5k	graph_3676.gr
graph_2089.gr	randomG_5k	graph_1000.gr
graph_2090.gr	randomG_5k	graph_3157.gr
graph_2091.gr	randomG_5k	graph_3651.gr
graph_2092.gr	randomG_5k	graph_4436.gr
graph_2093.gr	randomG_5k	graph_2093.gr
graph_2094.gr	randomG_5k	graph_4470.gr
graph_2095.gr	randomG_5k	graph_2746.gr
graph_2096.gr	randomG_5k	graph_2563.gr
graph_2097.gr	randomG_5k	graph_3813.gr
graph_2098.gr	randomG_5k	graph_82.gr
graph_2099.gr	randomG_5k	graph_2407.gr
graph_2100.gr	randomG_5k	graph_4818.gr
graph_2101.gr	randomG_5k	graph_2923.gr
graph_2102.gr	randomG_5k	graph_2680.gr
graph_2103.gr	randomG_5k	graph_161.gr
graph_2104.gr	randomG_5k	graph_3878.gr
graph_2105.gr	randomG_5k	graph_1082.gr
graph_2106.gr	randomG_5k	graph_3789.gr
graph_2107.gr	randomG_5k	graph_1569.gr
graph_2108.gr	randomG_5k	graph_4711.gr
graph_2109.gr	randomG_5k	graph_3565.gr
graph_2110.gr	randomG_5k	graph_1530.gr
graph_2111.gr	randomG_5k	graph_2480.gr
graph_2112.gr	randomG_5k	graph_4645.gr
graph_2113.gr	randomG_5k	graph_1961.gr
graph_2114.gr	randomG_5k	graph_2076.gr
graph_2115.gr	randomG_5k	graph_3195.gr
graph_2116.gr	randomG_5k	graph_2086.gr
graph_2117.gr	randomG_5k	graph_165.gr
graph_2118.gr	randomG_5k	graph_369.gr
graph_2119.gr	randomG_5k	graph_3730.gr
graph_2120.gr	randomG_5k	graph_1835.gr
graph_2121.gr	randomG_5k	graph_1796.gr
graph_2122.gr	randomG_5k	graph_4204.gr
graph_2123.gr	randomG_5k	graph_3100.gr
graph_2124.gr	randomG_5k	graph_759.gr
graph_2125.gr	randomG_5k	graph_1799.gr
graph_2126.gr	randomG_5k	graph_1207.gr
graph_2127.gr	randomG_5k	graph_4024.gr
graph_2128.gr	randomG_5k	graph_1726.gr
graph_2129.gr	randomG_5k	graph_3558.gr
graph_2130.gr	randomG_5k	graph_303.gr
graph_2131.gr	randomG_5k	graph_1026.gr
graph_2132.gr	randomG_5k	graph_3625.gr
graph_2133.gr	randomG_5k	graph_1830.gr
graph_2134.gr	randomG_5k	graph_3354.gr
graph_2135.gr	randomG_5k	graph_1679.gr
graph_2136.gr	randomG_5k	graph_675.gr
graph_2137.gr	randomG_5k	graph_2805.gr
graph_2138.gr	randomG_5k	graph_4828.gr
graph_2139.gr	randomG_5k	graph_2778.gr
graph_2140.gr	randomG_5k	graph_4468.gr
graph_2141.gr	randomG_5k	graph_10.gr
graph_2142.gr	randomG_5k	graph_1126.gr
graph_2143.gr	randomG_5k	graph_1498.gr
graph_2144.gr	randomG_5k	graph_4824.gr
graph_2145.gr	randomG_5k	graph_3784.gr
graph_2146.gr	randomG_5k	graph_4201.gr
graph_2147.gr	randomG_5k	graph_4212.gr
graph_2148.gr	randomG_5k	graph_4441.gr
graph_2149.gr	randomG_5k	graph_3960.gr
graph_2150.gr	randomG_5k	graph_1203.gr
graph_2151.gr	randomG_5k	graph_1292.gr
graph_2152.gr	randomG_5k	graph_4976.gr
graph_2153.gr	randomG_5k	graph_3307.gr
graph_2154.gr	randomG_5k	graph_181.gr
graph_2155.gr	randomG_5k	graph_2193.gr
graph_2156.gr	randomG_5k	graph_632.gr
graph_2157.gr	randomG_5k	graph_4661.gr
graph_2158.gr	randomG_5k	graph_2582.gr
graph_2159.gr	randomG_5k	graph_3531.gr
graph_2160.gr	randomG_5k	graph_3951.gr
graph_2161.gr	randomG_5k	graph_3808.gr
graph_2162.gr	randomG_5k	graph_3825.gr
graph_2163.gr	randomG_5k	graph_2893.gr
graph_2164.gr	randomG_5k	graph_457.gr
graph_2165.gr	randomG_5k	graph_4606.gr
graph_2166.gr	randomG_5k	graph_3991.gr
graph_2167.gr	randomG_5k	graph_4961.gr
graph_2168.gr	randomG_5k	graph_1470.gr
graph_2169.gr	randomG_5k	graph_2261.gr
graph_2170.gr	randomG_5k	graph_1743.gr
graph_2171.gr	randomG_5k	graph_1005.gr
graph_2172.gr	randomG_5k	graph_4199.gr
graph_2173.gr	randomG_5k	graph_4497.gr
graph_2174.gr	randomG_5k	graph_3138.gr
graph_2175.gr	randomG_5k	graph_2914.gr
graph_2176.gr	randomG_5k	graph_393.gr
graph_2177.gr	randomG_5k	graph_2058.gr
graph_2178.gr	randomG_5k	graph_30.gr
graph_2179.gr	randomG_5k	graph_3289.gr
graph_2180.gr	randomG_5k	graph_1348.gr
graph_2181.gr	randomG_5k	graph_4897.gr
graph_2182.gr	randomG_5k	graph_917.gr
graph_2183.gr	randomG_5k	graph_196.gr
graph_2184.gr	randomG_5k	graph_2336.gr
graph_2185.gr	randomG_5k	graph_3032.gr
graph_2186.gr	randomG_5k	graph_604.gr
graph_2187.gr	randomG_5k	graph_2136.gr
graph_2188.gr	randomG_5k	graph_3706.gr
graph_2189.gr	randomG_5k	graph_4195.gr
graph_2190.gr	randomG_5k	graph_3598.gr
graph_2191.gr	randomG_5k	graph_1448.gr
graph_2192.gr	randomG_5k	graph_1558.gr
graph_2193.gr	randomG_5k	graph_2527.gr
graph_2194.gr	randomG_5k	graph_3756.gr
graph_2195.gr	randomG_5k	graph_2002.gr
graph_2196.gr	randomG_5k	graph_1095.gr
graph_2197.gr	randomG_5k	graph_1016.gr
graph_2198.gr	randomG_5k	graph_2074.gr
graph_2199.gr	randomG_5k	graph_308.gr
graph_2200.gr	randomG_5k	graph_2877.gr
graph_2201.gr	randomG_5k	graph_2295.gr
graph_2202.gr	randomG_5k	graph_281.gr
graph_2203.gr	randomG_5k	graph_4433.gr
graph_2204.gr	randomG_5k	graph_2784.gr
graph_2205.gr	randomG_5k	graph_716.gr
graph_2206.gr	randomG_5k	graph_366.gr
graph_2207.gr	randomG_5k	graph_599.gr
graph_2208.gr	randomG_5k	graph_1497.gr
graph_2209.gr	randomG_5k	graph_395.gr
graph_2210.gr	randomG_5k	graph_1913.gr
graph_2211.gr	randomG_5k	graph_4527.gr
graph_2212.gr	randomG_5k	graph_4216.gr
graph_2213.gr	randomG_5k	graph_2030.gr
graph_2214.gr	randomG_5k	graph_229.gr
graph_2215.gr	randomG_5k	graph_4451.gr
graph_2216.gr	randomG_5k	graph_1716.gr
graph_2217.gr	randomG_5k	graph_3666.gr
graph_2218.gr	randomG_5k	graph_77.gr
graph_2219.gr	randomG_5k	graph_4536.gr
graph_2220.gr	randomG_5k	graph_3340.gr
graph_2221.gr	randomG_5k	graph_1948.gr
graph_2222.gr	randomG_5k	graph_1215.gr
graph_2223.gr	randomG_5k	graph_304.gr
graph_2224.gr	randomG_5k	graph_760.gr
graph_2225.gr	randomG_5k	graph_732.gr
graph_2226.gr	randomG_5k	graph_3041.gr
graph_2227.gr	randomG_5k	graph_1727.gr
graph_2228.gr	randomG_5k	graph_4779.gr
graph_2229.gr	randomG_5k	graph_1223.gr
graph_2230.gr	randomG_5k	graph_1156.gr
graph_2231.gr	randomG_5k	graph_687.gr
graph_2232.gr	randomG_5k	graph_2725.gr
graph_2233.gr	randomG_5k	graph_55.gr
graph_2234.gr	randomG_5k	graph_2871.gr
graph_2235.gr	randomG_5k	graph_1898.gr
graph_2236.gr	randomG_5k	graph_609.gr
graph_2237.gr	randomG_5k	graph_4916.gr
graph_2238.gr	randomG_5k	graph_3569.gr
graph_2239.gr	randomG_5k	graph_3182.gr
graph_2240.gr	randomG_5k	graph_1135.gr
graph_2241.gr	randomG_5k	graph_4460.gr
graph_2242.gr	randomG_5k	graph_1401.gr
graph_2243.gr	randomG_5k	graph_4006.gr
graph_2244.gr	randomG_5k	graph_4752.gr
graph_2245.gr	randomG_5k	graph_3904.gr
graph_2246.gr	randomG_5k	graph_879.gr
graph_2247.gr	randomG_5k	graph_1966.gr
graph_2248.gr	randomG_5k	graph_3362.gr
graph_2249.gr	randomG_5k	graph_4651.gr
graph_2250.gr	randomG_5k	graph_4293.gr
graph_2251.gr	randomG_5k	graph_4289.gr
graph_2252.gr	randomG_5k	graph_4262.gr
graph_2253.gr	randomG_5k	graph_83.gr
graph_2254.gr	randomG_5k	graph_4066.gr
graph_2255.gr	randomG_5k	graph_4076.gr
graph_2256.gr	randomG_5k	graph_980.gr
graph_2257.gr	randomG_5k	graph_494.gr
graph_2258.gr	randomG_5k	graph_1136.gr
graph_2259.gr	randomG_5k	graph_2671.gr
graph_2260.gr	randomG_5k	graph_32.gr
graph_2261.gr	randomG_5k	graph_1983.gr
graph_2262.gr	randomG_5k	graph_4931.gr
graph_2263.gr	randomG_5k	graph_1023.gr
graph_2264.gr	randomG_5k	graph_1015.gr
graph_2265.gr	randomG_5k	graph_2628.gr
graph_2266.gr	randomG_5k	graph_240.gr
graph_2267.gr	randomG_5k	graph_452.gr
graph_2268.gr	randomG_5k	graph_2122.gr
graph_2269.gr	randomG_5k	graph_3179.gr
graph_2270.gr	randomG_5k	graph_2491.gr
graph_2271.gr	randomG_5k	graph_1773.gr
graph_2272.gr	randomG_5k	graph_2793.gr
graph_2273.gr	randomG_5k	graph_3175.gr
graph_2274.gr	randomG_5k	graph_3336.gr
graph_2275.gr	randomG_5k	graph_1772.gr
graph_2276.gr	randomG_5k	graph_1802.gr
graph_2277.gr	randomG_5k	graph_4607.gr
graph_2278.gr	randomG_5k	graph_4167.gr
graph_2279.gr	randomG_5k	graph_2350.gr
graph_2280.gr	randomG_5k	graph_2868.gr
graph_2281.gr	randomG_5k	graph_2707.gr
graph_2282.gr	randomG_5k	graph_1927.gr
graph_2283.gr	randomG_5k	graph_2079.gr
graph_2284.gr	randomG_5k	graph_1101.gr
graph_2285.gr	randomG_5k	graph_3241.gr
graph_2286.gr	randomG_5k	graph_438.gr
graph_2287.gr	randomG_5k	graph_3945.gr
graph_2288.gr	randomG_5k	graph_4077.gr
graph_2289.gr	randomG_5k	graph_84.gr
graph_2290.gr	randomG_5k	graph_26.gr
graph_2291.gr	randomG_5k	graph_2525.gr
graph_2292.gr	randomG_5k	graph_3068.gr
graph_2293.gr	randomG_5k	graph_2641.gr
graph_2294.gr	randomG_5k	graph_1690.gr
graph_2295.gr	randomG_5k	graph_4054.gr
graph_2296.gr	randomG_5k	graph_3283.gr
graph_2297.gr	randomG_5k	graph_1925.gr
graph_2298.gr	randomG_5k	graph_3939.gr
graph_2299.gr	randomG_5k	graph_2415.gr
graph_2300.gr	randomG_5k	graph_4490.gr
graph_2301.gr	randomG_5k	graph_4179.gr
graph_2302.gr	randomG_5k	graph_2395.gr
graph_2303.gr	randomG_5k	graph_3742.gr
graph_2304.gr	randomG_5k	graph_959.gr
graph_2305.gr	randomG_5k	graph_27.gr
graph_2306.gr	randomG_5k	graph_2905.gr
graph_2307.gr	randomG_5k	graph_2095.gr
graph_2308.gr	randomG_5k	graph_2522.gr
graph_2309.gr	randomG_5k	graph_4660.gr
graph_2310.gr	randomG_5k	graph_2883.gr
graph_2311.gr	randomG_5k	graph_2937.gr
graph_2312.gr	randomG_5k	graph_2478.gr
graph_2313.gr	randomG_5k	graph_2787.gr
graph_2314.gr	randomG_5k	graph_2456.gr
graph_2315.gr	randomG_5k	graph_356.gr
graph_2316.gr	randomG_5k	graph_1605.gr
graph_2317.gr	randomG_5k	graph_689.gr
graph_2318.gr	randomG_5k	graph_3168.gr
graph_2319.gr	randomG_5k	graph_4839.gr
graph_2320.gr	randomG_5k	graph_3156.gr
graph_2321.gr	randomG_5k	graph_4596.gr
graph_2322.gr	randomG_5k	graph_3711.gr
graph_2323.gr	randomG_5k	graph_2796.gr
graph_2324.gr	randomG_5k	graph_725.gr
graph_2325.gr	randomG_5k	graph_3174.gr
graph_2326.gr	randomG_5k	graph_493.gr
graph_2327.gr	randomG_5k	graph_1537.gr
graph_2328.gr	randomG_5k	graph_1477.gr
graph_2329.gr	randomG_5k	graph_4694.gr
graph_2330.gr	randomG_5k	graph_3453.gr
graph_2331.gr	randomG_5k	graph_4963.gr
graph_2332.gr	randomG_5k	graph_2493.gr
graph_2333.gr	randomG_5k	graph_2684.gr
graph_2334.gr	randomG_5k	graph_3060.gr
graph_2335.gr	randomG_5k	graph_4616.gr
graph_2336.gr	randomG_5k	graph_427.gr
graph_2337.gr	randomG_5k	graph_428.gr
graph_2338.gr	randomG_5k	graph_3963.gr
graph_2339.gr	randomG_5k	graph_4154.gr
graph_2340.gr	randomG_5k	graph_1373.gr
graph_2341.gr	randomG_5k	graph_3709.gr
graph_2342.gr	randomG_5k	graph_2846.gr
graph_2343.gr	randomG_5k	graph_3844.gr
graph_2344.gr	randomG_5k	graph_4089.gr
graph_2345.gr	randomG_5k	graph_1430.gr
graph_2346.gr	randomG_5k	graph_2742.gr
graph_2347.gr	randomG_5k	graph_592.gr
graph_2348.gr	randomG_5k	graph_572.gr
graph_2349.gr	randomG_5k	graph_225.gr
graph_2350.gr	randomG_5k	graph_3899.gr
graph_2351.gr	randomG_5k	graph_2571.gr
graph_2352.gr	randomG_5k	graph_4876.gr
graph_2353.gr	randomG_5k	graph_2066.gr
graph_2354.gr	randomG_5k	graph_562.gr
graph_2355.gr	randomG_5k	graph_517.gr
graph_2356.gr	randomG_5k	graph_1368.gr
graph_2357.gr	randomG_5k	graph_1995.gr
graph_2358.gr	randomG_5k	graph_3626.gr
graph_2359.gr	randomG_5k	graph_4995.gr
graph_2360.gr	randomG_5k	graph_4644.gr
graph_2361.gr	randomG_5k	graph_3239.gr
graph_2362.gr	randomG_5k	graph_1432.gr
graph_2363.gr	randomG_5k	graph_1994.gr
graph_2364.gr	randomG_5k	graph_4051.gr
graph_2365.gr	randomG_5k	graph_1918.gr
graph_2366.gr	randomG_5k	graph_2305.gr
graph_2367.gr	randomG_5k	graph_1467.gr
graph_2368.gr	randomG_5k	graph_2958.gr
graph_2369.gr	randomG_5k	graph_166.gr
graph_2370.gr	randomG_5k	graph_900.gr
graph_2371.gr	randomG_5k	graph_4849.gr
graph_2372.gr	randomG_5k	graph_2901.gr
graph_2373.gr	randomG_5k	graph_1041.gr
graph_2374.gr	randomG_5k	graph_3744.gr
graph_2375.gr	randomG_5k	graph_3096.gr
graph_2376.gr	randomG_5k	graph_1446.gr
graph_2377.gr	randomG_5k	graph_4413.gr
graph_2378.gr	randomG_5k	graph_2950.gr
graph_2379.gr	randomG_5k	graph_2464.gr
graph_2380.gr	randomG_5k	graph_3210.gr
graph_2381.gr	randomG_5k	graph_2631.gr
graph_2382.gr	randomG_5k	graph_360.gr
graph_2383.gr	randomG_5k	graph_327.gr
graph_2384.gr	randomG_5k	graph_3727.gr
graph_2385.gr	randomG_5k	graph_4308.gr
graph_2386.gr	randomG_5k	graph_88.gr
graph_2387.gr	randomG_5k	graph_2233.gr
graph_2388.gr	randomG_5k	graph_4508.gr
graph_2389.gr	randomG_5k	graph_4117.gr
graph_2390.gr	randomG_5k	graph_2432.gr
graph_2391.gr	randomG_5k	graph_979.gr
graph_2392.gr	randomG_5k	graph_91.gr
graph_2393.gr	randomG_5k	graph_2751.gr
graph_2394.gr	randomG_5k	graph_4119.gr
graph_2395.gr	randomG_5k	graph_738.gr
graph_2396.gr	randomG_5k	graph_3634.gr
graph_2397.gr	randomG_5k	graph_536.gr
graph_2398.gr	randomG_5k	graph_4530.gr
graph_2399.gr	randomG_5k	graph_1480.gr
graph_2400.gr	randomG_5k	graph_464.gr
graph_2401.gr	randomG_5k	graph_4662.gr
graph_2402.gr	randomG_5k	graph_1352.gr
graph_2403.gr	randomG_5k	graph_2357.gr
graph_2404.gr	randomG_5k	graph_3971.gr
graph_2405.gr	randomG_5k	graph_2433.gr
graph_2406.gr	randomG_5k	graph_3802.gr
graph_2407.gr	randomG_5k	graph_1701.gr
graph_2408.gr	randomG_5k	graph_3739.gr
graph_2409.gr	randomG_5k	graph_1293.gr
graph_2410.gr	randomG_5k	graph_2470.gr
graph_2411.gr	randomG_5k	graph_780.gr
graph_2412.gr	randomG_5k	graph_1641.gr
graph_2413.gr	randomG_5k	graph_1588.gr
graph_2414.gr	randomG_5k	graph_998.gr
graph_2415.gr	randomG_5k	graph_4476.gr
graph_2416.gr	randomG_5k	graph_620.gr
graph_2417.gr	randomG_5k	graph_910.gr
graph_2418.gr	randomG_5k	graph_2774.gr
graph_2419.gr	randomG_5k	graph_867.gr
graph_2420.gr	randomG_5k	graph_23.gr
graph_2421.gr	randomG_5k	graph_2624.gr
graph_2422.gr	randomG_5k	graph_4861.gr
graph_2423.gr	randomG_5k	graph_3927.gr
graph_2424.gr	randomG_5k	graph_1792.gr
graph_2425.gr	randomG_5k	graph_4145.gr
graph_2426.gr	randomG_5k	graph_3029.gr
graph_2427.gr	randomG_5k	graph_2961.gr
graph_2428.gr	randomG_5k	graph_1196.gr
graph_2429.gr	randomG_5k	graph_4743.gr
graph_2430.gr	randomG_5k	graph_1167.gr
graph_2431.gr	randomG_5k	graph_2992.gr
graph_2432.gr	randomG_5k	graph_4278.gr
graph_2433.gr	randomG_5k	graph_2273.gr
graph_2434.gr	randomG_5k	graph_1813.gr
graph_2435.gr	randomG_5k	graph_575.gr
graph_2436.gr	randomG_5k	graph_2792.gr
graph_2437.gr	randomG_5k	graph_4027.gr
graph_2438.gr	randomG_5k	graph_3677.gr
graph_2439.gr	randomG_5k	graph_3073.gr
graph_2440.gr	randomG_5k	graph_3061.gr
graph_2441.gr	randomG_5k	graph_4834.gr
graph_2442.gr	randomG_5k	graph_3149.gr
graph_2443.gr	randomG_5k	graph_1510.gr
graph_2444.gr	randomG_5k	graph_2991.gr
graph_2445.gr	randomG_5k	graph_3809.gr
graph_2446.gr	randomG_5k	graph_4927.gr
graph_2447.gr	randomG_5k	graph_197.gr
graph_2448.gr	randomG_5k	graph_1320.gr
graph_2449.gr	randomG_5k	graph_772.gr
graph_2450.gr	randomG_5k	graph_1756.gr
graph_2451.gr	randomG_5k	graph_92.gr
graph_2452.gr	randomG_5k	graph_2424.gr
graph_2453.gr	randomG_5k	graph_3679.gr
graph_2454.gr	randomG_5k	graph_4667.gr
graph_2455.gr	randomG_5k	graph_3129.gr
graph_2456.gr	randomG_5k	graph_3054.gr
graph_2457.gr	randomG_5k	graph_2806.gr
graph_2458.gr	randomG_5k	graph_4115.gr
graph_2459.gr	randomG_5k	graph_1242.gr
graph_2460.gr	randomG_5k	graph_4080.gr
graph_2461.gr	randomG_5k	graph_1197.gr
graph_2462.gr	randomG_5k	graph_4919.gr
graph_2463.gr	randomG_5k	graph_2531.gr
graph_2464.gr	randomG_5k	graph_409.gr
graph_2465.gr	randomG_5k	graph_3247.gr
graph_2466.gr	randomG_5k	graph_926.gr
graph_2467.gr	randomG_5k	graph_4885.gr
graph_2468.gr	randomG_5k	graph_2360.gr
graph_2469.gr	randomG_5k	graph_997.gr
graph_2470.gr	randomG_5k	graph_4855.gr
graph_2471.gr	randomG_5k	graph_4516.gr
graph_2472.gr	randomG_5k	graph_2114.gr
graph_2473.gr	randomG_5k	graph_264.gr
graph_2474.gr	randomG_5k	graph_4295.gr
graph_2475.gr	randomG_5k	graph_3623.gr
graph_2476.gr	randomG_5k	graph_3367.gr
graph_2477.gr	randomG_5k	graph_2207.gr
graph_2478.gr	randomG_5k	graph_2890.gr
graph_2479.gr	randomG_5k	graph_2830.gr
graph_2480.gr	randomG_5k	graph_4351.gr
graph_2481.gr	randomG_5k	graph_4162.gr
graph_2482.gr	randomG_5k	graph_370.gr
graph_2483.gr	randomG_5k	graph_2271.gr
graph_2484.gr	randomG_5k	graph_1837.gr
graph_2485.gr	randomG_5k	graph_3869.gr
graph_2486.gr	randomG_5k	graph_4546.gr
graph_2487.gr	randomG_5k	graph_3881.gr
graph_2488.gr	randomG_5k	graph_234.gr
graph_2489.gr	randomG_5k	graph_3170.gr
graph_2490.gr	randomG_5k	graph_4482.gr
graph_2491.gr	randomG_5k	graph_4422.gr
graph_2492.gr	randomG_5k	graph_1768.gr
graph_2493.gr	randomG_5k	graph_3952.gr
graph_2494.gr	randomG_5k	graph_2690.gr
graph_2495.gr	randomG_5k	graph_2589.gr
graph_2496.gr	randomG_5k	graph_317.gr
graph_2497.gr	randomG_5k	graph_1683.gr
graph_2498.gr	randomG_5k	graph_1958.gr
graph_2499.gr	randomG_5k	graph_4677.gr
graph_2500.gr	randomG_5k	graph_4435.gr
graph_2501.gr	randomG_5k	graph_4322.gr
graph_2502.gr	randomG_5k	graph_3088.gr
graph_2503.gr	randomG_5k	graph_3062.gr
graph_2504.gr	randomG_5k	graph_2041.gr
graph_2505.gr	randomG_5k	graph_3414.gr
graph_2506.gr	randomG_5k	graph_1638.gr
graph_2507.gr	randomG_5k	graph_3918.gr
graph_2508.gr	randomG_5k	graph_456.gr
graph_2509.gr	randomG_5k	graph_2008.gr
graph_2510.gr	randomG_5k	graph_4193.gr
graph_2511.gr	randomG_5k	graph_2254.gr
graph_2512.gr	randomG_5k	graph_3000.gr
graph_2513.gr	randomG_5k	graph_1148.gr
graph_2514.gr	randomG_5k	graph_4886.gr
graph_2515.gr	randomG_5k	graph_256.gr
graph_2516.gr	randomG_5k	graph_1999.gr
graph_2517.gr	randomG_5k	graph_2972.gr
graph_2518.gr	randomG_5k	graph_3106.gr
graph_2519.gr	randomG_5k	graph_4964.gr
graph_2520.gr	randomG_5k	graph_4231.gr
graph_2521.gr	randomG_5k	graph_3562.gr
graph_2522.gr	randomG_5k	graph_162.gr
graph_2523.gr	randomG_5k	graph_4354.gr
graph_2524.gr	randomG_5k	graph_4528.gr
graph_2525.gr	randomG_5k	graph_2110.gr
graph_2526.gr	randomG_5k	graph_4681.gr
graph_2527.gr	randomG_5k	graph_2100.gr
graph_2528.gr	randomG_5k	graph_3139.gr
graph_2529.gr	randomG_5k	graph_986.gr
graph_2530.gr	randomG_5k	graph_1590.gr
graph_2531.gr	randomG_5k	graph_1262.gr
graph_2532.gr	randomG_5k	graph_785.gr
graph_2533.gr	randomG_5k	graph_471.gr
graph_2534.gr	randomG_5k	graph_881.gr
graph_2535.gr	randomG_5k	graph_501.gr
graph_2536.gr	randomG_5k	graph_3310.gr
graph_2537.gr	randomG_5k	graph_4026.gr
graph_2538.gr	randomG_5k	graph_3790.gr
graph_2539.gr	randomG_5k	graph_3919.gr
graph_2540.gr	randomG_5k	graph_2734.gr
graph_2541.gr	randomG_5k	graph_4068.gr
graph_2542.gr	randomG_5k	graph_3551.gr
graph_2543.gr	randomG_5k	graph_4056.gr
graph_2544.gr	randomG_5k	graph_1552.gr
graph_2545.gr	randomG_5k	graph_2786.gr
graph_2546.gr	randomG_5k	graph_4099.gr
graph_2547.gr	randomG_5k	graph_1472.gr
graph_2548.gr	randomG_5k	graph_3514.gr
graph_2549.gr	randomG_5k	graph_4935.gr
graph_2550.gr	randomG_5k	graph_1283.gr
graph_2551.gr	randomG_5k	graph_1434.gr
graph_2552.gr	randomG_5k	graph_231.gr
graph_2553.gr	randomG_5k	graph_1824.gr
graph_2554.gr	randomG_5k	graph_1069.gr
graph_2555.gr	randomG_5k	graph_2839.gr
graph_2556.gr	randomG_5k	graph_1725.gr
graph_2557.gr	randomG_5k	graph_1214.gr
graph_2558.gr	randomG_5k	graph_1551.gr
graph_2559.gr	randomG_5k	graph_639.gr
graph_2560.gr	randomG_5k	graph_3123.gr
graph_2561.gr	randomG_5k	graph_2474.gr
graph_2562.gr	randomG_5k	graph_666.gr
graph_2563.gr	randomG_5k	graph_3829.gr
graph_2564.gr	randomG_5k	graph_3220.gr
graph_2565.gr	randomG_5k	graph_1952.gr
graph_2566.gr	randomG_5k	graph_1818.gr
graph_2567.gr	randomG_5k	graph_4636.gr
graph_2568.gr	randomG_5k	graph_1956.gr
graph_2569.gr	randomG_5k	graph_3701.gr
graph_2570.gr	randomG_5k	graph_568.gr
graph_2571.gr	randomG_5k	graph_1110.gr
graph_2572.gr	randomG_5k	graph_3896.gr
graph_2573.gr	randomG_5k	graph_3384.gr
graph_2574.gr	randomG_5k	graph_1620.gr
graph_2575.gr	randomG_5k	graph_3206.gr
graph_2576.gr	randomG_5k	graph_1288.gr
graph_2577.gr	randomG_5k	graph_3019.gr
graph_2578.gr	randomG_5k	graph_2157.gr
graph_2579.gr	randomG_5k	graph_2613.gr
graph_2580.gr	randomG_5k	graph_2885.gr
graph_2581.gr	randomG_5k	graph_3571.gr
graph_2582.gr	randomG_5k	graph_3077.gr
graph_2583.gr	randomG_5k	graph_934.gr
graph_2584.gr	randomG_5k	graph_2304.gr
graph_2585.gr	randomG_5k	graph_1172.gr
graph_2586.gr	randomG_5k	graph_4712.gr
graph_2587.gr	randomG_5k	graph_1241.gr
graph_2588.gr	randomG_5k	graph_1831.gr
graph_2589.gr	randomG_5k	graph_1895.gr
graph_2590.gr	randomG_5k	graph_1861.gr
graph_2591.gr	randomG_5k	graph_4241.gr
graph_2592.gr	randomG_5k	graph_940.gr
graph_2593.gr	randomG_5k	graph_290.gr
graph_2594.gr	randomG_5k	graph_916.gr
graph_2595.gr	randomG_5k	graph_3629.gr
graph_2596.gr	randomG_5k	graph_3959.gr
graph_2597.gr	randomG_5k	graph_2526.gr
graph_2598.gr	randomG_5k	graph_2420.gr
graph_2599.gr	randomG_5k	graph_3693.gr
graph_2600.gr	randomG_5k	graph_1586.gr
graph_2601.gr	randomG_5k	graph_402.gr
graph_2602.gr	randomG_5k	graph_3729.gr
graph_2603.gr	randomG_5k	graph_2916.gr
graph_2604.gr	randomG_5k	graph_3907.gr
graph_2605.gr	randomG_5k	graph_2804.gr
graph_2606.gr	randomG_5k	graph_2377.gr
graph_2607.gr	randomG_5k	graph_2238.gr
graph_2608.gr	randomG_5k	graph_4833.gr
graph_2609.gr	randomG_5k	graph_1335.gr
graph_2610.gr	randomG_5k	graph_1589.gr
graph_2611.gr	randomG_5k	graph_3823.gr
graph_2612.gr	randomG_5k	graph_4832.gr
graph_2613.gr	randomG_5k	graph_3480.gr
graph_2614.gr	randomG_5k	graph_4634.gr
graph_2615.gr	randomG_5k	graph_976.gr
graph_2616.gr	randomG_5k	graph_3517.gr
graph_2617.gr	randomG_5k	graph_60.gr
graph_2618.gr	randomG_5k	graph_994.gr
graph_2619.gr	randomG_5k	graph_1450.gr
graph_2620.gr	randomG_5k	graph_4321.gr
graph_2621.gr	randomG_5k	graph_2952.gr
graph_2622.gr	randomG_5k	graph_2194.gr
graph_2623.gr	randomG_5k	graph_1234.gr
graph_2624.gr	randomG_5k	graph_3389.gr
graph_2625.gr	randomG_5k	graph_2569.gr
graph_2626.gr	randomG_5k	graph_139.gr
graph_2627.gr	randomG_5k	graph_1937.gr
graph_2628.gr	randomG_5k	graph_4036.gr
graph_2629.gr	randomG_5k	graph_4524.gr
graph_2630.gr	randomG_5k	graph_1235.gr
graph_2631.gr	randomG_5k	graph_1106.gr
graph_2632.gr	randomG_5k	graph_1039.gr
graph_2633.gr	randomG_5k	graph_2673.gr
graph_2634.gr	randomG_5k	graph_1070.gr
graph_2635.gr	randomG_5k	graph_2490.gr
graph_2636.gr	randomG_5k	graph_4001.gr
graph_2637.gr	randomG_5k	graph_2863.gr
graph_2638.gr	randomG_5k	graph_3708.gr
graph_2639.gr	randomG_5k	graph_4133.gr
graph_2640.gr	randomG_5k	graph_2854.gr
graph_2641.gr	randomG_5k	graph_984.gr
graph_2642.gr	randomG_5k	graph_2617.gr
graph_2643.gr	randomG_5k	graph_3424.gr
graph_2644.gr	randomG_5k	graph_1970.gr
graph_2645.gr	randomG_5k	graph_2259.gr
graph_2646.gr	randomG_5k	graph_431.gr
graph_2647.gr	randomG_5k	graph_3980.gr
graph_2648.gr	randomG_5k	graph_3601.gr
graph_2649.gr	randomG_5k	graph_498.gr
graph_2650.gr	randomG_5k	graph_1884.gr
graph_2651.gr	randomG_5k	graph_469.gr
graph_2652.gr	randomG_5k	graph_3612.gr
graph_2653.gr	randomG_5k	graph_3451.gr
graph_2654.gr	randomG_5k	graph_3231.gr
graph_2655.gr	randomG_5k	graph_4657.gr
graph_2656.gr	randomG_5k	graph_1511.gr
graph_2657.gr	randomG_5k	graph_3132.gr
graph_2658.gr	randomG_5k	graph_4348.gr
graph_2659.gr	randomG_5k	graph_952.gr
graph_2660.gr	randomG_5k	graph_1419.gr
graph_2661.gr	randomG_5k	graph_4700.gr
graph_2662.gr	randomG_5k	graph_3563.gr
graph_2663.gr	randomG_5k	graph_15.gr
graph_2664.gr	randomG_5k	graph_2902.gr
graph_2665.gr	randomG_5k	graph_260.gr
graph_2666.gr	randomG_5k	graph_896.gr
graph_2667.gr	randomG_5k	graph_2351.gr
graph_2668.gr	randomG_5k	graph_880.gr
graph_2669.gr	randomG_5k	graph_854.gr
graph_2670.gr	randomG_5k	graph_3150.gr
graph_2671.gr	randomG_5k	graph_487.gr
graph_2672.gr	randomG_5k	graph_31.gr
graph_2673.gr	randomG_5k	graph_4539.gr
graph_2674.gr	randomG_5k	graph_4578.gr
graph_2675.gr	randomG_5k	graph_4252.gr
graph_2676.gr	randomG_5k	graph_3293.gr
graph_2677.gr	randomG_5k	graph_1407.gr
graph_2678.gr	randomG_5k	graph_1024.gr
graph_2679.gr	randomG_5k	graph_4303.gr
graph_2680.gr	randomG_5k	graph_3110.gr
graph_2681.gr	randomG_5k	graph_1742.gr
graph_2682.gr	randomG_5k	graph_3694.gr
graph_2683.gr	randomG_5k	graph_1534.gr
graph_2684.gr	randomG_5k	graph_713.gr
graph_2685.gr	randomG_5k	graph_4726.gr
graph_2686.gr	randomG_5k	graph_3057.gr
graph_2687.gr	randomG_5k	graph_3478.gr
graph_2688.gr	randomG_5k	graph_4655.gr
graph_2689.gr	randomG_5k	graph_2860.gr
graph_2690.gr	randomG_5k	graph_928.gr
graph_2691.gr	randomG_5k	graph_2494.gr
graph_2692.gr	randomG_5k	graph_2033.gr
graph_2693.gr	randomG_5k	graph_4382.gr
graph_2694.gr	randomG_5k	graph_3092.gr
graph_2695.gr	randomG_5k	graph_1862.gr
graph_2696.gr	randomG_5k	graph_1753.gr
graph_2697.gr	randomG_5k	graph_4475.gr
graph_2698.gr	randomG_5k	graph_3472.gr
graph_2699.gr	randomG_5k	graph_4150.gr
graph_2700.gr	randomG_5k	graph_1312.gr
graph_2701.gr	randomG_5k	graph_1917.gr
graph_2702.gr	randomG_5k	graph_99.gr
graph_2703.gr	randomG_5k	graph_3464.gr
graph_2704.gr	randomG_5k	graph_2243.gr
graph_2705.gr	randomG_5k	graph_4467.gr
graph_2706.gr	randomG_5k	graph_965.gr
graph_2707.gr	randomG_5k	graph_2717.gr
graph_2708.gr	randomG_5k	graph_2140.gr
graph_2709.gr	randomG_5k	graph_3585.gr
graph_2710.gr	randomG_5k	graph_1662.gr
graph_2711.gr	randomG_5k	graph_141.gr
graph_2712.gr	randomG_5k	graph_1751.gr
graph_2713.gr	randomG_5k	graph_3263.gr
graph_2714.gr	randomG_5k	graph_4706.gr
graph_2715.gr	randomG_5k	graph_1490.gr
graph_2716.gr	randomG_5k	graph_2898.gr
graph_2717.gr	randomG_5k	graph_3382.gr
graph_2718.gr	randomG_5k	graph_422.gr
graph_2719.gr	randomG_5k	graph_4960.gr
graph_2720.gr	randomG_5k	graph_641.gr
graph_2721.gr	randomG_5k	graph_2015.gr
graph_2722.gr	randomG_5k	graph_4640.gr
graph_2723.gr	randomG_5k	graph_4116.gr
graph_2724.gr	randomG_5k	graph_3021.gr
graph_2725.gr	randomG_5k	graph_474.gr
graph_2726.gr	randomG_5k	graph_323.gr
graph_2727.gr	randomG_5k	graph_419.gr
graph_2728.gr	randomG_5k	graph_3212.gr
graph_2729.gr	randomG_5k	graph_529.gr
graph_2730.gr	randomG_5k	graph_3208.gr
graph_2731.gr	randomG_5k	graph_1559.gr
graph_2732.gr	randomG_5k	graph_3155.gr
graph_2733.gr	randomG_5k	graph_1880.gr
graph_2734.gr	randomG_5k	graph_2824.gr
graph_2735.gr	randomG_5k	graph_4646.gr
graph_2736.gr	randomG_5k	graph_3981.gr
graph_2737.gr	randomG_5k	graph_4940.gr
graph_2738.gr	randomG_5k	graph_532.gr
graph_2739.gr	randomG_5k	graph_1194.gr
graph_2740.gr	randomG_5k	graph_2449.gr
graph_2741.gr	randomG_5k	graph_1692.gr
graph_2742.gr	randomG_5k	graph_1546.gr
graph_2743.gr	randomG_5k	graph_1277.gr
graph_2744.gr	randomG_5k	graph_3083.gr
graph_2745.gr	randomG_5k	graph_223.gr
graph_2746.gr	randomG_5k	graph_33.gr
graph_2747.gr	randomG_5k	graph_1857.gr
graph_2748.gr	randomG_5k	graph_1577.gr
graph_2749.gr	randomG_5k	graph_2716.gr
graph_2750.gr	randomG_5k	graph_1438.gr
graph_2751.gr	randomG_5k	graph_4159.gr
graph_2752.gr	randomG_5k	graph_698.gr
graph_2753.gr	randomG_5k	graph_802.gr
graph_2754.gr	randomG_5k	graph_1336.gr
graph_2755.gr	randomG_5k	graph_3136.gr
graph_2756.gr	randomG_5k	graph_4755.gr
graph_2757.gr	randomG_5k	graph_3556.gr
graph_2758.gr	randomG_5k	graph_3594.gr
graph_2759.gr	randomG_5k	graph_3228.gr
graph_2760.gr	randomG_5k	graph_4166.gr
graph_2761.gr	randomG_5k	graph_1155.gr
graph_2762.gr	randomG_5k	graph_2384.gr
graph_2763.gr	randomG_5k	graph_390.gr
graph_2764.gr	randomG_5k	graph_3102.gr
graph_2765.gr	randomG_5k	graph_1643.gr
graph_2766.gr	randomG_5k	graph_3161.gr
graph_2767.gr	randomG_5k	graph_2121.gr
graph_2768.gr	randomG_5k	graph_3843.gr
graph_2769.gr	randomG_5k	graph_4809.gr
graph_2770.gr	randomG_5k	graph_4553.gr
graph_2771.gr	randomG_5k	graph_4525.gr
graph_2772.gr	randomG_5k	graph_3542.gr
graph_2773.gr	randomG_5k	graph_4991.gr
graph_2774.gr	randomG_5k	graph_839.gr
graph_2775.gr	randomG_5k	graph_921.gr
graph_2776.gr	randomG_5k	graph_4641.gr
graph_2777.gr	randomG_5k	graph_81.gr
graph_2778.gr	randomG_5k	graph_394.gr
graph_2779.gr	randomG_5k	graph_3281.gr
graph_2780.gr	randomG_5k	graph_1457.gr
graph_2781.gr	randomG_5k	graph_1228.gr
graph_2782.gr	randomG_5k	graph_3308.gr
graph_2783.gr	randomG_5k	graph_1500.gr
graph_2784.gr	randomG_5k	graph_3940.gr
graph_2785.gr	randomG_5k	graph_3710.gr
graph_2786.gr	randomG_5k	graph_2020.gr
graph_2787.gr	randomG_5k	graph_1632.gr
graph_2788.gr	randomG_5k	graph_1832.gr
graph_2789.gr	randomG_5k	graph_11.gr
graph_2790.gr	randomG_5k	graph_2904.gr
graph_2791.gr	randomG_5k	graph_3091.gr
graph_2792.gr	randomG_5k	graph_4094.gr
graph_2793.gr	randomG_5k	graph_1955.gr
graph_2794.gr	randomG_5k	graph_2016.gr
graph_2795.gr	randomG_5k	graph_1371.gr
graph_2796.gr	randomG_5k	graph_4280.gr
graph_2797.gr	randomG_5k	graph_2591.gr
graph_2798.gr	randomG_5k	graph_4513.gr
graph_2799.gr	randomG_5k	graph_2045.gr
graph_2800.gr	randomG_5k	graph_3246.gr
graph_2801.gr	randomG_5k	graph_138.gr
graph_2802.gr	randomG_5k	graph_1920.gr
graph_2803.gr	randomG_5k	graph_784.gr
graph_2804.gr	randomG_5k	graph_237.gr
graph_2805.gr	randomG_5k	graph_3578.gr
graph_2806.gr	randomG_5k	graph_114.gr
graph_2807.gr	randomG_5k	graph_2539.gr
graph_2808.gr	randomG_5k	graph_586.gr
graph_2809.gr	randomG_5k	graph_128.gr
graph_2810.gr	randomG_5k	graph_3860.gr
graph_2811.gr	randomG_5k	graph_3256.gr
graph_2812.gr	randomG_5k	graph_2005.gr
graph_2813.gr	randomG_5k	graph_4883.gr
graph_2814.gr	randomG_5k	graph_2189.gr
graph_2815.gr	randomG_5k	graph_1869.gr
graph_2816.gr	randomG_5k	graph_3249.gr
graph_2817.gr	randomG_5k	graph_2516.gr
graph_2818.gr	randomG_5k	graph_2899.gr
graph_2819.gr	randomG_5k	graph_368.gr
graph_2820.gr	randomG_5k	graph_4672.gr
graph_2821.gr	randomG_5k	graph_2955.gr
graph_2822.gr	randomG_5k	graph_2089.gr
graph_2823.gr	randomG_5k	graph_1268.gr
graph_2824.gr	randomG_5k	graph_345.gr
graph_2825.gr	randomG_5k	graph_1059.gr
graph_2826.gr	randomG_5k	graph_1102.gr
graph_2827.gr	randomG_5k	graph_353.gr
graph_2828.gr	randomG_5k	graph_1179.gr
graph_2829.gr	randomG_5k	graph_1247.gr
graph_2830.gr	randomG_5k	graph_3915.gr
graph_2831.gr	randomG_5k	graph_267.gr
graph_2832.gr	randomG_5k	graph_3422.gr
graph_2833.gr	randomG_5k	graph_459.gr
graph_2834.gr	randomG_5k	graph_2251.gr
graph_2835.gr	randomG_5k	graph_1976.gr
graph_2836.gr	randomG_5k	graph_4168.gr
graph_2837.gr	randomG_5k	graph_4888.gr
graph_2838.gr	randomG_5k	graph_1597.gr
graph_2839.gr	randomG_5k	graph_4086.gr
graph_2840.gr	randomG_5k	graph_2496.gr
graph_2841.gr	randomG_5k	graph_3055.gr
graph_2842.gr	randomG_5k	graph_3314.gr
graph_2843.gr	randomG_5k	graph_1314.gr
graph_2844.gr	randomG_5k	graph_1238.gr
graph_2845.gr	randomG_5k	graph_337.gr
graph_2846.gr	randomG_5k	graph_1545.gr
graph_2847.gr	randomG_5k	graph_2756.gr
graph_2848.gr	randomG_5k	graph_4397.gr
graph_2849.gr	randomG_5k	graph_3370.gr
graph_2850.gr	randomG_5k	graph_3271.gr
graph_2851.gr	randomG_5k	graph_4928.gr
graph_2852.gr	randomG_5k	graph_945.gr
graph_2853.gr	randomG_5k	graph_2869.gr
graph_2854.gr	randomG_5k	graph_1865.gr
graph_2855.gr	randomG_5k	graph_4310.gr
graph_2856.gr	randomG_5k	graph_3605.gr
graph_2857.gr	randomG_5k	graph_4705.gr
graph_2858.gr	randomG_5k	graph_3753.gr
graph_2859.gr	randomG_5k	graph_3026.gr
graph_2860.gr	randomG_5k	graph_1115.gr
graph_2861.gr	randomG_5k	graph_1687.gr
graph_2862.gr	randomG_5k	graph_3751.gr
graph_2863.gr	randomG_5k	graph_2171.gr
graph_2864.gr	randomG_5k	graph_1848.gr
graph_2865.gr	randomG_5k	graph_3104.gr
graph_2866.gr	randomG_5k	graph_403.gr
graph_2867.gr	randomG_5k	graph_1435.gr
graph_2868.gr	randomG_5k	graph_995.gr
graph_2869.gr	randomG_5k	graph_1325.gr
graph_2870.gr	randomG_5k	graph_263.gr
graph_2871.gr	randomG_5k	graph_2802.gr
graph_2872.gr	randomG_5k	graph_4304.gr
graph_2873.gr	randomG_5k	graph_1225.gr
graph_2874.gr	randomG_5k	graph_580.gr
graph_2875.gr	randomG_5k	graph_4121.gr
graph_2876.gr	randomG_5k	graph_1881.gr
graph_2877.gr	randomG_5k	graph_3511.gr
graph_2878.gr	randomG_5k	graph_744.gr
graph_2879.gr	randomG_5k	graph_4654.gr
graph_2880.gr	randomG_5k	graph_3.gr
graph_2881.gr	randomG_5k	graph_4290.gr
graph_2882.gr	randomG_5k	graph_194.gr
graph_2883.gr	randomG_5k	graph_3397.gr
graph_2884.gr	randomG_5k	graph_3235.gr
graph_2885.gr	randomG_5k	graph_1819.gr
graph_2886.gr	randomG_5k	graph_3022.gr
graph_2887.gr	randomG_5k	graph_2561.gr
graph_2888.gr	randomG_5k	graph_3533.gr
graph_2889.gr	randomG_5k	graph_2834.gr
graph_2890.gr	randomG_5k	graph_3847.gr
graph_2891.gr	randomG_5k	graph_1305.gr
graph_2892.gr	randomG_5k	graph_2055.gr
graph_2893.gr	randomG_5k	graph_4605.gr
graph_2894.gr	randomG_5k	graph_3503.gr
graph_2895.gr	randomG_5k	graph_3218.gr
graph_2896.gr	randomG_5k	graph_4877.gr
graph_2897.gr	randomG_5k	graph_4768.gr
graph_2898.gr	randomG_5k	graph_769.gr
graph_2899.gr	randomG_5k	graph_3311.gr
graph_2900.gr	randomG_5k	graph_3006.gr
graph_2901.gr	randomG_5k	graph_691.gr
graph_2902.gr	randomG_5k	graph_1503.gr
graph_2903.gr	randomG_5k	graph_4443.gr
graph_2904.gr	randomG_5k	graph_2864.gr
graph_2905.gr	randomG_5k	graph_4015.gr
graph_2906.gr	randomG_5k	graph_1493.gr
graph_2907.gr	randomG_5k	graph_2237.gr
graph_2908.gr	randomG_5k	graph_1929.gr
graph_2909.gr	randomG_5k	graph_3724.gr
graph_2910.gr	randomG_5k	graph_649.gr
graph_2911.gr	randomG_5k	graph_2239.gr
graph_2912.gr	randomG_5k	graph_1143.gr
graph_2913.gr	randomG_5k	graph_4140.gr
graph_2914.gr	randomG_5k	graph_2120.gr
graph_2915.gr	randomG_5k	graph_655.gr
graph_2916.gr	randomG_5k	graph_69.gr
graph_2917.gr	randomG_5k	graph_2960.gr
graph_2918.gr	randomG_5k	graph_3788.gr
graph_2919.gr	randomG_5k	graph_2692.gr
graph_2920.gr	randomG_5k	graph_1113.gr
graph_2921.gr	randomG_5k	graph_3301.gr
graph_2922.gr	randomG_5k	graph_3474.gr
graph_2923.gr	randomG_5k	graph_4483.gr
graph_2924.gr	randomG_5k	graph_4853.gr
graph_2925.gr	randomG_5k	graph_2088.gr
graph_2926.gr	randomG_5k	graph_412.gr
graph_2927.gr	randomG_5k	graph_460.gr
graph_2928.gr	randomG_5k	graph_4065.gr
graph_2929.gr	randomG_5k	graph_4656.gr
graph_2930.gr	randomG_5k	graph_4585.gr
graph_2931.gr	randomG_5k	graph_4161.gr
graph_2932.gr	randomG_5k	graph_841.gr
graph_2933.gr	randomG_5k	graph_2046.gr
graph_2934.gr	randomG_5k	graph_324.gr
graph_2935.gr	randomG_5k	graph_2714.gr
graph_2936.gr	randomG_5k	graph_4346.gr
graph_2937.gr	randomG_5k	graph_115.gr
graph_2938.gr	randomG_5k	graph_4488.gr
graph_2939.gr	randomG_5k	graph_720.gr
graph_2940.gr	randomG_5k	graph_4331.gr
graph_2941.gr	randomG_5k	graph_1218.gr
graph_2942.gr	randomG_5k	graph_1720.gr
graph_2943.gr	randomG_5k	graph_2795.gr
graph_2944.gr	randomG_5k	graph_4131.gr
graph_2945.gr	randomG_5k	graph_2938.gr
graph_2946.gr	randomG_5k	graph_3546.gr
graph_2947.gr	randomG_5k	graph_2180.gr
graph_2948.gr	randomG_5k	graph_627.gr
graph_2949.gr	randomG_5k	graph_1439.gr
graph_2950.gr	randomG_5k	graph_1655.gr
graph_2951.gr	randomG_5k	graph_4880.gr
graph_2952.gr	randomG_5k	graph_2752.gr
graph_2953.gr	randomG_5k	graph_3497.gr
graph_2954.gr	randomG_5k	graph_4236.gr
graph_2955.gr	randomG_5k	graph_3473.gr
graph_2956.gr	randomG_5k	graph_3074.gr
graph_2957.gr	randomG_5k	graph_3732.gr
graph_2958.gr	randomG_5k	graph_273.gr
graph_2959.gr	randomG_5k	graph_208.gr
graph_2960.gr	randomG_5k	graph_3973.gr
graph_2961.gr	randomG_5k	graph_3990.gr
graph_2962.gr	randomG_5k	graph_3394.gr
graph_2963.gr	randomG_5k	graph_2894.gr
graph_2964.gr	randomG_5k	graph_2280.gr
graph_2965.gr	randomG_5k	graph_2509.gr
graph_2966.gr	randomG_5k	graph_2825.gr
graph_2967.gr	randomG_5k	graph_3087.gr
graph_2968.gr	randomG_5k	graph_1840.gr
graph_2969.gr	randomG_5k	graph_2926.gr
graph_2970.gr	randomG_5k	graph_2344.gr
graph_2971.gr	randomG_5k	graph_564.gr
graph_2972.gr	randomG_5k	graph_3935.gr
graph_2973.gr	randomG_5k	graph_4370.gr
graph_2974.gr	randomG_5k	graph_1874.gr
graph_2975.gr	randomG_5k	graph_4587.gr
graph_2976.gr	randomG_5k	graph_1007.gr
graph_2977.gr	randomG_5k	graph_3082.gr
graph_2978.gr	randomG_5k	graph_1774.gr
graph_2979.gr	randomG_5k	graph_1747.gr
graph_2980.gr	randomG_5k	graph_3592.gr
graph_2981.gr	randomG_5k	graph_3611.gr
graph_2982.gr	randomG_5k	graph_4925.gr
graph_2983.gr	randomG_5k	graph_343.gr
graph_2984.gr	randomG_5k	graph_539.gr
graph_2985.gr	randomG_5k	graph_1904.gr
graph_2986.gr	randomG_5k	graph_2514.gr
graph_2987.gr	randomG_5k	graph_184.gr
graph_2988.gr	randomG_5k	graph_2861.gr
graph_2989.gr	randomG_5k	graph_1740.gr
graph_2990.gr	randomG_5k	graph_2447.gr
graph_2991.gr	randomG_5k	graph_4922.gr
graph_2992.gr	randomG_5k	graph_1163.gr
graph_2993.gr	randomG_5k	graph_3956.gr
graph_2994.gr	randomG_5k	graph_1859.gr
graph_2995.gr	randomG_5k	graph_3577.gr
graph_2996.gr	randomG_5k	graph_1357.gr
graph_2997.gr	randomG_5k	graph_2161.gr
graph_2998.gr	randomG_5k	graph_2912.gr
graph_2999.gr	randomG_5k	graph_4758.gr
graph_3000.gr	randomG_5k	graph_947.gr
graph_3001.gr	randomH_5k	graph_2133.gr
graph_3002.gr	randomH_5k	graph_3988.gr
graph_3003.gr	randomH_5k	graph_3778.gr
graph_3004.gr	randomH_5k	graph_2109.gr
graph_3005.gr	randomH_5k	graph_1532.gr
graph_3006.gr	randomH_5k	graph_791.gr
graph_3007.gr	randomH_5k	graph_1630.gr
graph_3008.gr	randomH_5k	graph_298.gr
graph_3009.gr	randomH_5k	graph_988.gr
graph_3010.gr	randomH_5k	graph_4539.gr
graph_3011.gr	randomH_5k	graph_338.gr
graph_3012.gr	randomH_5k	graph_3189.gr
graph_3013.gr	randomH_5k	graph_4932.gr
graph_3014.gr	randomH_5k	graph_4714.gr
graph_3015.gr	randomH_5k	graph_3219.gr
graph_3016.gr	randomH_5k	graph_3308.gr
graph_3017.gr	randomH_5k	graph_3867.gr
graph_3018.gr	randomH_5k	graph_4851.gr
graph_3019.gr	randomH_5k	graph_1400.gr
graph_3020.gr	randomH_5k	graph_371.gr
graph_3021.gr	randomH_5k	graph_3902.gr
graph_3022.gr	randomH_5k	graph_2403.gr
graph_3023.gr	randomH_5k	graph_4914.gr
graph_3024.gr	randomH_5k	graph_4713.gr
graph_3025.gr	randomH_5k	graph_4708.gr
graph_3026.gr	randomH_5k	graph_93.gr
graph_3027.gr	randomH_5k	graph_2940.gr
graph_3028.gr	randomH_5k	graph_2753.gr
graph_3029.gr	randomH_5k	graph_1319.gr
graph_3030.gr	randomH_5k	graph_4226.gr
graph_3031.gr	randomH_5k	graph_640.gr
graph_3032.gr	randomH_5k	graph_1140.gr
graph_3033.gr	randomH_5k	graph_1624.gr
graph_3034.gr	randomH_5k	graph_2371.gr
graph_3035.gr	randomH_5k	graph_642.gr
graph_3036.gr	randomH_5k	graph_661.gr
graph_3037.gr	randomH_5k	graph_1516.gr
graph_3038.gr	randomH_5k	graph_1979.gr
graph_3039.gr	randomH_5k	graph_861.gr
graph_3040.gr	randomH_5k	graph_2434.gr
graph_3041.gr	randomH_5k	graph_593.gr
graph_3042.gr	randomH_5k	graph_3960.gr
graph_3043.gr	randomH_5k	graph_927.gr
graph_3044.gr	randomH_5k	graph_1946.gr
graph_3045.gr	randomH_5k	graph_3699.gr
graph_3046.gr	randomH_5k	graph_353.gr
graph_3047.gr	randomH_5k	graph_2527.gr
graph_3048.gr	randomH_5k	graph_3137.gr
graph_3049.gr	randomH_5k	graph_3370.gr
graph_3050.gr	randomH_5k	graph_3410.gr
graph_3051.gr	randomH_5k	graph_1659.gr
graph_3052.gr	randomH_5k	graph_4346.gr
graph_3053.gr	randomH_5k	graph_4096.gr
graph_3054.gr	randomH_5k	graph_1666.gr
graph_3055.gr	randomH_5k	graph_3109.gr
graph_3056.gr	randomH_5k	graph_3513.gr
graph_3057.gr	randomH_5k	graph_4523.gr
graph_3058.gr	randomH_5k	graph_1506.gr
graph_3059.gr	randomH_5k	graph_2989.gr
graph_3060.gr	randomH_5k	graph_2512.gr
graph_3061.gr	randomH_5k	graph_3459.gr
graph_3062.gr	randomH_5k	graph_1125.gr
graph_3063.gr	randomH_5k	graph_4229.gr
graph_3064.gr	randomH_5k	graph_562.gr
graph_3065.gr	randomH_5k	graph_2240.gr
graph_3066.gr	randomH_5k	graph_596.gr
graph_3067.gr	randomH_5k	graph_4584.gr
graph_3068.gr	randomH_5k	graph_1645.gr
graph_3069.gr	randomH_5k	graph_4440.gr
graph_3070.gr	randomH_5k	graph_3722.gr
graph_3071.gr	randomH_5k	graph_1404.gr
graph_3072.gr	randomH_5k	graph_122.gr
graph_3073.gr	randomH_5k	graph_2004.gr
graph_3074.gr	randomH_5k	graph_221.gr
graph_3075.gr	randomH_5k	graph_2016.gr
graph_3076.gr	randomH_5k	graph_946.gr
graph_3077.gr	randomH_5k	graph_3974.gr
graph_3078.gr	randomH_5k	graph_3385.gr
graph_3079.gr	randomH_5k	graph_2738.gr
graph_3080.gr	randomH_5k	graph_4465.gr
graph_3081.gr	randomH_5k	graph_1848.gr
graph_3082.gr	randomH_5k	graph_2316.gr
graph_3083.gr	randomH_5k	graph_2870.gr
graph_3084.gr	randomH_5k	graph_1040.gr
graph_3085.gr	randomH_5k	graph_1344.gr
graph_3086.gr	randomH_5k	graph_402.gr
graph_3087.gr	randomH_5k	graph_451.gr
graph_3088.gr	randomH_5k	graph_3366.gr
graph_3089.gr	randomH_5k	graph_1189.gr
graph_3090.gr	randomH_5k	graph_1549.gr
graph_3091.gr	randomH_5k	graph_21.gr
graph_3092.gr	randomH_5k	graph_283.gr
graph_3093.gr	randomH_5k	graph_3757.gr
graph_3094.gr	randomH_5k	graph_2848.gr
graph_3095.gr	randomH_5k	graph_4666.gr
graph_3096.gr	randomH_5k	graph_4871.gr
graph_3097.gr	randomH_5k	graph_3348.gr
graph_3098.gr	randomH_5k	graph_3740.gr
graph_3099.gr	randomH_5k	graph_996.gr
graph_3100.gr	randomH_5k	graph_4592.gr
graph_3101.gr	randomH_5k	graph_860.gr
graph_3102.gr	randomH_5k	graph_2946.gr
graph_3103.gr	randomH_5k	graph_2654.gr
graph_3104.gr	randomH_5k	graph_4378.gr
graph_3105.gr	randomH_5k	graph_1704.gr
graph_3106.gr	randomH_5k	graph_937.gr
graph_3107.gr	randomH_5k	graph_258.gr
graph_3108.gr	randomH_5k	graph_2329.gr
graph_3109.gr	randomH_5k	graph_2698.gr
graph_3110.gr	randomH_5k	graph_1348.gr
graph_3111.gr	randomH_5k	graph_470.gr
graph_3112.gr	randomH_5k	graph_4606.gr
graph_3113.gr	randomH_5k	graph_3359.gr
graph_3114.gr	randomH_5k	graph_3792.gr
graph_3115.gr	randomH_5k	graph_3485.gr
graph_3116.gr	randomH_5k	graph_4966.gr
graph_3117.gr	randomH_5k	graph_2448.gr
graph_3118.gr	randomH_5k	graph_2869.gr
graph_3119.gr	randomH_5k	graph_588.gr
graph_3120.gr	randomH_5k	graph_2089.gr
graph_3121.gr	randomH_5k	graph_2478.gr
graph_3122.gr	randomH_5k	graph_4630.gr
graph_3123.gr	randomH_5k	graph_1734.gr
graph_3124.gr	randomH_5k	graph_2751.gr
graph_3125.gr	randomH_5k	graph_1589.gr
graph_3126.gr	randomH_5k	graph_2158.gr
graph_3127.gr	randomH_5k	graph_3116.gr
graph_3128.gr	randomH_5k	graph_1861.gr
graph_3129.gr	randomH_5k	graph_1185.gr
graph_3130.gr	randomH_5k	graph_2786.gr
graph_3131.gr	randomH_5k	graph_4143.gr
graph_3132.gr	randomH_5k	graph_835.gr
graph_3133.gr	randomH_5k	graph_4149.gr
graph_3134.gr	randomH_5k	graph_3379.gr
graph_3135.gr	randomH_5k	graph_3121.gr
graph_3136.gr	randomH_5k	graph_3754.gr
graph_3137.gr	randomH_5k	graph_3910.gr
graph_3138.gr	randomH_5k	graph_1502.gr
graph_3139.gr	randomH_5k	graph_1926.gr
graph_3140.gr	randomH_5k	graph_1801.gr
graph_3141.gr	randomH_5k	graph_3859.gr
graph_3142.gr	randomH_5k	graph_3862.gr
graph_3143.gr	randomH_5k	graph_296.gr
graph_3144.gr	randomH_5k	graph_4575.gr
graph_3145.gr	randomH_5k	graph_1265.gr
graph_3146.gr	randomH_5k	graph_683.gr
graph_3147.gr	randomH_5k	graph_1883.gr
graph_3148.gr	randomH_5k	graph_3802.gr
graph_3149.gr	randomH_5k	graph_1109.gr
graph_3150.gr	randomH_5k	graph_1126.gr
graph_3151.gr	randomH_5k	graph_4982.gr
graph_3152.gr	randomH_5k	graph_1085.gr
graph_3153.gr	randomH_5k	graph_1520.gr
graph_3154.gr	randomH_5k	graph_4669.gr
graph_3155.gr	randomH_5k	graph_4155.gr
graph_3156.gr	randomH_5k	graph_1672.gr
graph_3157.gr	randomH_5k	graph_3141.gr
graph_3158.gr	randomH_5k	graph_1128.gr
graph_3159.gr	randomH_5k	graph_954.gr
graph_3160.gr	randomH_5k	graph_1644.gr
graph_3161.gr	randomH_5k	graph_2383.gr
graph_3162.gr	randomH_5k	graph_2538.gr
graph_3163.gr	randomH_5k	graph_4337.gr
graph_3164.gr	randomH_5k	graph_4430.gr
graph_3165.gr	randomH_5k	graph_1098.gr
graph_3166.gr	randomH_5k	graph_4641.gr
graph_3167.gr	randomH_5k	graph_2608.gr
graph_3168.gr	randomH_5k	graph_456.gr
graph_3169.gr	randomH_5k	graph_157.gr
graph_3170.gr	randomH_5k	graph_4141.gr
graph_3171.gr	randomH_5k	graph_2445.gr
graph_3172.gr	randomH_5k	graph_3571.gr
graph_3173.gr	randomH_5k	graph_4072.gr
graph_3174.gr	randomH_5k	graph_1585.gr
graph_3175.gr	randomH_5k	graph_1190.gr
graph_3176.gr	randomH_5k	graph_415.gr
graph_3177.gr	randomH_5k	graph_3373.gr
graph_3178.gr	randomH_5k	graph_265.gr
graph_3179.gr	randomH_5k	graph_1263.gr
graph_3180.gr	randomH_5k	graph_3572.gr
graph_3181.gr	randomH_5k	graph_4826.gr
graph_3182.gr	randomH_5k	graph_2933.gr
graph_3183.gr	randomH_5k	graph_1590.gr
graph_3184.gr	randomH_5k	graph_4353.gr
graph_3185.gr	randomH_5k	graph_230.gr
graph_3186.gr	randomH_5k	graph_144.gr
graph_3187.gr	randomH_5k	graph_3288.gr
graph_3188.gr	randomH_5k	graph_4278.gr
graph_3189.gr	randomH_5k	graph_1224.gr
graph_3190.gr	randomH_5k	graph_2821.gr
graph_3191.gr	randomH_5k	graph_1.gr
graph_3192.gr	randomH_5k	graph_488.gr
graph_3193.gr	randomH_5k	graph_2518.gr
graph_3194.gr	randomH_5k	graph_2342.gr
graph_3195.gr	randomH_5k	graph_4727.gr
graph_3196.gr	randomH_5k	graph_4723.gr
graph_3197.gr	randomH_5k	graph_1504.gr
graph_3198.gr	randomH_5k	graph_2754.gr
graph_3199.gr	randomH_5k	graph_2934.gr
graph_3200.gr	randomH_5k	graph_3006.gr
graph_3201.gr	randomH_5k	graph_2422.gr
graph_3202.gr	randomH_5k	graph_4764.gr
graph_3203.gr	randomH_5k	graph_87.gr
graph_3204.gr	randomH_5k	graph_1328.gr
graph_3205.gr	randomH_5k	graph_1714.gr
graph_3206.gr	randomH_5k	graph_2428.gr
graph_3207.gr	randomH_5k	graph_1070.gr
graph_3208.gr	randomH_5k	graph_4928.gr
graph_3209.gr	randomH_5k	graph_762.gr
graph_3210.gr	randomH_5k	graph_4312.gr
graph_3211.gr	randomH_5k	graph_2886.gr
graph_3212.gr	randomH_5k	graph_4205.gr
graph_3213.gr	randomH_5k	graph_1981.gr
graph_3214.gr	randomH_5k	graph_2027.gr
graph_3215.gr	randomH_5k	graph_898.gr
graph_3216.gr	randomH_5k	graph_880.gr
graph_3217.gr	randomH_5k	graph_2510.gr
graph_3218.gr	randomH_5k	graph_2163.gr
graph_3219.gr	randomH_5k	graph_4879.gr
graph_3220.gr	randomH_5k	graph_959.gr
graph_3221.gr	randomH_5k	graph_289.gr
graph_3222.gr	randomH_5k	graph_4911.gr
graph_3223.gr	randomH_5k	graph_4240.gr
graph_3224.gr	randomH_5k	graph_2846.gr
graph_3225.gr	randomH_5k	graph_4303.gr
graph_3226.gr	randomH_5k	graph_4676.gr
graph_3227.gr	randomH_5k	graph_4123.gr
graph_3228.gr	randomH_5k	graph_4319.gr
graph_3229.gr	randomH_5k	graph_3751.gr
graph_3230.gr	randomH_5k	graph_4425.gr
graph_3231.gr	randomH_5k	graph_1974.gr
graph_3232.gr	randomH_5k	graph_3211.gr
graph_3233.gr	randomH_5k	graph_60.gr
graph_3234.gr	randomH_5k	graph_1706.gr
graph_3235.gr	randomH_5k	graph_129.gr
graph_3236.gr	randomH_5k	graph_2353.gr
graph_3237.gr	randomH_5k	graph_2416.gr
graph_3238.gr	randomH_5k	graph_1369.gr
graph_3239.gr	randomH_5k	graph_3259.gr
graph_3240.gr	randomH_5k	graph_4080.gr
graph_3241.gr	randomH_5k	graph_4173.gr
graph_3242.gr	randomH_5k	graph_4053.gr
graph_3243.gr	randomH_5k	graph_53.gr
graph_3244.gr	randomH_5k	graph_3139.gr
graph_3245.gr	randomH_5k	graph_2640.gr
graph_3246.gr	randomH_5k	graph_2560.gr
graph_3247.gr	randomH_5k	graph_2010.gr
graph_3248.gr	randomH_5k	graph_1913.gr
graph_3249.gr	randomH_5k	graph_2231.gr
graph_3250.gr	randomH_5k	graph_3695.gr
graph_3251.gr	randomH_5k	graph_1518.gr
graph_3252.gr	randomH_5k	graph_2041.gr
graph_3253.gr	randomH_5k	graph_1091.gr
graph_3254.gr	randomH_5k	graph_1320.gr
graph_3255.gr	randomH_5k	graph_268.gr
graph_3256.gr	randomH_5k	graph_2854.gr
graph_3257.gr	randomH_5k	graph_1787.gr
graph_3258.gr	randomH_5k	graph_3441.gr
graph_3259.gr	randomH_5k	graph_2473.gr
graph_3260.gr	randomH_5k	graph_827.gr
graph_3261.gr	randomH_5k	graph_1535.gr
graph_3262.gr	randomH_5k	graph_1014.gr
graph_3263.gr	randomH_5k	graph_1935.gr
graph_3264.gr	randomH_5k	graph_552.gr
graph_3265.gr	randomH_5k	graph_2878.gr
graph_3266.gr	randomH_5k	graph_1113.gr
graph_3267.gr	randomH_5k	graph_3196.gr
graph_3268.gr	randomH_5k	graph_2794.gr
graph_3269.gr	randomH_5k	graph_367.gr
graph_3270.gr	randomH_5k	graph_3702.gr
graph_3271.gr	randomH_5k	graph_703.gr
graph_3272.gr	randomH_5k	graph_1745.gr
graph_3273.gr	randomH_5k	graph_4195.gr
graph_3274.gr	randomH_5k	graph_590.gr
graph_3275.gr	randomH_5k	graph_1539.gr
graph_3276.gr	randomH_5k	graph_1863.gr
graph_3277.gr	randomH_5k	graph_3208.gr
graph_3278.gr	randomH_5k	graph_2470.gr
graph_3279.gr	randomH_5k	graph_2765.gr
graph_3280.gr	randomH_5k	graph_1702.gr
graph_3281.gr	randomH_5k	graph_1336.gr
graph_3282.gr	randomH_5k	graph_4763.gr
graph_3283.gr	randomH_5k	graph_1051.gr
graph_3284.gr	randomH_5k	graph_4125.gr
graph_3285.gr	randomH_5k	graph_3482.gr
graph_3286.gr	randomH_5k	graph_1078.gr
graph_3287.gr	randomH_5k	graph_4413.gr
graph_3288.gr	randomH_5k	graph_4710.gr
graph_3289.gr	randomH_5k	graph_1895.gr
graph_3290.gr	randomH_5k	graph_1945.gr
graph_3291.gr	randomH_5k	graph_1291.gr
graph_3292.gr	randomH_5k	graph_4719.gr
graph_3293.gr	randomH_5k	graph_1604.gr
graph_3294.gr	randomH_5k	graph_978.gr
graph_3295.gr	randomH_5k	graph_1086.gr
graph_3296.gr	randomH_5k	graph_688.gr
graph_3297.gr	randomH_5k	graph_1971.gr
graph_3298.gr	randomH_5k	graph_4959.gr
graph_3299.gr	randomH_5k	graph_4504.gr
graph_3300.gr	randomH_5k	graph_2578.gr
graph_3301.gr	randomH_5k	graph_4489.gr
graph_3302.gr	randomH_5k	graph_2769.gr
graph_3303.gr	randomH_5k	graph_4464.gr
graph_3304.gr	randomH_5k	graph_2732.gr
graph_3305.gr	randomH_5k	graph_2450.gr
graph_3306.gr	randomH_5k	graph_3053.gr
graph_3307.gr	randomH_5k	graph_1838.gr
graph_3308.gr	randomH_5k	graph_1594.gr
graph_3309.gr	randomH_5k	graph_3669.gr
graph_3310.gr	randomH_5k	graph_4363.gr
graph_3311.gr	randomH_5k	graph_4467.gr
graph_3312.gr	randomH_5k	graph_3770.gr
graph_3313.gr	randomH_5k	graph_794.gr
graph_3314.gr	randomH_5k	graph_560.gr
graph_3315.gr	randomH_5k	graph_4387.gr
graph_3316.gr	randomH_5k	graph_3004.gr
graph_3317.gr	randomH_5k	graph_1655.gr
graph_3318.gr	randomH_5k	graph_1988.gr
graph_3319.gr	randomH_5k	graph_1536.gr
graph_3320.gr	randomH_5k	graph_22.gr
graph_3321.gr	randomH_5k	graph_1005.gr
graph_3322.gr	randomH_5k	graph_121.gr
graph_3323.gr	randomH_5k	graph_4903.gr
graph_3324.gr	randomH_5k	graph_1533.gr
graph_3325.gr	randomH_5k	graph_4598.gr
graph_3326.gr	randomH_5k	graph_4423.gr
graph_3327.gr	randomH_5k	graph_3561.gr
graph_3328.gr	randomH_5k	graph_1380.gr
graph_3329.gr	randomH_5k	graph_1920.gr
graph_3330.gr	randomH_5k	graph_3144.gr
graph_3331.gr	randomH_5k	graph_689.gr
graph_3332.gr	randomH_5k	graph_1964.gr
graph_3333.gr	randomH_5k	graph_4695.gr
graph_3334.gr	randomH_5k	graph_166.gr
graph_3335.gr	randomH_5k	graph_1055.gr
graph_3336.gr	randomH_5k	graph_1475.gr
graph_3337.gr	randomH_5k	graph_440.gr
graph_3338.gr	randomH_5k	graph_2674.gr
graph_3339.gr	randomH_5k	graph_2113.gr
graph_3340.gr	randomH_5k	graph_3070.gr
graph_3341.gr	randomH_5k	graph_2506.gr
graph_3342.gr	randomH_5k	graph_1561.gr
graph_3343.gr	randomH_5k	graph_892.gr
graph_3344.gr	randomH_5k	graph_1003.gr
graph_3345.gr	randomH_5k	graph_2584.gr
graph_3346.gr	randomH_5k	graph_4876.gr
graph_3347.gr	randomH_5k	graph_3240.gr
graph_3348.gr	randomH_5k	graph_4724.gr
graph_3349.gr	randomH_5k	graph_4789.gr
graph_3350.gr	randomH_5k	graph_461.gr
graph_3351.gr	randomH_5k	graph_2867.gr
graph_3352.gr	randomH_5k	graph_4745.gr
graph_3353.gr	randomH_5k	graph_4519.gr
graph_3354.gr	randomH_5k	graph_1510.gr
graph_3355.gr	randomH_5k	graph_357.gr
graph_3356.gr	randomH_5k	graph_969.gr
graph_3357.gr	randomH_5k	graph_3833.gr
graph_3358.gr	randomH_5k	graph_4211.gr
graph_3359.gr	randomH_5k	graph_4392.gr
graph_3360.gr	randomH_5k	graph_497.gr
graph_3361.gr	randomH_5k	graph_3476.gr
graph_3362.gr	randomH_5k	graph_3238.gr
graph_3363.gr	randomH_5k	graph_242.gr
graph_3364.gr	randomH_5k	graph_2813.gr
graph_3365.gr	randomH_5k	graph_4396.gr
graph_3366.gr	randomH_5k	graph_3996.gr
graph_3367.gr	randomH_5k	graph_2697.gr
graph_3368.gr	randomH_5k	graph_3715.gr
graph_3369.gr	randomH_5k	graph_2629.gr
graph_3370.gr	randomH_5k	graph_2137.gr
graph_3371.gr	randomH_5k	graph_4645.gr
graph_3372.gr	randomH_5k	graph_3649.gr
graph_3373.gr	randomH_5k	graph_1416.gr
graph_3374.gr	randomH_5k	graph_899.gr
graph_3375.gr	randomH_5k	graph_3624.gr
graph_3376.gr	randomH_5k	graph_110.gr
graph_3377.gr	randomH_5k	graph_3645.gr
graph_3378.gr	randomH_5k	graph_1159.gr
graph_3379.gr	randomH_5k	graph_3284.gr
graph_3380.gr	randomH_5k	graph_4209.gr
graph_3381.gr	randomH_5k	graph_246.gr
graph_3382.gr	randomH_5k	graph_4371.gr
graph_3383.gr	randomH_5k	graph_1940.gr
graph_3384.gr	randomH_5k	graph_2585.gr
graph_3385.gr	randomH_5k	graph_2799.gr
graph_3386.gr	randomH_5k	graph_347.gr
graph_3387.gr	randomH_5k	graph_1407.gr
graph_3388.gr	randomH_5k	graph_3795.gr
graph_3389.gr	randomH_5k	graph_2536.gr
graph_3390.gr	randomH_5k	graph_555.gr
graph_3391.gr	randomH_5k	graph_1327.gr
graph_3392.gr	randomH_5k	graph_4335.gr
graph_3393.gr	randomH_5k	graph_4243.gr
graph_3394.gr	randomH_5k	graph_2411.gr
graph_3395.gr	randomH_5k	graph_4576.gr
graph_3396.gr	randomH_5k	graph_3325.gr
graph_3397.gr	randomH_5k	graph_4916.gr
graph_3398.gr	randomH_5k	graph_4022.gr
graph_3399.gr	randomH_5k	graph_2474.gr
graph_3400.gr	randomH_5k	graph_2009.gr
graph_3401.gr	randomH_5k	graph_1621.gr
graph_3402.gr	randomH_5k	graph_2209.gr
graph_3403.gr	randomH_5k	graph_4147.gr
graph_3404.gr	randomH_5k	graph_3895.gr
graph_3405.gr	randomH_5k	graph_2708.gr
graph_3406.gr	randomH_5k	graph_901.gr
graph_3407.gr	randomH_5k	graph_1045.gr
graph_3408.gr	randomH_5k	graph_2193.gr
graph_3409.gr	randomH_5k	graph_3848.gr
graph_3410.gr	randomH_5k	graph_1010.gr
graph_3411.gr	randomH_5k	graph_3287.gr
graph_3412.gr	randomH_5k	graph_659.gr
graph_3413.gr	randomH_5k	graph_3174.gr
graph_3414.gr	randomH_5k	graph_3176.gr
graph_3415.gr	randomH_5k	graph_458.gr
graph_3416.gr	randomH_5k	graph_1094.gr
graph_3417.gr	randomH_5k	graph_4010.gr
graph_3418.gr	randomH_5k	graph_3155.gr
graph_3419.gr	randomH_5k	graph_3956.gr
graph_3420.gr	randomH_5k	graph_2105.gr
graph_3421.gr	randomH_5k	graph_1660.gr
graph_3422.gr	randomH_5k	graph_986.gr
graph_3423.gr	randomH_5k	graph_3896.gr
graph_3424.gr	randomH_5k	graph_4420.gr
graph_3425.gr	randomH_5k	graph_3261.gr
graph_3426.gr	randomH_5k	graph_323.gr
graph_3427.gr	randomH_5k	graph_1324.gr
graph_3428.gr	randomH_5k	graph_814.gr
graph_3429.gr	randomH_5k	graph_3225.gr
graph_3430.gr	randomH_5k	graph_2393.gr
graph_3431.gr	randomH_5k	graph_2029.gr
graph_3432.gr	randomH_5k	graph_3753.gr
graph_3433.gr	randomH_5k	graph_3064.gr
graph_3434.gr	randomH_5k	graph_2204.gr
graph_3435.gr	randomH_5k	graph_1878.gr
graph_3436.gr	randomH_5k	graph_1432.gr
graph_3437.gr	randomH_5k	graph_1092.gr
graph_3438.gr	randomH_5k	graph_3880.gr
graph_3439.gr	randomH_5k	graph_4681.gr
graph_3440.gr	randomH_5k	graph_471.gr
graph_3441.gr	randomH_5k	graph_2170.gr
graph_3442.gr	randomH_5k	graph_4682.gr
graph_3443.gr	randomH_5k	graph_3402.gr
graph_3444.gr	randomH_5k	graph_4894.gr
graph_3445.gr	randomH_5k	graph_1343.gr
graph_3446.gr	randomH_5k	graph_652.gr
graph_3447.gr	randomH_5k	graph_2155.gr
graph_3448.gr	randomH_5k	graph_603.gr
graph_3449.gr	randomH_5k	graph_2789.gr
graph_3450.gr	randomH_5k	graph_2108.gr
graph_3451.gr	randomH_5k	graph_3626.gr
graph_3452.gr	randomH_5k	graph_3953.gr
graph_3453.gr	randomH_5k	graph_1221.gr
graph_3454.gr	randomH_5k	graph_455.gr
graph_3455.gr	randomH_5k	graph_1759.gr
graph_3456.gr	randomH_5k	graph_3544.gr
graph_3457.gr	randomH_5k	graph_1961.gr
graph_3458.gr	randomH_5k	graph_4018.gr
graph_3459.gr	randomH_5k	graph_3276.gr
graph_3460.gr	randomH_5k	graph_2023.gr
graph_3461.gr	randomH_5k	graph_94.gr
graph_3462.gr	randomH_5k	graph_4543.gr
graph_3463.gr	randomH_5k	graph_1041.gr
graph_3464.gr	randomH_5k	graph_4639.gr
graph_3465.gr	randomH_5k	graph_4283.gr
graph_3466.gr	randomH_5k	graph_790.gr
graph_3467.gr	randomH_5k	graph_1388.gr
graph_3468.gr	randomH_5k	graph_2877.gr
graph_3469.gr	randomH_5k	graph_4510.gr
graph_3470.gr	randomH_5k	graph_2157.gr
graph_3471.gr	randomH_5k	graph_315.gr
graph_3472.gr	randomH_5k	graph_3681.gr
graph_3473.gr	randomH_5k	graph_2546.gr
graph_3474.gr	randomH_5k	graph_947.gr
graph_3475.gr	randomH_5k	graph_3086.gr
graph_3476.gr	randomH_5k	graph_2757.gr
graph_3477.gr	randomH_5k	graph_3816.gr
graph_3478.gr	randomH_5k	graph_1009.gr
graph_3479.gr	randomH_5k	graph_2715.gr
graph_3480.gr	randomH_5k	graph_2484.gr
graph_3481.gr	randomH_5k	graph_4401.gr
graph_3482.gr	randomH_5k	graph_4202.gr
graph_3483.gr	randomH_5k	graph_725.gr
graph_3484.gr	randomH_5k	graph_1550.gr
graph_3485.gr	randomH_5k	graph_923.gr
graph_3486.gr	randomH_5k	graph_1470.gr
graph_3487.gr	randomH_5k	graph_2699.gr
graph_3488.gr	randomH_5k	graph_1978.gr
graph_3489.gr	randomH_5k	graph_348.gr
graph_3490.gr	randomH_5k	graph_1989.gr
graph_3491.gr	randomH_5k	graph_2476.gr
graph_3492.gr	randomH_5k	graph_1060.gr
graph_3493.gr	randomH_5k	graph_2056.gr
graph_3494.gr	randomH_5k	graph_3756.gr
graph_3495.gr	randomH_5k	graph_3411.gr
graph_3496.gr	randomH_5k	graph_4284.gr
graph_3497.gr	randomH_5k	graph_1081.gr
graph_3498.gr	randomH_5k	graph_39.gr
graph_3499.gr	randomH_5k	graph_3082.gr
graph_3500.gr	randomH_5k	graph_2714.gr
graph_3501.gr	randomH_5k	graph_4348.gr
graph_3502.gr	randomH_5k	graph_691.gr
graph_3503.gr	randomH_5k	graph_3812.gr
graph_3504.gr	randomH_5k	graph_3646.gr
graph_3505.gr	randomH_5k	graph_1899.gr
graph_3506.gr	randomH_5k	graph_2326.gr
graph_3507.gr	randomH_5k	graph_2922.gr
graph_3508.gr	randomH_5k	graph_2838.gr
graph_3509.gr	randomH_5k	graph_4239.gr
graph_3510.gr	randomH_5k	graph_486.gr
graph_3511.gr	randomH_5k	graph_4315.gr
graph_3512.gr	randomH_5k	graph_736.gr
graph_3513.gr	randomH_5k	graph_4738.gr
graph_3514.gr	randomH_5k	graph_12.gr
graph_3515.gr	randomH_5k	graph_3931.gr
graph_3516.gr	randomH_5k	graph_3732.gr
graph_3517.gr	randomH_5k	graph_2192.gr
graph_3518.gr	randomH_5k	graph_662.gr
graph_3519.gr	randomH_5k	graph_4919.gr
graph_3520.gr	randomH_5k	graph_2670.gr
graph_3521.gr	randomH_5k	graph_614.gr
graph_3522.gr	randomH_5k	graph_1144.gr
graph_3523.gr	randomH_5k	graph_1284.gr
graph_3524.gr	randomH_5k	graph_3897.gr
graph_3525.gr	randomH_5k	graph_3439.gr
graph_3526.gr	randomH_5k	graph_2180.gr
graph_3527.gr	randomH_5k	graph_2015.gr
graph_3528.gr	randomH_5k	graph_2323.gr
graph_3529.gr	randomH_5k	graph_826.gr
graph_3530.gr	randomH_5k	graph_3289.gr
graph_3531.gr	randomH_5k	graph_4128.gr
graph_3532.gr	randomH_5k	graph_292.gr
graph_3533.gr	randomH_5k	graph_1683.gr
graph_3534.gr	randomH_5k	graph_4650.gr
graph_3535.gr	randomH_5k	graph_4200.gr
graph_3536.gr	randomH_5k	graph_1692.gr
graph_3537.gr	randomH_5k	graph_4276.gr
graph_3538.gr	randomH_5k	graph_4441.gr
graph_3539.gr	randomH_5k	graph_4432.gr
graph_3540.gr	randomH_5k	graph_4404.gr
graph_3541.gr	randomH_5k	graph_2145.gr
graph_3542.gr	randomH_5k	graph_551.gr
graph_3543.gr	randomH_5k	graph_696.gr
graph_3544.gr	randomH_5k	graph_1625.gr
graph_3545.gr	randomH_5k	graph_3830.gr
graph_3546.gr	randomH_5k	graph_1347.gr
graph_3547.gr	randomH_5k	graph_4853.gr
graph_3548.gr	randomH_5k	graph_2711.gr
graph_3549.gr	randomH_5k	graph_191.gr
graph_3550.gr	randomH_5k	graph_3736.gr
graph_3551.gr	randomH_5k	graph_4996.gr
graph_3552.gr	randomH_5k	graph_3460.gr
graph_3553.gr	randomH_5k	graph_2898.gr
graph_3554.gr	randomH_5k	graph_1236.gr
graph_3555.gr	randomH_5k	graph_4380.gr
graph_3556.gr	randomH_5k	graph_1730.gr
graph_3557.gr	randomH_5k	graph_1767.gr
graph_3558.gr	randomH_5k	graph_888.gr
graph_3559.gr	randomH_5k	graph_2825.gr
graph_3560.gr	randomH_5k	graph_4960.gr
graph_3561.gr	randomH_5k	graph_4581.gr
graph_3562.gr	randomH_5k	graph_2492.gr
graph_3563.gr	randomH_5k	graph_2138.gr
graph_3564.gr	randomH_5k	graph_430.gr
graph_3565.gr	randomH_5k	graph_1526.gr
graph_3566.gr	randomH_5k	graph_2962.gr
graph_3567.gr	randomH_5k	graph_4637.gr
graph_3568.gr	randomH_5k	graph_4281.gr
graph_3569.gr	randomH_5k	graph_1633.gr
graph_3570.gr	randomH_5k	graph_604.gr
graph_3571.gr	randomH_5k	graph_3711.gr
graph_3572.gr	randomH_5k	graph_2318.gr
graph_3573.gr	randomH_5k	graph_4673.gr
graph_3574.gr	randomH_5k	graph_650.gr
graph_3575.gr	randomH_5k	graph_2498.gr
graph_3576.gr	randomH_5k	graph_3212.gr
graph_3577.gr	randomH_5k	graph_2477.gr
graph_3578.gr	randomH_5k	graph_2140.gr
graph_3579.gr	randomH_5k	graph_3560.gr
graph_3580.gr	randomH_5k	graph_1059.gr
graph_3581.gr	randomH_5k	graph_2881.gr
graph_3582.gr	randomH_5k	graph_4572.gr
graph_3583.gr	randomH_5k	graph_4448.gr
graph_3584.gr	randomH_5k	graph_975.gr
graph_3585.gr	randomH_5k	graph_3593.gr
graph_3586.gr	randomH_5k	graph_1712.gr
graph_3587.gr	randomH_5k	graph_4040.gr
graph_3588.gr	randomH_5k	graph_120.gr
graph_3589.gr	randomH_5k	graph_3204.gr
graph_3590.gr	randomH_5k	graph_303.gr
graph_3591.gr	randomH_5k	graph_4091.gr
graph_3592.gr	randomH_5k	graph_2190.gr
graph_3593.gr	randomH_5k	graph_1216.gr
graph_3594.gr	randomH_5k	graph_2771.gr
graph_3595.gr	randomH_5k	graph_1267.gr
graph_3596.gr	randomH_5k	graph_4976.gr
graph_3597.gr	randomH_5k	graph_3710.gr
graph_3598.gr	randomH_5k	graph_3089.gr
graph_3599.gr	randomH_5k	graph_3036.gr
graph_3600.gr	randomH_5k	graph_2103.gr
graph_3601.gr	randomH_5k	graph_3092.gr
graph_3602.gr	randomH_5k	graph_1669.gr
graph_3603.gr	randomH_5k	graph_1710.gr
graph_3604.gr	randomH_5k	graph_2032.gr
graph_3605.gr	randomH_5k	graph_2662.gr
graph_3606.gr	randomH_5k	graph_3875.gr
graph_3607.gr	randomH_5k	graph_3360.gr
graph_3608.gr	randomH_5k	graph_3235.gr
graph_3609.gr	randomH_5k	graph_519.gr
graph_3610.gr	randomH_5k	graph_4602.gr
graph_3611.gr	randomH_5k	graph_4858.gr
graph_3612.gr	randomH_5k	graph_2256.gr
graph_3613.gr	randomH_5k	graph_4987.gr
graph_3614.gr	randomH_5k	graph_3865.gr
graph_3615.gr	randomH_5k	graph_2764.gr
graph_3616.gr	randomH_5k	graph_2489.gr
graph_3617.gr	randomH_5k	graph_738.gr
graph_3618.gr	randomH_5k	graph_2655.gr
graph_3619.gr	randomH_5k	graph_4075.gr
graph_3620.gr	randomH_5k	graph_690.gr
graph_3621.gr	randomH_5k	graph_3414.gr
graph_3622.gr	randomH_5k	graph_1472.gr
graph_3623.gr	randomH_5k	graph_1325.gr
graph_3624.gr	randomH_5k	graph_3574.gr
graph_3625.gr	randomH_5k	graph_2025.gr
graph_3626.gr	randomH_5k	graph_1164.gr
graph_3627.gr	randomH_5k	graph_4653.gr
graph_3628.gr	randomH_5k	graph_3717.gr
graph_3629.gr	randomH_5k	graph_4511.gr
graph_3630.gr	randomH_5k	graph_1932.gr
graph_3631.gr	randomH_5k	graph_2298.gr
graph_3632.gr	randomH_5k	graph_4029.gr
graph_3633.gr	randomH_5k	graph_574.gr
graph_3634.gr	randomH_5k	graph_894.gr
graph_3635.gr	randomH_5k	graph_4679.gr
graph_3636.gr	randomH_5k	graph_1237.gr
graph_3637.gr	randomH_5k	graph_1869.gr
graph_3638.gr	randomH_5k	graph_624.gr
graph_3639.gr	randomH_5k	graph_750.gr
graph_3640.gr	randomH_5k	graph_2594.gr
graph_3641.gr	randomH_5k	graph_1377.gr
graph_3642.gr	randomH_5k	graph_1379.gr
graph_3643.gr	randomH_5k	graph_3548.gr
graph_3644.gr	randomH_5k	graph_4566.gr
graph_3645.gr	randomH_5k	graph_2774.gr
graph_3646.gr	randomH_5k	graph_2175.gr
graph_3647.gr	randomH_5k	graph_2208.gr
graph_3648.gr	randomH_5k	graph_2524.gr
graph_3649.gr	randomH_5k	graph_4059.gr
graph_3650.gr	randomH_5k	graph_185.gr
graph_3651.gr	randomH_5k	graph_1757.gr
graph_3652.gr	randomH_5k	graph_1849.gr
graph_3653.gr	randomH_5k	graph_2266.gr
graph_3654.gr	randomH_5k	graph_4573.gr
graph_3655.gr	randomH_5k	graph_4407.gr
graph_3656.gr	randomH_5k	graph_4446.gr
graph_3657.gr	randomH_5k	graph_1892.gr
graph_3658.gr	randomH_5k	graph_4703.gr
graph_3659.gr	randomH_5k	graph_1200.gr
graph_3660.gr	randomH_5k	graph_2472.gr
graph_3661.gr	randomH_5k	graph_3958.gr
graph_3662.gr	randomH_5k	graph_3672.gr
graph_3663.gr	randomH_5k	graph_205.gr
graph_3664.gr	randomH_5k	graph_36.gr
graph_3665.gr	randomH_5k	graph_2624.gr
graph_3666.gr	randomH_5k	graph_2931.gr
graph_3667.gr	randomH_5k	graph_611.gr
graph_3668.gr	randomH_5k	graph_4106.gr
graph_3669.gr	randomH_5k	graph_3750.gr
graph_3670.gr	randomH_5k	graph_1049.gr
graph_3671.gr	randomH_5k	graph_4742.gr
graph_3672.gr	randomH_5k	graph_4798.gr
graph_3673.gr	randomH_5k	graph_3096.gr
graph_3674.gr	randomH_5k	graph_135.gr
graph_3675.gr	randomH_5k	graph_4343.gr
graph_3676.gr	randomH_5k	graph_2135.gr
graph_3677.gr	randomH_5k	graph_4835.gr
graph_3678.gr	randomH_5k	graph_3879.gr
graph_3679.gr	randomH_5k	graph_3522.gr
graph_3680.gr	randomH_5k	graph_1483.gr
graph_3681.gr	randomH_5k	graph_594.gr
graph_3682.gr	randomH_5k	graph_4139.gr
graph_3683.gr	randomH_5k	graph_2304.gr
graph_3684.gr	randomH_5k	graph_1376.gr
graph_3685.gr	randomH_5k	graph_2396.gr
graph_3686.gr	randomH_5k	graph_995.gr
graph_3687.gr	randomH_5k	graph_2850.gr
graph_3688.gr	randomH_5k	graph_2819.gr
graph_3689.gr	randomH_5k	graph_2464.gr
graph_3690.gr	randomH_5k	graph_1747.gr
graph_3691.gr	randomH_5k	graph_3557.gr
graph_3692.gr	randomH_5k	graph_1941.gr
graph_3693.gr	randomH_5k	graph_4893.gr
graph_3694.gr	randomH_5k	graph_3389.gr
graph_3695.gr	randomH_5k	graph_2356.gr
graph_3696.gr	randomH_5k	graph_893.gr
graph_3697.gr	randomH_5k	graph_774.gr
graph_3698.gr	randomH_5k	graph_866.gr
graph_3699.gr	randomH_5k	graph_1650.gr
graph_3700.gr	randomH_5k	graph_2125.gr
graph_3701.gr	randomH_5k	graph_2978.gr
graph_3702.gr	randomH_5k	graph_1722.gr
graph_3703.gr	randomH_5k	graph_1679.gr
graph_3704.gr	randomH_5k	graph_3033.gr
graph_3705.gr	randomH_5k	graph_3168.gr
graph_3706.gr	randomH_5k	graph_327.gr
graph_3707.gr	randomH_5k	graph_4454.gr
graph_3708.gr	randomH_5k	graph_3590.gr
graph_3709.gr	randomH_5k	graph_3858.gr
graph_3710.gr	randomH_5k	graph_1847.gr
graph_3711.gr	randomH_5k	graph_4187.gr
graph_3712.gr	randomH_5k	graph_2449.gr
graph_3713.gr	randomH_5k	graph_4272.gr
graph_3714.gr	randomH_5k	graph_1104.gr
graph_3715.gr	randomH_5k	graph_4930.gr
graph_3716.gr	randomH_5k	graph_277.gr
graph_3717.gr	randomH_5k	graph_3642.gr
graph_3718.gr	randomH_5k	graph_2159.gr
graph_3719.gr	randomH_5k	graph_1187.gr
graph_3720.gr	randomH_5k	graph_3697.gr
graph_3721.gr	randomH_5k	graph_325.gr
graph_3722.gr	randomH_5k	graph_293.gr
graph_3723.gr	randomH_5k	graph_2217.gr
graph_3724.gr	randomH_5k	graph_2351.gr
graph_3725.gr	randomH_5k	graph_1395.gr
graph_3726.gr	randomH_5k	graph_877.gr
graph_3727.gr	randomH_5k	graph_3156.gr
graph_3728.gr	randomH_5k	graph_1934.gr
graph_3729.gr	randomH_5k	graph_345.gr
graph_3730.gr	randomH_5k	graph_4051.gr
graph_3731.gr	randomH_5k	graph_1135.gr
graph_3732.gr	randomH_5k	graph_4427.gr
graph_3733.gr	randomH_5k	graph_1802.gr
graph_3734.gr	randomH_5k	graph_4690.gr
graph_3735.gr	randomH_5k	graph_4529.gr
graph_3736.gr	randomH_5k	graph_1865.gr
graph_3737.gr	randomH_5k	graph_1916.gr
graph_3738.gr	randomH_5k	graph_343.gr
graph_3739.gr	randomH_5k	graph_1163.gr
graph_3740.gr	randomH_5k	graph_2295.gr
graph_3741.gr	randomH_5k	graph_4899.gr
graph_3742.gr	randomH_5k	graph_1409.gr
graph_3743.gr	randomH_5k	graph_1318.gr
graph_3744.gr	randomH_5k	graph_2557.gr
graph_3745.gr	randomH_5k	graph_4294.gr
graph_3746.gr	randomH_5k	graph_4176.gr
graph_3747.gr	randomH_5k	graph_1814.gr
graph_3748.gr	randomH_5k	graph_3738.gr
graph_3749.gr	randomH_5k	graph_1273.gr
graph_3750.gr	randomH_5k	graph_2346.gr
graph_3751.gr	randomH_5k	graph_4685.gr
graph_3752.gr	randomH_5k	graph_2758.gr
graph_3753.gr	randomH_5k	graph_3764.gr
graph_3754.gr	randomH_5k	graph_201.gr
graph_3755.gr	randomH_5k	graph_4691.gr
graph_3756.gr	randomH_5k	graph_3876.gr
graph_3757.gr	randomH_5k	graph_3250.gr
graph_3758.gr	randomH_5k	graph_2219.gr
graph_3759.gr	randomH_5k	graph_2712.gr
graph_3760.gr	randomH_5k	graph_1334.gr
graph_3761.gr	randomH_5k	graph_3575.gr
graph_3762.gr	randomH_5k	graph_2860.gr
graph_3763.gr	randomH_5k	graph_3000.gr
graph_3764.gr	randomH_5k	graph_674.gr
graph_3765.gr	randomH_5k	graph_3293.gr
graph_3766.gr	randomH_5k	graph_833.gr
graph_3767.gr	randomH_5k	graph_134.gr
graph_3768.gr	randomH_5k	graph_3912.gr
graph_3769.gr	randomH_5k	graph_2497.gr
graph_3770.gr	randomH_5k	graph_1618.gr
graph_3771.gr	randomH_5k	graph_2248.gr
graph_3772.gr	randomH_5k	graph_3578.gr
graph_3773.gr	randomH_5k	graph_1064.gr
graph_3774.gr	randomH_5k	graph_4122.gr
graph_3775.gr	randomH_5k	graph_1658.gr
graph_3776.gr	randomH_5k	graph_1043.gr
graph_3777.gr	randomH_5k	graph_3703.gr
graph_3778.gr	randomH_5k	graph_3475.gr
graph_3779.gr	randomH_5k	graph_1090.gr
graph_3780.gr	randomH_5k	graph_2064.gr
graph_3781.gr	randomH_5k	graph_2729.gr
graph_3782.gr	randomH_5k	graph_4071.gr
graph_3783.gr	randomH_5k	graph_34.gr
graph_3784.gr	randomH_5k	graph_716.gr
graph_3785.gr	randomH_5k	graph_1635.gr
graph_3786.gr	randomH_5k	graph_3499.gr
graph_3787.gr	randomH_5k	graph_3202.gr
graph_3788.gr	randomH_5k	graph_2944.gr
graph_3789.gr	randomH_5k	graph_2254.gr
graph_3790.gr	randomH_5k	graph_4445.gr
graph_3791.gr	randomH_5k	graph_3515.gr
graph_3792.gr	randomH_5k	graph_3313.gr
graph_3793.gr	randomH_5k	graph_846.gr
graph_3794.gr	randomH_5k	graph_4418.gr
graph_3795.gr	randomH_5k	graph_792.gr
graph_3796.gr	randomH_5k	graph_2959.gr
graph_3797.gr	randomH_5k	graph_2243.gr
graph_3798.gr	randomH_5k	graph_864.gr
graph_3799.gr	randomH_5k	graph_4487.gr
graph_3800.gr	randomH_5k	graph_626.gr
graph_3801.gr	randomH_5k	graph_1507.gr
graph_3802.gr	randomH_5k	graph_1358.gr
graph_3803.gr	randomH_5k	graph_4207.gr
graph_3804.gr	randomH_5k	graph_2488.gr
graph_3805.gr	randomH_5k	graph_1194.gr
graph_3806.gr	randomH_5k	graph_468.gr
graph_3807.gr	randomH_5k	graph_567.gr
graph_3808.gr	randomH_5k	graph_3807.gr
graph_3809.gr	randomH_5k	graph_3039.gr
graph_3810.gr	randomH_5k	graph_4508.gr
graph_3811.gr	randomH_5k	graph_4157.gr
graph_3812.gr	randomH_5k	graph_2482.gr
graph_3813.gr	randomH_5k	graph_3398.gr
graph_3814.gr	randomH_5k	graph_645.gr
graph_3815.gr	randomH_5k	graph_4127.gr
graph_3816.gr	randomH_5k	graph_2932.gr
graph_3817.gr	randomH_5k	graph_4067.gr
graph_3818.gr	randomH_5k	graph_687.gr
graph_3819.gr	randomH_5k	graph_149.gr
graph_3820.gr	randomH_5k	graph_1754.gr
graph_3821.gr	randomH_5k	graph_4190.gr
graph_3822.gr	randomH_5k	graph_911.gr
graph_3823.gr	randomH_5k	graph_2168.gr
graph_3824.gr	randomH_5k	graph_1103.gr
graph_3825.gr	randomH_5k	graph_3576.gr
graph_3826.gr	randomH_5k	graph_3962.gr
graph_3827.gr	randomH_5k	graph_663.gr
graph_3828.gr	randomH_5k	graph_4386.gr
graph_3829.gr	randomH_5k	graph_3874.gr
graph_3830.gr	randomH_5k	graph_4965.gr
graph_3831.gr	randomH_5k	graph_3986.gr
graph_3832.gr	randomH_5k	graph_2856.gr
graph_3833.gr	randomH_5k	graph_1270.gr
graph_3834.gr	randomH_5k	graph_4560.gr
graph_3835.gr	randomH_5k	graph_154.gr
graph_3836.gr	randomH_5k	graph_2613.gr
graph_3837.gr	randomH_5k	graph_3631.gr
graph_3838.gr	randomH_5k	graph_528.gr
graph_3839.gr	randomH_5k	graph_2392.gr
graph_3840.gr	randomH_5k	graph_2727.gr
graph_3841.gr	randomH_5k	graph_3429.gr
graph_3842.gr	randomH_5k	graph_2872.gr
graph_3843.gr	randomH_5k	graph_4628.gr
graph_3844.gr	randomH_5k	graph_4054.gr
graph_3845.gr	randomH_5k	graph_3246.gr
graph_3846.gr	randomH_5k	graph_379.gr
graph_3847.gr	randomH_5k	graph_2858.gr
graph_3848.gr	randomH_5k	graph_4263.gr
graph_3849.gr	randomH_5k	graph_2178.gr
graph_3850.gr	randomH_5k	graph_3066.gr
graph_3851.gr	randomH_5k	graph_1670.gr
graph_3852.gr	randomH_5k	graph_2516.gr
graph_3853.gr	randomH_5k	graph_4924.gr
graph_3854.gr	randomH_5k	graph_186.gr
graph_3855.gr	randomH_5k	graph_1521.gr
graph_3856.gr	randomH_5k	graph_2008.gr
graph_3857.gr	randomH_5k	graph_1169.gr
graph_3858.gr	randomH_5k	graph_3793.gr
graph_3859.gr	randomH_5k	graph_2976.gr
graph_3860.gr	randomH_5k	graph_3390.gr
graph_3861.gr	randomH_5k	graph_2385.gr
graph_3862.gr	randomH_5k	graph_1831.gr
graph_3863.gr	randomH_5k	graph_4325.gr
graph_3864.gr	randomH_5k	graph_4142.gr
graph_3865.gr	randomH_5k	graph_1442.gr
graph_3866.gr	randomH_5k	graph_1374.gr
graph_3867.gr	randomH_5k	graph_3842.gr
graph_3868.gr	randomH_5k	graph_4684.gr
graph_3869.gr	randomH_5k	graph_2030.gr
graph_3870.gr	randomH_5k	graph_4697.gr
graph_3871.gr	randomH_5k	graph_2828.gr
graph_3872.gr	randomH_5k	graph_1523.gr
graph_3873.gr	randomH_5k	graph_172.gr
graph_3874.gr	randomH_5k	graph_1171.gr
graph_3875.gr	randomH_5k	graph_4667.gr
graph_3876.gr	randomH_5k	graph_84.gr
graph_3877.gr	randomH_5k	graph_3195.gr
graph_3878.gr	randomH_5k	graph_2330.gr
graph_3879.gr	randomH_5k	graph_3804.gr
graph_3880.gr	randomH_5k	graph_409.gr
graph_3881.gr	randomH_5k	graph_983.gr
graph_3882.gr	randomH_5k	graph_3545.gr
graph_3883.gr	randomH_5k	graph_513.gr
graph_3884.gr	randomH_5k	graph_4313.gr
graph_3885.gr	randomH_5k	graph_3107.gr
graph_3886.gr	randomH_5k	graph_2723.gr
graph_3887.gr	randomH_5k	graph_2132.gr
graph_3888.gr	randomH_5k	graph_3771.gr
graph_3889.gr	randomH_5k	graph_2154.gr
graph_3890.gr	randomH_5k	graph_1872.gr
graph_3891.gr	randomH_5k	graph_3542.gr
graph_3892.gr	randomH_5k	graph_3362.gr
graph_3893.gr	randomH_5k	graph_2335.gr
graph_3894.gr	randomH_5k	graph_1583.gr
graph_3895.gr	randomH_5k	graph_536.gr
graph_3896.gr	randomH_5k	graph_4787.gr
graph_3897.gr	randomH_5k	graph_3719.gr
graph_3898.gr	randomH_5k	graph_2059.gr
graph_3899.gr	randomH_5k	graph_7.gr
graph_3900.gr	randomH_5k	graph_180.gr
graph_3901.gr	randomH_5k	graph_2331.gr
graph_3902.gr	randomH_5k	graph_2210.gr
graph_3903.gr	randomH_5k	graph_672.gr
graph_3904.gr	randomH_5k	graph_3322.gr
graph_3905.gr	randomH_5k	graph_3806.gr
graph_3906.gr	randomH_5k	graph_1452.gr
graph_3907.gr	randomH_5k	graph_4656.gr
graph_3908.gr	randomH_5k	graph_3191.gr
graph_3909.gr	randomH_5k	graph_3815.gr
graph_3910.gr	randomH_5k	graph_3718.gr
graph_3911.gr	randomH_5k	graph_3446.gr
graph_3912.gr	randomH_5k	graph_243.gr
graph_3913.gr	randomH_5k	graph_3944.gr
graph_3914.gr	randomH_5k	graph_4755.gr
graph_3915.gr	randomH_5k	graph_1018.gr
graph_3916.gr	randomH_5k	graph_2535.gr
graph_3917.gr	randomH_5k	graph_4311.gr
graph_3918.gr	randomH_5k	graph_4748.gr
graph_3919.gr	randomH_5k	graph_1150.gr
graph_3920.gr	randomH_5k	graph_1718.gr
graph_3921.gr	randomH_5k	graph_1375.gr
graph_3922.gr	randomH_5k	graph_3965.gr
graph_3923.gr	randomH_5k	graph_4946.gr
graph_3924.gr	randomH_5k	graph_2115.gr
graph_3925.gr	randomH_5k	graph_4884.gr
graph_3926.gr	randomH_5k	graph_2469.gr
graph_3927.gr	randomH_5k	graph_27.gr
graph_3928.gr	randomH_5k	graph_654.gr
graph_3929.gr	randomH_5k	graph_1000.gr
graph_3930.gr	randomH_5k	graph_1272.gr
graph_3931.gr	randomH_5k	graph_4253.gr
graph_3932.gr	randomH_5k	graph_206.gr
graph_3933.gr	randomH_5k	graph_3614.gr
graph_3934.gr	randomH_5k	graph_3149.gr
graph_3935.gr	randomH_5k	graph_965.gr
graph_3936.gr	randomH_5k	graph_1879.gr
graph_3937.gr	randomH_5k	graph_4909.gr
graph_3938.gr	randomH_5k	graph_3606.gr
graph_3939.gr	randomH_5k	graph_1584.gr
graph_3940.gr	randomH_5k	graph_566.gr
graph_3941.gr	randomH_5k	graph_4126.gr
graph_3942.gr	randomH_5k	graph_2586.gr
graph_3943.gr	randomH_5k	graph_4041.gr
graph_3944.gr	randomH_5k	graph_4963.gr
graph_3945.gr	randomH_5k	graph_3159.gr
graph_3946.gr	randomH_5k	graph_169.gr
graph_3947.gr	randomH_5k	graph_3059.gr
graph_3948.gr	randomH_5k	graph_3123.gr
graph_3949.gr	randomH_5k	graph_3065.gr
graph_3950.gr	randomH_5k	graph_3811.gr
graph_3951.gr	randomH_5k	graph_1832.gr
graph_3952.gr	randomH_5k	graph_85.gr
graph_3953.gr	randomH_5k	graph_4119.gr
graph_3954.gr	randomH_5k	graph_648.gr
graph_3955.gr	randomH_5k	graph_776.gr
graph_3956.gr	randomH_5k	graph_2236.gr
graph_3957.gr	randomH_5k	graph_4569.gr
graph_3958.gr	randomH_5k	graph_428.gr
graph_3959.gr	randomH_5k	graph_2829.gr
graph_3960.gr	randomH_5k	graph_3501.gr
graph_3961.gr	randomH_5k	graph_2688.gr
graph_3962.gr	randomH_5k	graph_3808.gr
graph_3963.gr	randomH_5k	graph_4117.gr
graph_3964.gr	randomH_5k	graph_82.gr
graph_3965.gr	randomH_5k	graph_2773.gr
graph_3966.gr	randomH_5k	graph_3106.gr
graph_3967.gr	randomH_5k	graph_579.gr
graph_3968.gr	randomH_5k	graph_639.gr
graph_3969.gr	randomH_5k	graph_1912.gr
graph_3970.gr	randomH_5k	graph_4890.gr
graph_3971.gr	randomH_5k	graph_2079.gr
graph_3972.gr	randomH_5k	graph_337.gr
graph_3973.gr	randomH_5k	graph_3309.gr
graph_3974.gr	randomH_5k	graph_4806.gr
graph_3975.gr	randomH_5k	graph_1457.gr
graph_3976.gr	randomH_5k	graph_4793.gr
graph_3977.gr	randomH_5k	graph_4462.gr
graph_3978.gr	randomH_5k	graph_1278.gr
graph_3979.gr	randomH_5k	graph_1046.gr
graph_3980.gr	randomH_5k	graph_2892.gr
graph_3981.gr	randomH_5k	graph_263.gr
graph_3982.gr	randomH_5k	graph_2052.gr
graph_3983.gr	randomH_5k	graph_838.gr
graph_3984.gr	randomH_5k	graph_3923.gr
graph_3985.gr	randomH_5k	graph_3917.gr
graph_3986.gr	randomH_5k	graph_4403.gr
graph_3987.gr	randomH_5k	graph_3393.gr
graph_3988.gr	randomH_5k	graph_1345.gr
graph_3989.gr	randomH_5k	graph_2177.gr
graph_3990.gr	randomH_5k	graph_3018.gr
graph_3991.gr	randomH_5k	graph_2591.gr
graph_3992.gr	randomH_5k	graph_4638.gr
graph_3993.gr	randomH_5k	graph_3290.gr
graph_3994.gr	randomH_5k	graph_3603.gr
graph_3995.gr	randomH_5k	graph_1649.gr
graph_3996.gr	randomH_5k	graph_809.gr
graph_3997.gr	randomH_5k	graph_1781.gr
graph_3998.gr	randomH_5k	graph_3435.gr
graph_3999.gr	randomH_5k	graph_1622.gr
graph_4000.gr	randomH_5k	graph_1295.gr
graph_4001.gr	randomT_5k	graph_4476.gr
graph_4002.gr	randomT_5k	graph_4449.gr
graph_4003.gr	randomT_5k	graph_3642.gr
graph_4004.gr	randomT_5k	graph_1991.gr
graph_4005.gr	randomT_5k	graph_3263.gr
graph_4006.gr	randomT_5k	graph_505.gr
graph_4007.gr	randomT_5k	graph_4290.gr
graph_4008.gr	randomT_5k	graph_620.gr
graph_4009.gr	randomT_5k	graph_3338.gr
graph_4010.gr	randomT_5k	graph_59.gr
graph_4011.gr	randomT_5k	graph_2384.gr
graph_4012.gr	randomT_5k	graph_504.gr
graph_4013.gr	randomT_5k	graph_550.gr
graph_4014.gr	randomT_5k	graph_4914.gr
graph_4015.gr	randomT_5k	graph_1510.gr
graph_4016.gr	randomT_5k	graph_814.gr
graph_4017.gr	randomT_5k	graph_2988.gr
graph_4018.gr	randomT_5k	graph_2075.gr
graph_4019.gr	randomT_5k	graph_2540.gr
graph_4020.gr	randomT_5k	graph_37.gr
graph_4021.gr	randomT_5k	graph_1942.gr
graph_4022.gr	randomT_5k	graph_3685.gr
graph_4023.gr	randomT_5k	graph_3923.gr
graph_4024.gr	randomT_5k	graph_4838.gr
graph_4025.gr	randomT_5k	graph_1567.gr
graph_4026.gr	randomT_5k	graph_2818.gr
graph_4027.gr	randomT_5k	graph_1653.gr
graph_4028.gr	randomT_5k	graph_3217.gr
graph_4029.gr	randomT_5k	graph_1723.gr
graph_4030.gr	randomT_5k	graph_2152.gr
graph_4031.gr	randomT_5k	graph_2006.gr
graph_4032.gr	randomT_5k	graph_2489.gr
graph_4033.gr	randomT_5k	graph_3823.gr
graph_4034.gr	randomT_5k	graph_4566.gr
graph_4035.gr	randomT_5k	graph_2879.gr
graph_4036.gr	randomT_5k	graph_125.gr
graph_4037.gr	randomT_5k	graph_3576.gr
graph_4038.gr	randomT_5k	graph_3477.gr
graph_4039.gr	randomT_5k	graph_773.gr
graph_4040.gr	randomT_5k	graph_952.gr
graph_4041.gr	randomT_5k	graph_2985.gr
graph_4042.gr	randomT_5k	graph_353.gr
graph_4043.gr	randomT_5k	graph_1727.gr
graph_4044.gr	randomT_5k	graph_1453.gr
graph_4045.gr	randomT_5k	graph_1047.gr
graph_4046.gr	randomT_5k	graph_3409.gr
graph_4047.gr	randomT_5k	graph_4370.gr
graph_4048.gr	randomT_5k	graph_4005.gr
graph_4049.gr	randomT_5k	graph_2367.gr
graph_4050.gr	randomT_5k	graph_2843.gr
graph_4051.gr	randomT_5k	graph_1352.gr
graph_4052.gr	randomT_5k	graph_4492.gr
graph_4053.gr	randomT_5k	graph_4166.gr
graph_4054.gr	randomT_5k	graph_213.gr
graph_4055.gr	randomT_5k	graph_548.gr
graph_4056.gr	randomT_5k	graph_3640.gr
graph_4057.gr	randomT_5k	graph_4698.gr
graph_4058.gr	randomT_5k	graph_4726.gr
graph_4059.gr	randomT_5k	graph_3577.gr
graph_4060.gr	randomT_5k	graph_1607.gr
graph_4061.gr	randomT_5k	graph_789.gr
graph_4062.gr	randomT_5k	graph_4723.gr
graph_4063.gr	randomT_5k	graph_403.gr
graph_4064.gr	randomT_5k	graph_1151.gr
graph_4065.gr	randomT_5k	graph_2571.gr
graph_4066.gr	randomT_5k	graph_3904.gr
graph_4067.gr	randomT_5k	graph_2629.gr
graph_4068.gr	randomT_5k	graph_3490.gr
graph_4069.gr	randomT_5k	graph_671.gr
graph_4070.gr	randomT_5k	graph_4369.gr
graph_4071.gr	randomT_5k	graph_3597.gr
graph_4072.gr	randomT_5k	graph_4956.gr
graph_4073.gr	randomT_5k	graph_339.gr
graph_4074.gr	randomT_5k	graph_2894.gr
graph_4075.gr	randomT_5k	graph_960.gr
graph_4076.gr	randomT_5k	graph_1131.gr
graph_4077.gr	randomT_5k	graph_4740.gr
graph_4078.gr	randomT_5k	graph_2649.gr
graph_4079.gr	randomT_5k	graph_454.gr
graph_4080.gr	randomT_5k	graph_1116.gr
graph_4081.gr	randomT_5k	graph_359.gr
graph_4082.gr	randomT_5k	graph_4145.gr
graph_4083.gr	randomT_5k	graph_2695.gr
graph_4084.gr	randomT_5k	graph_4984.gr
graph_4085.gr	randomT_5k	graph_3657.gr
graph_4086.gr	randomT_5k	graph_4962.gr
graph_4087.gr	randomT_5k	graph_2850.gr
graph_4088.gr	randomT_5k	graph_376.gr
graph_4089.gr	randomT_5k	graph_4757.gr
graph_4090.gr	randomT_5k	graph_4932.gr
graph_4091.gr	randomT_5k	graph_318.gr
graph_4092.gr	randomT_5k	graph_4451.gr
graph_4093.gr	randomT_5k	graph_2191.gr
graph_4094.gr	randomT_5k	graph_3831.gr
graph_4095.gr	randomT_5k	graph_3986.gr
graph_4096.gr	randomT_5k	graph_4220.gr
graph_4097.gr	randomT_5k	graph_4022.gr
graph_4098.gr	randomT_5k	graph_2934.gr
graph_4099.gr	randomT_5k	graph_4871.gr
graph_4100.gr	randomT_5k	graph_1887.gr
graph_4101.gr	randomT_5k	graph_4955.gr
graph_4102.gr	randomT_5k	graph_396.gr
graph_4103.gr	randomT_5k	graph_363.gr
graph_4104.gr	randomT_5k	graph_3962.gr
graph_4105.gr	randomT_5k	graph_4361.gr
graph_4106.gr	randomT_5k	graph_3704.gr
graph_4107.gr	randomT_5k	graph_163.gr
graph_4108.gr	randomT_5k	graph_366.gr
graph_4109.gr	randomT_5k	graph_3479.gr
graph_4110.gr	randomT_5k	graph_778.gr
graph_4111.gr	randomT_5k	graph_2808.gr
graph_4112.gr	randomT_5k	graph_4460.gr
graph_4113.gr	randomT_5k	graph_908.gr
graph_4114.gr	randomT_5k	graph_97.gr
graph_4115.gr	randomT_5k	graph_3502.gr
graph_4116.gr	randomT_5k	graph_1884.gr
graph_4117.gr	randomT_5k	graph_3732.gr
graph_4118.gr	randomT_5k	graph_3891.gr
graph_4119.gr	randomT_5k	graph_1834.gr
graph_4120.gr	randomT_5k	graph_3097.gr
graph_4121.gr	randomT_5k	graph_762.gr
graph_4122.gr	randomT_5k	graph_1581.gr
graph_4123.gr	randomT_5k	graph_3294.gr
graph_4124.gr	randomT_5k	graph_3011.gr
graph_4125.gr	randomT_5k	graph_612.gr
graph_4126.gr	randomT_5k	graph_2619.gr
graph_4127.gr	randomT_5k	graph_326.gr
graph_4128.gr	randomT_5k	graph_2902.gr
graph_4129.gr	randomT_5k	graph_4553.gr
graph_4130.gr	randomT_5k	graph_1788.gr
graph_4131.gr	randomT_5k	graph_3512.gr
graph_4132.gr	randomT_5k	graph_3481.gr
graph_4133.gr	randomT_5k	graph_4074.gr
graph_4134.gr	randomT_5k	graph_737.gr
graph_4135.gr	randomT_5k	graph_2402.gr
graph_4136.gr	randomT_5k	graph_3931.gr
graph_4137.gr	randomT_5k	graph_4716.gr
graph_4138.gr	randomT_5k	graph_1970.gr
graph_4139.gr	randomT_5k	graph_4079.gr
graph_4140.gr	randomT_5k	graph_4528.gr
graph_4141.gr	randomT_5k	graph_1858.gr
graph_4142.gr	randomT_5k	graph_1911.gr
graph_4143.gr	randomT_5k	graph_1605.gr
graph_4144.gr	randomT_5k	graph_510.gr
graph_4145.gr	randomT_5k	graph_4168.gr
graph_4146.gr	randomT_5k	graph_1176.gr
graph_4147.gr	randomT_5k	graph_3425.gr
graph_4148.gr	randomT_5k	graph_4495.gr
graph_4149.gr	randomT_5k	graph_4236.gr
graph_4150.gr	randomT_5k	graph_883.gr
graph_4151.gr	randomT_5k	graph_4789.gr
graph_4152.gr	randomT_5k	graph_1778.gr
graph_4153.gr	randomT_5k	graph_1232.gr
graph_4154.gr	randomT_5k	graph_2009.gr
graph_4155.gr	randomT_5k	graph_3125.gr
graph_4156.gr	randomT_5k	graph_1881.gr
graph_4157.gr	randomT_5k	graph_3123.gr
graph_4158.gr	randomT_5k	graph_1698.gr
graph_4159.gr	randomT_5k	graph_1389.gr
graph_4160.gr	randomT_5k	graph_471.gr
graph_4161.gr	randomT_5k	graph_3028.gr
graph_4162.gr	randomT_5k	graph_833.gr
graph_4163.gr	randomT_5k	graph_1228.gr
graph_4164.gr	randomT_5k	graph_1358.gr
graph_4165.gr	randomT_5k	graph_1499.gr
graph_4166.gr	randomT_5k	graph_4745.gr
graph_4167.gr	randomT_5k	graph_1001.gr
graph_4168.gr	randomT_5k	graph_3940.gr
graph_4169.gr	randomT_5k	graph_3504.gr
graph_4170.gr	randomT_5k	graph_427.gr
graph_4171.gr	randomT_5k	graph_341.gr
graph_4172.gr	randomT_5k	graph_4148.gr
graph_4173.gr	randomT_5k	graph_1722.gr
graph_4174.gr	randomT_5k	graph_3458.gr
graph_4175.gr	randomT_5k	graph_4696.gr
graph_4176.gr	randomT_5k	graph_1066.gr
graph_4177.gr	randomT_5k	graph_2710.gr
graph_4178.gr	randomT_5k	graph_1573.gr
graph_4179.gr	randomT_5k	graph_4461.gr
graph_4180.gr	randomT_5k	graph_457.gr
graph_4181.gr	randomT_5k	graph_1860.gr
graph_4182.gr	randomT_5k	graph_4963.gr
graph_4183.gr	randomT_5k	graph_2726.gr
graph_4184.gr	randomT_5k	graph_1851.gr
graph_4185.gr	randomT_5k	graph_2231.gr
graph_4186.gr	randomT_5k	graph_94.gr
graph_4187.gr	randomT_5k	graph_1406.gr
graph_4188.gr	randomT_5k	graph_1971.gr
graph_4189.gr	randomT_5k	graph_3219.gr
graph_4190.gr	randomT_5k	graph_1129.gr
graph_4191.gr	randomT_5k	graph_3619.gr
graph_4192.gr	randomT_5k	graph_243.gr
graph_4193.gr	randomT_5k	graph_4263.gr
graph_4194.gr	randomT_5k	graph_832.gr
graph_4195.gr	randomT_5k	graph_4908.gr
graph_4196.gr	randomT_5k	graph_3441.gr
graph_4197.gr	randomT_5k	graph_4681.gr
graph_4198.gr	randomT_5k	graph_3998.gr
graph_4199.gr	randomT_5k	graph_2094.gr
graph_4200.gr	randomT_5k	graph_3744.gr
graph_4201.gr	randomT_5k	graph_179.gr
graph_4202.gr	randomT_5k	graph_1786.gr
graph_4203.gr	randomT_5k	graph_146.gr
graph_4204.gr	randomT_5k	graph_3536.gr
graph_4205.gr	randomT_5k	graph_2287.gr
graph_4206.gr	randomT_5k	graph_4205.gr
graph_4207.gr	randomT_5k	graph_1729.gr
graph_4208.gr	randomT_5k	graph_3513.gr
graph_4209.gr	randomT_5k	graph_4780.gr
graph_4210.gr	randomT_5k	graph_1844.gr
graph_4211.gr	randomT_5k	graph_4665.gr
graph_4212.gr	randomT_5k	graph_2284.gr
graph_4213.gr	randomT_5k	graph_377.gr
graph_4214.gr	randomT_5k	graph_4748.gr
graph_4215.gr	randomT_5k	graph_1609.gr
graph_4216.gr	randomT_5k	graph_3520.gr
graph_4217.gr	randomT_5k	graph_1347.gr
graph_4218.gr	randomT_5k	graph_301.gr
graph_4219.gr	randomT_5k	graph_1251.gr
graph_4220.gr	randomT_5k	graph_3637.gr
graph_4221.gr	randomT_5k	graph_499.gr
graph_4222.gr	randomT_5k	graph_4606.gr
graph_4223.gr	randomT_5k	graph_4376.gr
graph_4224.gr	randomT_5k	graph_2921.gr
graph_4225.gr	randomT_5k	graph_3691.gr
graph_4226.gr	randomT_5k	graph_347.gr
graph_4227.gr	randomT_5k	graph_1054.gr
graph_4228.gr	randomT_5k	graph_2456.gr
graph_4229.gr	randomT_5k	graph_4329.gr
graph_4230.gr	randomT_5k	graph_4123.gr
graph_4231.gr	randomT_5k	graph_3078.gr
graph_4232.gr	randomT_5k	graph_3531.gr
graph_4233.gr	randomT_5k	graph_3924.gr
graph_4234.gr	randomT_5k	graph_2068.gr
graph_4235.gr	randomT_5k	graph_2786.gr
graph_4236.gr	randomT_5k	graph_663.gr
graph_4237.gr	randomT_5k	graph_3157.gr
graph_4238.gr	randomT_5k	graph_383.gr
graph_4239.gr	randomT_5k	graph_2010.gr
graph_4240.gr	randomT_5k	graph_2756.gr
graph_4241.gr	randomT_5k	graph_2139.gr
graph_4242.gr	randomT_5k	graph_4269.gr
graph_4243.gr	randomT_5k	graph_4813.gr
graph_4244.gr	randomT_5k	graph_3811.gr
graph_4245.gr	randomT_5k	graph_112.gr
graph_4246.gr	randomT_5k	graph_651.gr
graph_4247.gr	randomT_5k	graph_4054.gr
graph_4248.gr	randomT_5k	graph_565.gr
graph_4249.gr	randomT_5k	graph_2549.gr
graph_4250.gr	randomT_5k	graph_3451.gr
graph_4251.gr	randomT_5k	graph_1933.gr
graph_4252.gr	randomT_5k	graph_328.gr
graph_4253.gr	randomT_5k	graph_4785.gr
graph_4254.gr	randomT_5k	graph_1254.gr
graph_4255.gr	randomT_5k	graph_2074.gr
graph_4256.gr	randomT_5k	graph_1493.gr
graph_4257.gr	randomT_5k	graph_1544.gr
graph_4258.gr	randomT_5k	graph_4415.gr
graph_4259.gr	randomT_5k	graph_4080.gr
graph_4260.gr	randomT_5k	graph_3480.gr
graph_4261.gr	randomT_5k	graph_3977.gr
graph_4262.gr	randomT_5k	graph_80.gr
graph_4263.gr	randomT_5k	graph_999.gr
graph_4264.gr	randomT_5k	graph_1387.gr
graph_4265.gr	randomT_5k	graph_1628.gr
graph_4266.gr	randomT_5k	graph_4892.gr
graph_4267.gr	randomT_5k	graph_1783.gr
graph_4268.gr	randomT_5k	graph_1485.gr
graph_4269.gr	randomT_5k	graph_3372.gr
graph_4270.gr	randomT_5k	graph_570.gr
graph_4271.gr	randomT_5k	graph_884.gr
graph_4272.gr	randomT_5k	graph_751.gr
graph_4273.gr	randomT_5k	graph_4184.gr
graph_4274.gr	randomT_5k	graph_1305.gr
graph_4275.gr	randomT_5k	graph_1304.gr
graph_4276.gr	randomT_5k	graph_3501.gr
graph_4277.gr	randomT_5k	graph_1899.gr
graph_4278.gr	randomT_5k	graph_325.gr
graph_4279.gr	randomT_5k	graph_3768.gr
graph_4280.gr	randomT_5k	graph_4597.gr
graph_4281.gr	randomT_5k	graph_2938.gr
graph_4282.gr	randomT_5k	graph_311.gr
graph_4283.gr	randomT_5k	graph_1396.gr
graph_4284.gr	randomT_5k	graph_4208.gr
graph_4285.gr	randomT_5k	graph_2719.gr
graph_4286.gr	randomT_5k	graph_2031.gr
graph_4287.gr	randomT_5k	graph_1756.gr
graph_4288.gr	randomT_5k	graph_1295.gr
graph_4289.gr	randomT_5k	graph_337.gr
graph_4290.gr	randomT_5k	graph_1450.gr
graph_4291.gr	randomT_5k	graph_2759.gr
graph_4292.gr	randomT_5k	graph_4408.gr
graph_4293.gr	randomT_5k	graph_143.gr
graph_4294.gr	randomT_5k	graph_2320.gr
graph_4295.gr	randomT_5k	graph_3488.gr
graph_4296.gr	randomT_5k	graph_4829.gr
graph_4297.gr	randomT_5k	graph_1999.gr
graph_4298.gr	randomT_5k	graph_1890.gr
graph_4299.gr	randomT_5k	graph_2285.gr
graph_4300.gr	randomT_5k	graph_217.gr
graph_4301.gr	randomT_5k	graph_2890.gr
graph_4302.gr	randomT_5k	graph_2586.gr
graph_4303.gr	randomT_5k	graph_1916.gr
graph_4304.gr	randomT_5k	graph_2855.gr
graph_4305.gr	randomT_5k	graph_3878.gr
graph_4306.gr	randomT_5k	graph_4165.gr
graph_4307.gr	randomT_5k	graph_1085.gr
graph_4308.gr	randomT_5k	graph_3655.gr
graph_4309.gr	randomT_5k	graph_554.gr
graph_4310.gr	randomT_5k	graph_3298.gr
graph_4311.gr	randomT_5k	graph_73.gr
graph_4312.gr	randomT_5k	graph_2592.gr
graph_4313.gr	randomT_5k	graph_244.gr
graph_4314.gr	randomT_5k	graph_891.gr
graph_4315.gr	randomT_5k	graph_2008.gr
graph_4316.gr	randomT_5k	graph_4912.gr
graph_4317.gr	randomT_5k	graph_3575.gr
graph_4318.gr	randomT_5k	graph_2696.gr
graph_4319.gr	randomT_5k	graph_3875.gr
graph_4320.gr	randomT_5k	graph_811.gr
graph_4321.gr	randomT_5k	graph_61.gr
graph_4322.gr	randomT_5k	graph_3857.gr
graph_4323.gr	randomT_5k	graph_1369.gr
graph_4324.gr	randomT_5k	graph_4525.gr
graph_4325.gr	randomT_5k	graph_4363.gr
graph_4326.gr	randomT_5k	graph_2423.gr
graph_4327.gr	randomT_5k	graph_2317.gr
graph_4328.gr	randomT_5k	graph_9.gr
graph_4329.gr	randomT_5k	graph_4414.gr
graph_4330.gr	randomT_5k	graph_4944.gr
graph_4331.gr	randomT_5k	graph_2693.gr
graph_4332.gr	randomT_5k	graph_1425.gr
graph_4333.gr	randomT_5k	graph_2398.gr
graph_4334.gr	randomT_5k	graph_2250.gr
graph_4335.gr	randomT_5k	graph_1014.gr
graph_4336.gr	randomT_5k	graph_3600.gr
graph_4337.gr	randomT_5k	graph_4019.gr
graph_4338.gr	randomT_5k	graph_1981.gr
graph_4339.gr	randomT_5k	graph_3487.gr
graph_4340.gr	randomT_5k	graph_3330.gr
graph_4341.gr	randomT_5k	graph_57.gr
graph_4342.gr	randomT_5k	graph_2646.gr
graph_4343.gr	randomT_5k	graph_501.gr
graph_4344.gr	randomT_5k	graph_1571.gr
graph_4345.gr	randomT_5k	graph_3626.gr
graph_4346.gr	randomT_5k	graph_882.gr
graph_4347.gr	randomT_5k	graph_38.gr
graph_4348.gr	randomT_5k	graph_2625.gr
graph_4349.gr	randomT_5k	graph_3331.gr
graph_4350.gr	randomT_5k	graph_4060.gr
graph_4351.gr	randomT_5k	graph_1235.gr
graph_4352.gr	randomT_5k	graph_2533.gr
graph_4353.gr	randomT_5k	graph_523.gr
graph_4354.gr	randomT_5k	graph_2176.gr
graph_4355.gr	randomT_5k	graph_2048.gr
graph_4356.gr	randomT_5k	graph_3852.gr
graph_4357.gr	randomT_5k	graph_1533.gr
graph_4358.gr	randomT_5k	graph_88.gr
graph_4359.gr	randomT_5k	graph_876.gr
graph_4360.gr	randomT_5k	graph_2995.gr
graph_4361.gr	randomT_5k	graph_4583.gr
graph_4362.gr	randomT_5k	graph_2387.gr
graph_4363.gr	randomT_5k	graph_3282.gr
graph_4364.gr	randomT_5k	graph_2762.gr
graph_4365.gr	randomT_5k	graph_513.gr
graph_4366.gr	randomT_5k	graph_3237.gr
graph_4367.gr	randomT_5k	graph_4210.gr
graph_4368.gr	randomT_5k	graph_3754.gr
graph_4369.gr	randomT_5k	graph_4840.gr
graph_4370.gr	randomT_5k	graph_4186.gr
graph_4371.gr	randomT_5k	graph_512.gr
graph_4372.gr	randomT_5k	graph_4346.gr
graph_4373.gr	randomT_5k	graph_3898.gr
graph_4374.gr	randomT_5k	graph_2639.gr
graph_4375.gr	randomT_5k	graph_3518.gr
graph_4376.gr	randomT_5k	graph_3133.gr
graph_4377.gr	randomT_5k	graph_2816.gr
graph_4378.gr	randomT_5k	graph_1883.gr
graph_4379.gr	randomT_5k	graph_1670.gr
graph_4380.gr	randomT_5k	graph_1472.gr
graph_4381.gr	randomT_5k	graph_365.gr
graph_4382.gr	randomT_5k	graph_127.gr
graph_4383.gr	randomT_5k	graph_415.gr
graph_4384.gr	randomT_5k	graph_1439.gr
graph_4385.gr	randomT_5k	graph_1989.gr
graph_4386.gr	randomT_5k	graph_2496.gr
graph_4387.gr	randomT_5k	graph_4455.gr
graph_4388.gr	randomT_5k	graph_236.gr
graph_4389.gr	randomT_5k	graph_3913.gr
graph_4390.gr	randomT_5k	graph_2702.gr
graph_4391.gr	randomT_5k	graph_1879.gr
graph_4392.gr	randomT_5k	graph_4201.gr
graph_4393.gr	randomT_5k	graph_62.gr
graph_4394.gr	randomT_5k	graph_3778.gr
graph_4395.gr	randomT_5k	graph_2705.gr
graph_4396.gr	randomT_5k	graph_3136.gr
graph_4397.gr	randomT_5k	graph_2848.gr
graph_4398.gr	randomT_5k	graph_2717.gr
graph_4399.gr	randomT_5k	graph_4632.gr
graph_4400.gr	randomT_5k	graph_4727.gr
graph_4401.gr	randomT_5k	graph_4794.gr
graph_4402.gr	randomT_5k	graph_87.gr
graph_4403.gr	randomT_5k	graph_2035.gr
graph_4404.gr	randomT_5k	graph_1395.gr
graph_4405.gr	randomT_5k	graph_1861.gr
graph_4406.gr	randomT_5k	graph_2735.gr
graph_4407.gr	randomT_5k	graph_2531.gr
graph_4408.gr	randomT_5k	graph_490.gr
graph_4409.gr	randomT_5k	graph_461.gr
graph_4410.gr	randomT_5k	graph_350.gr
graph_4411.gr	randomT_5k	graph_1123.gr
graph_4412.gr	randomT_5k	graph_4299.gr
graph_4413.gr	randomT_5k	graph_1940.gr
graph_4414.gr	randomT_5k	graph_275.gr
graph_4415.gr	randomT_5k	graph_232.gr
graph_4416.gr	randomT_5k	graph_4483.gr
graph_4417.gr	randomT_5k	graph_2971.gr
graph_4418.gr	randomT_5k	graph_622.gr
graph_4419.gr	randomT_5k	graph_2189.gr
graph_4420.gr	randomT_5k	graph_3061.gr
graph_4421.gr	randomT_5k	graph_138.gr
graph_4422.gr	randomT_5k	graph_1034.gr
graph_4423.gr	randomT_5k	graph_866.gr
graph_4424.gr	randomT_5k	graph_2217.gr
graph_4425.gr	randomT_5k	graph_3756.gr
graph_4426.gr	randomT_5k	graph_3760.gr
graph_4427.gr	randomT_5k	graph_3320.gr
graph_4428.gr	randomT_5k	graph_3698.gr
graph_4429.gr	randomT_5k	graph_3566.gr
graph_4430.gr	randomT_5k	graph_2809.gr
graph_4431.gr	randomT_5k	graph_1537.gr
graph_4432.gr	randomT_5k	graph_68.gr
graph_4433.gr	randomT_5k	graph_1338.gr
graph_4434.gr	randomT_5k	graph_2734.gr
graph_4435.gr	randomT_5k	graph_2958.gr
graph_4436.gr	randomT_5k	graph_70.gr
graph_4437.gr	randomT_5k	graph_4490.gr
graph_4438.gr	randomT_5k	graph_933.gr
graph_4439.gr	randomT_5k	graph_1383.gr
graph_4440.gr	randomT_5k	graph_1100.gr
graph_4441.gr	randomT_5k	graph_1655.gr
graph_4442.gr	randomT_5k	graph_3598.gr
graph_4443.gr	randomT_5k	graph_3547.gr
graph_4444.gr	randomT_5k	graph_2381.gr
graph_4445.gr	randomT_5k	graph_2718.gr
graph_4446.gr	randomT_5k	graph_126.gr
graph_4447.gr	randomT_5k	graph_3561.gr
graph_4448.gr	randomT_5k	graph_3522.gr
graph_4449.gr	randomT_5k	graph_2954.gr
graph_4450.gr	randomT_5k	graph_4146.gr
graph_4451.gr	randomT_5k	graph_3678.gr
graph_4452.gr	randomT_5k	graph_3022.gr
graph_4453.gr	randomT_5k	graph_1689.gr
graph_4454.gr	randomT_5k	graph_4993.gr
graph_4455.gr	randomT_5k	graph_1766.gr
graph_4456.gr	randomT_5k	graph_3109.gr
graph_4457.gr	randomT_5k	graph_1402.gr
graph_4458.gr	randomT_5k	graph_1745.gr
graph_4459.gr	randomT_5k	graph_4137.gr
graph_4460.gr	randomT_5k	graph_3052.gr
graph_4461.gr	randomT_5k	graph_118.gr
graph_4462.gr	randomT_5k	graph_4923.gr
graph_4463.gr	randomT_5k	graph_4491.gr
graph_4464.gr	randomT_5k	graph_4446.gr
graph_4465.gr	randomT_5k	graph_4164.gr
graph_4466.gr	randomT_5k	graph_4185.gr
graph_4467.gr	randomT_5k	graph_498.gr
graph_4468.gr	randomT_5k	graph_4978.gr
graph_4469.gr	randomT_5k	graph_3882.gr
graph_4470.gr	randomT_5k	graph_2878.gr
graph_4471.gr	randomT_5k	graph_2869.gr
graph_4472.gr	randomT_5k	graph_2895.gr
graph_4473.gr	randomT_5k	graph_1736.gr
graph_4474.gr	randomT_5k	graph_1614.gr
graph_4475.gr	randomT_5k	graph_4114.gr
graph_4476.gr	randomT_5k	graph_1354.gr
graph_4477.gr	randomT_5k	graph_465.gr
graph_4478.gr	randomT_5k	graph_2626.gr
graph_4479.gr	randomT_5k	graph_4243.gr
graph_4480.gr	randomT_5k	graph_4371.gr
graph_4481.gr	randomT_5k	graph_1370.gr
graph_4482.gr	randomT_5k	graph_2106.gr
graph_4483.gr	randomT_5k	graph_3158.gr
graph_4484.gr	randomT_5k	graph_2579.gr
graph_4485.gr	randomT_5k	graph_4879.gr
graph_4486.gr	randomT_5k	graph_283.gr
graph_4487.gr	randomT_5k	graph_2887.gr
graph_4488.gr	randomT_5k	graph_3989.gr
graph_4489.gr	randomT_5k	graph_1433.gr
graph_4490.gr	randomT_5k	graph_3777.gr
graph_4491.gr	randomT_5k	graph_4373.gr
graph_4492.gr	randomT_5k	graph_3224.gr
graph_4493.gr	randomT_5k	graph_2523.gr
graph_4494.gr	randomT_5k	graph_4328.gr
graph_4495.gr	randomT_5k	graph_3914.gr
graph_4496.gr	randomT_5k	graph_3289.gr
graph_4497.gr	randomT_5k	graph_904.gr
graph_4498.gr	randomT_5k	graph_235.gr
graph_4499.gr	randomT_5k	graph_108.gr
graph_4500.gr	randomT_5k	graph_868.gr
graph_4501.gr	randomT_5k	graph_3911.gr
graph_4502.gr	randomT_5k	graph_726.gr
graph_4503.gr	randomT_5k	graph_2930.gr
graph_4504.gr	randomT_5k	graph_770.gr
graph_4505.gr	randomT_5k	graph_2291.gr
graph_4506.gr	randomT_5k	graph_1676.gr
graph_4507.gr	randomT_5k	graph_972.gr
graph_4508.gr	randomT_5k	graph_3399.gr
graph_4509.gr	randomT_5k	graph_4679.gr
graph_4510.gr	randomT_5k	graph_1314.gr
graph_4511.gr	randomT_5k	graph_1068.gr
graph_4512.gr	randomT_5k	graph_4793.gr
graph_4513.gr	randomT_5k	graph_4651.gr
graph_4514.gr	randomT_5k	graph_1093.gr
graph_4515.gr	randomT_5k	graph_3323.gr
graph_4516.gr	randomT_5k	graph_2832.gr
graph_4517.gr	randomT_5k	graph_2339.gr
graph_4518.gr	randomT_5k	graph_4621.gr
graph_4519.gr	randomT_5k	graph_2271.gr
graph_4520.gr	randomT_5k	graph_1852.gr
graph_4521.gr	randomT_5k	graph_2243.gr
graph_4522.gr	randomT_5k	graph_4960.gr
graph_4523.gr	randomT_5k	graph_1426.gr
graph_4524.gr	randomT_5k	graph_4538.gr
graph_4525.gr	randomT_5k	graph_656.gr
graph_4526.gr	randomT_5k	graph_1805.gr
graph_4527.gr	randomT_5k	graph_2012.gr
graph_4528.gr	randomT_5k	graph_3941.gr
graph_4529.gr	randomT_5k	graph_4010.gr
graph_4530.gr	randomT_5k	graph_2146.gr
graph_4531.gr	randomT_5k	graph_4856.gr
graph_4532.gr	randomT_5k	graph_1179.gr
graph_4533.gr	randomT_5k	graph_3162.gr
graph_4534.gr	randomT_5k	graph_2634.gr
graph_4535.gr	randomT_5k	graph_4332.gr
graph_4536.gr	randomT_5k	graph_4130.gr
graph_4537.gr	randomT_5k	graph_2483.gr
graph_4538.gr	randomT_5k	graph_4467.gr
graph_4539.gr	randomT_5k	graph_399.gr
graph_4540.gr	randomT_5k	graph_779.gr
graph_4541.gr	randomT_5k	graph_2508.gr
graph_4542.gr	randomT_5k	graph_1397.gr
graph_4543.gr	randomT_5k	graph_2347.gr
graph_4544.gr	randomT_5k	graph_151.gr
graph_4545.gr	randomT_5k	graph_4730.gr
graph_4546.gr	randomT_5k	graph_4946.gr
graph_4547.gr	randomT_5k	graph_3629.gr
graph_4548.gr	randomT_5k	graph_69.gr
graph_4549.gr	randomT_5k	graph_4537.gr
graph_4550.gr	randomT_5k	graph_716.gr
graph_4551.gr	randomT_5k	graph_2852.gr
graph_4552.gr	randomT_5k	graph_1451.gr
graph_4553.gr	randomT_5k	graph_4752.gr
graph_4554.gr	randomT_5k	graph_4735.gr
graph_4555.gr	randomT_5k	graph_4998.gr
graph_4556.gr	randomT_5k	graph_212.gr
graph_4557.gr	randomT_5k	graph_3663.gr
graph_4558.gr	randomT_5k	graph_3498.gr
graph_4559.gr	randomT_5k	graph_3525.gr
graph_4560.gr	randomT_5k	graph_1585.gr
graph_4561.gr	randomT_5k	graph_4251.gr
graph_4562.gr	randomT_5k	graph_4954.gr
graph_4563.gr	randomT_5k	graph_3459.gr
graph_4564.gr	randomT_5k	graph_1220.gr
graph_4565.gr	randomT_5k	graph_2880.gr
graph_4566.gr	randomT_5k	graph_2950.gr
graph_4567.gr	randomT_5k	graph_3177.gr
graph_4568.gr	randomT_5k	graph_3556.gr
graph_4569.gr	randomT_5k	graph_3075.gr
graph_4570.gr	randomT_5k	graph_3474.gr
graph_4571.gr	randomT_5k	graph_4018.gr
graph_4572.gr	randomT_5k	graph_398.gr
graph_4573.gr	randomT_5k	graph_2306.gr
graph_4574.gr	randomT_5k	graph_3085.gr
graph_4575.gr	randomT_5k	graph_1458.gr
graph_4576.gr	randomT_5k	graph_2108.gr
graph_4577.gr	randomT_5k	graph_522.gr
graph_4578.gr	randomT_5k	graph_2346.gr
graph_4579.gr	randomT_5k	graph_3059.gr
graph_4580.gr	randomT_5k	graph_2738.gr
graph_4581.gr	randomT_5k	graph_93.gr
graph_4582.gr	randomT_5k	graph_4515.gr
graph_4583.gr	randomT_5k	graph_3043.gr
graph_4584.gr	randomT_5k	graph_4280.gr
graph_4585.gr	randomT_5k	graph_4067.gr
graph_4586.gr	randomT_5k	graph_1041.gr
graph_4587.gr	randomT_5k	graph_1301.gr
graph_4588.gr	randomT_5k	graph_2378.gr
graph_4589.gr	randomT_5k	graph_2256.gr
graph_4590.gr	randomT_5k	graph_23.gr
graph_4591.gr	randomT_5k	graph_1432.gr
graph_4592.gr	randomT_5k	graph_4359.gr
graph_4593.gr	randomT_5k	graph_4247.gr
graph_4594.gr	randomT_5k	graph_1202.gr
graph_4595.gr	randomT_5k	graph_3996.gr
graph_4596.gr	randomT_5k	graph_1269.gr
graph_4597.gr	randomT_5k	graph_670.gr
graph_4598.gr	randomT_5k	graph_3821.gr
graph_4599.gr	randomT_5k	graph_3503.gr
graph_4600.gr	randomT_5k	graph_374.gr
graph_4601.gr	randomT_5k	graph_3179.gr
graph_4602.gr	randomT_5k	graph_1476.gr
graph_4603.gr	randomT_5k	graph_3939.gr
graph_4604.gr	randomT_5k	graph_1906.gr
graph_4605.gr	randomT_5k	graph_1447.gr
graph_4606.gr	randomT_5k	graph_3443.gr
graph_4607.gr	randomT_5k	graph_3324.gr
graph_4608.gr	randomT_5k	graph_3262.gr
graph_4609.gr	randomT_5k	graph_818.gr
graph_4610.gr	randomT_5k	graph_2862.gr
graph_4611.gr	randomT_5k	graph_2112.gr
graph_4612.gr	randomT_5k	graph_227.gr
graph_4613.gr	randomT_5k	graph_3232.gr
graph_4614.gr	randomT_5k	graph_2207.gr
graph_4615.gr	randomT_5k	graph_2796.gr
graph_4616.gr	randomT_5k	graph_1637.gr
graph_4617.gr	randomT_5k	graph_3495.gr
graph_4618.gr	randomT_5k	graph_4934.gr
graph_4619.gr	randomT_5k	graph_739.gr
graph_4620.gr	randomT_5k	graph_2052.gr
graph_4621.gr	randomT_5k	graph_4131.gr
graph_4622.gr	randomT_5k	graph_4188.gr
graph_4623.gr	randomT_5k	graph_4397.gr
graph_4624.gr	randomT_5k	graph_4147.gr
graph_4625.gr	randomT_5k	graph_4409.gr
graph_4626.gr	randomT_5k	graph_2376.gr
graph_4627.gr	randomT_5k	graph_4198.gr
graph_4628.gr	randomT_5k	graph_2559.gr
graph_4629.gr	randomT_5k	graph_1724.gr
graph_4630.gr	randomT_5k	graph_1776.gr
graph_4631.gr	randomT_5k	graph_4747.gr
graph_4632.gr	randomT_5k	graph_4032.gr
graph_4633.gr	randomT_5k	graph_414.gr
graph_4634.gr	randomT_5k	graph_4380.gr
graph_4635.gr	randomT_5k	graph_2493.gr
graph_4636.gr	randomT_5k	graph_4386.gr
graph_4637.gr	randomT_5k	graph_877.gr
graph_4638.gr	randomT_5k	graph_348.gr
graph_4639.gr	randomT_5k	graph_3423.gr
graph_4640.gr	randomT_5k	graph_4157.gr
graph_4641.gr	randomT_5k	graph_1311.gr
graph_4642.gr	randomT_5k	graph_3550.gr
graph_4643.gr	randomT_5k	graph_2686.gr
graph_4644.gr	randomT_5k	graph_1371.gr
graph_4645.gr	randomT_5k	graph_4190.gr
graph_4646.gr	randomT_5k	graph_4563.gr
graph_4647.gr	randomT_5k	graph_618.gr
graph_4648.gr	randomT_5k	graph_1416.gr
graph_4649.gr	randomT_5k	graph_3769.gr
graph_4650.gr	randomT_5k	graph_2442.gr
graph_4651.gr	randomT_5k	graph_2585.gr
graph_4652.gr	randomT_5k	graph_4555.gr
graph_4653.gr	randomT_5k	graph_1572.gr
graph_4654.gr	randomT_5k	graph_889.gr
graph_4655.gr	randomT_5k	graph_1465.gr
graph_4656.gr	randomT_5k	graph_1951.gr
graph_4657.gr	randomT_5k	graph_3689.gr
graph_4658.gr	randomT_5k	graph_771.gr
graph_4659.gr	randomT_5k	graph_703.gr
graph_4660.gr	randomT_5k	graph_1211.gr
graph_4661.gr	randomT_5k	graph_1558.gr
graph_4662.gr	randomT_5k	graph_4489.gr
graph_4663.gr	randomT_5k	graph_672.gr
graph_4664.gr	randomT_5k	graph_4546.gr
graph_4665.gr	randomT_5k	graph_2060.gr
graph_4666.gr	randomT_5k	graph_2344.gr
graph_4667.gr	randomT_5k	graph_3971.gr
graph_4668.gr	randomT_5k	graph_3319.gr
graph_4669.gr	randomT_5k	graph_4432.gr
graph_4670.gr	randomT_5k	graph_1799.gr
graph_4671.gr	randomT_5k	graph_2417.gr
graph_4672.gr	randomT_5k	graph_3658.gr
graph_4673.gr	randomT_5k	graph_4991.gr
graph_4674.gr	randomT_5k	graph_249.gr
graph_4675.gr	randomT_5k	graph_417.gr
graph_4676.gr	randomT_5k	graph_168.gr
graph_4677.gr	randomT_5k	graph_3899.gr
graph_4678.gr	randomT_5k	graph_2821.gr
graph_4679.gr	randomT_5k	graph_3482.gr
graph_4680.gr	randomT_5k	graph_715.gr
graph_4681.gr	randomT_5k	graph_2925.gr
graph_4682.gr	randomT_5k	graph_4215.gr
graph_4683.gr	randomT_5k	graph_2824.gr
graph_4684.gr	randomT_5k	graph_1812.gr
graph_4685.gr	randomT_5k	graph_1157.gr
graph_4686.gr	randomT_5k	graph_735.gr
graph_4687.gr	randomT_5k	graph_152.gr
graph_4688.gr	randomT_5k	graph_3300.gr
graph_4689.gr	randomT_5k	graph_602.gr
graph_4690.gr	randomT_5k	graph_4612.gr
graph_4691.gr	randomT_5k	graph_4614.gr
graph_4692.gr	randomT_5k	graph_3175.gr
graph_4693.gr	randomT_5k	graph_3065.gr
graph_4694.gr	randomT_5k	graph_4281.gr
graph_4695.gr	randomT_5k	graph_111.gr
graph_4696.gr	randomT_5k	graph_3461.gr
graph_4697.gr	randomT_5k	graph_810.gr
graph_4698.gr	randomT_5k	graph_2354.gr
graph_4699.gr	randomT_5k	graph_1941.gr
graph_4700.gr	randomT_5k	graph_4283.gr
graph_4701.gr	randomT_5k	graph_202.gr
graph_4702.gr	randomT_5k	graph_1733.gr
graph_4703.gr	randomT_5k	graph_2262.gr
graph_4704.gr	randomT_5k	graph_3723.gr
graph_4705.gr	randomT_5k	graph_3585.gr
graph_4706.gr	randomT_5k	graph_806.gr
graph_4707.gr	randomT_5k	graph_1237.gr
graph_4708.gr	randomT_5k	graph_3839.gr
graph_4709.gr	randomT_5k	graph_2303.gr
graph_4710.gr	randomT_5k	graph_4011.gr
graph_4711.gr	randomT_5k	graph_1742.gr
graph_4712.gr	randomT_5k	graph_3257.gr
graph_4713.gr	randomT_5k	graph_3379.gr
graph_4714.gr	randomT_5k	graph_331.gr
graph_4715.gr	randomT_5k	graph_913.gr
graph_4716.gr	randomT_5k	graph_3570.gr
graph_4717.gr	randomT_5k	graph_2965.gr
graph_4718.gr	randomT_5k	graph_2324.gr
graph_4719.gr	randomT_5k	graph_2469.gr
graph_4720.gr	randomT_5k	graph_907.gr
graph_4721.gr	randomT_5k	graph_3511.gr
graph_4722.gr	randomT_5k	graph_2187.gr
graph_4723.gr	randomT_5k	graph_4594.gr
graph_4724.gr	randomT_5k	graph_439.gr
graph_4725.gr	randomT_5k	graph_2881.gr
graph_4726.gr	randomT_5k	graph_1681.gr
graph_4727.gr	randomT_5k	graph_1225.gr
graph_4728.gr	randomT_5k	graph_229.gr
graph_4729.gr	randomT_5k	graph_3212.gr
graph_4730.gr	randomT_5k	graph_2622.gr
graph_4731.gr	randomT_5k	graph_1980.gr
graph_4732.gr	randomT_5k	graph_4565.gr
graph_4733.gr	randomT_5k	graph_4950.gr
graph_4734.gr	randomT_5k	graph_4608.gr
graph_4735.gr	randomT_5k	graph_2203.gr
graph_4736.gr	randomT_5k	graph_2373.gr
graph_4737.gr	randomT_5k	graph_3993.gr
graph_4738.gr	randomT_5k	graph_736.gr
graph_4739.gr	randomT_5k	graph_160.gr
graph_4740.gr	randomT_5k	graph_688.gr
graph_4741.gr	randomT_5k	graph_1023.gr
graph_4742.gr	randomT_5k	graph_4292.gr
graph_4743.gr	randomT_5k	graph_2805.gr
graph_4744.gr	randomT_5k	graph_1372.gr
graph_4745.gr	randomT_5k	graph_1063.gr
graph_4746.gr	randomT_5k	graph_3828.gr
graph_4747.gr	randomT_5k	graph_3339.gr
graph_4748.gr	randomT_5k	graph_2165.gr
graph_4749.gr	randomT_5k	graph_4805.gr
graph_4750.gr	randomT_5k	graph_2071.gr
graph_4751.gr	randomT_5k	graph_4707.gr
graph_4752.gr	randomT_5k	graph_4839.gr
graph_4753.gr	randomT_5k	graph_2812.gr
graph_4754.gr	randomT_5k	graph_1464.gr
graph_4755.gr	randomT_5k	graph_2466.gr
graph_4756.gr	randomT_5k	graph_1789.gr
graph_4757.gr	randomT_5k	graph_3410.gr
graph_4758.gr	randomT_5k	graph_2214.gr
graph_4759.gr	randomT_5k	graph_3127.gr
graph_4760.gr	randomT_5k	graph_3193.gr
graph_4761.gr	randomT_5k	graph_529.gr
graph_4762.gr	randomT_5k	graph_1551.gr
graph_4763.gr	randomT_5k	graph_3393.gr
graph_4764.gr	randomT_5k	graph_4683.gr
graph_4765.gr	randomT_5k	graph_4089.gr
graph_4766.gr	randomT_5k	graph_1293.gr
graph_4767.gr	randomT_5k	graph_1284.gr
graph_4768.gr	randomT_5k	graph_2407.gr
graph_4769.gr	randomT_5k	graph_252.gr
graph_4770.gr	randomT_5k	graph_3279.gr
graph_4771.gr	randomT_5k	graph_2516.gr
graph_4772.gr	randomT_5k	graph_1868.gr
graph_4773.gr	randomT_5k	graph_2722.gr
graph_4774.gr	randomT_5k	graph_27.gr
graph_4775.gr	randomT_5k	graph_526.gr
graph_4776.gr	randomT_5k	graph_4661.gr
graph_4777.gr	randomT_5k	graph_1904.gr
graph_4778.gr	randomT_5k	graph_2552.gr
graph_4779.gr	randomT_5k	graph_3809.gr
graph_4780.gr	randomT_5k	graph_939.gr
graph_4781.gr	randomT_5k	graph_1762.gr
graph_4782.gr	randomT_5k	graph_1958.gr
graph_4783.gr	randomT_5k	graph_3080.gr
graph_4784.gr	randomT_5k	graph_2127.gr
graph_4785.gr	randomT_5k	graph_4499.gr
graph_4786.gr	randomT_5k	graph_89.gr
graph_4787.gr	randomT_5k	graph_1496.gr
graph_4788.gr	randomT_5k	graph_2928.gr
graph_4789.gr	randomT_5k	graph_342.gr
graph_4790.gr	randomT_5k	graph_2674.gr
graph_4791.gr	randomT_5k	graph_1715.gr
graph_4792.gr	randomT_5k	graph_4393.gr
graph_4793.gr	randomT_5k	graph_563.gr
graph_4794.gr	randomT_5k	graph_1777.gr
graph_4795.gr	randomT_5k	graph_2258.gr
graph_4796.gr	randomT_5k	graph_4206.gr
graph_4797.gr	randomT_5k	graph_1721.gr
graph_4798.gr	randomT_5k	graph_4781.gr
graph_4799.gr	randomT_5k	graph_1962.gr
graph_4800.gr	randomT_5k	graph_3120.gr
graph_4801.gr	randomT_5k	graph_2982.gr
graph_4802.gr	randomT_5k	graph_1561.gr
graph_4803.gr	randomT_5k	graph_3476.gr
graph_4804.gr	randomT_5k	graph_1105.gr
graph_4805.gr	randomT_5k	graph_4298.gr
graph_4806.gr	randomT_5k	graph_4513.gr
graph_4807.gr	randomT_5k	graph_2994.gr
graph_4808.gr	randomT_5k	graph_586.gr
graph_4809.gr	randomT_5k	graph_2791.gr
graph_4810.gr	randomT_5k	graph_557.gr
graph_4811.gr	randomT_5k	graph_2558.gr
graph_4812.gr	randomT_5k	graph_20.gr
graph_4813.gr	randomT_5k	graph_3187.gr
graph_4814.gr	randomT_5k	graph_3473.gr
graph_4815.gr	randomT_5k	graph_974.gr
graph_4816.gr	randomT_5k	graph_4943.gr
graph_4817.gr	randomT_5k	graph_1059.gr
graph_4818.gr	randomT_5k	graph_2049.gr
graph_4819.gr	randomT_5k	graph_192.gr
graph_4820.gr	randomT_5k	graph_4928.gr
graph_4821.gr	randomT_5k	graph_3682.gr
graph_4822.gr	randomT_5k	graph_3569.gr
graph_4823.gr	randomT_5k	graph_3266.gr
graph_4824.gr	randomT_5k	graph_1088.gr
graph_4825.gr	randomT_5k	graph_1647.gr
graph_4826.gr	randomT_5k	graph_1669.gr
graph_4827.gr	randomT_5k	graph_30.gr
graph_4828.gr	randomT_5k	graph_384.gr
graph_4829.gr	randomT_5k	graph_760.gr
graph_4830.gr	randomT_5k	graph_2474.gr
graph_4831.gr	randomT_5k	graph_4682.gr
graph_4832.gr	randomT_5k	graph_1758.gr
graph_4833.gr	randomT_5k	graph_1363.gr
graph_4834.gr	randomT_5k	graph_1853.gr
graph_4835.gr	randomT_5k	graph_459.gr
graph_4836.gr	randomT_5k	graph_3341.gr
graph_4837.gr	randomT_5k	graph_4435.gr
graph_4838.gr	randomT_5k	graph_4326.gr
graph_4839.gr	randomT_5k	graph_4888.gr
graph_4840.gr	randomT_5k	graph_3295.gr
graph_4841.gr	randomT_5k	graph_2276.gr
graph_4842.gr	randomT_5k	graph_4814.gr
graph_4843.gr	randomT_5k	graph_3430.gr
graph_4844.gr	randomT_5k	graph_4430.gr
graph_4845.gr	randomT_5k	graph_3889.gr
graph_4846.gr	randomT_5k	graph_3853.gr
graph_4847.gr	randomT_5k	graph_2280.gr
graph_4848.gr	randomT_5k	graph_4276.gr
graph_4849.gr	randomT_5k	graph_1530.gr
graph_4850.gr	randomT_5k	graph_333.gr
graph_4851.gr	randomT_5k	graph_4697.gr
graph_4852.gr	randomT_5k	graph_1340.gr
graph_4853.gr	randomT_5k	graph_3972.gr
graph_4854.gr	randomT_5k	graph_153.gr
graph_4855.gr	randomT_5k	graph_2964.gr
graph_4856.gr	randomT_5k	graph_3687.gr
graph_4857.gr	randomT_5k	graph_1413.gr
graph_4858.gr	randomT_5k	graph_2147.gr
graph_4859.gr	randomT_5k	graph_3201.gr
graph_4860.gr	randomT_5k	graph_4759.gr
graph_4861.gr	randomT_5k	graph_4497.gr
graph_4862.gr	randomT_5k	graph_4790.gr
graph_4863.gr	randomT_5k	graph_4347.gr
graph_4864.gr	randomT_5k	graph_4799.gr
graph_4865.gr	randomT_5k	graph_1803.gr
graph_4866.gr	randomT_5k	graph_3086.gr
graph_4867.gr	randomT_5k	graph_841.gr
graph_4868.gr	randomT_5k	graph_3149.gr
graph_4869.gr	randomT_5k	graph_4474.gr
graph_4870.gr	randomT_5k	graph_4673.gr
graph_4871.gr	randomT_5k	graph_196.gr
graph_4872.gr	randomT_5k	graph_4774.gr
graph_4873.gr	randomT_5k	graph_3992.gr
graph_4874.gr	randomT_5k	graph_1519.gr
graph_4875.gr	randomT_5k	graph_375.gr
graph_4876.gr	randomT_5k	graph_4154.gr
graph_4877.gr	randomT_5k	graph_4234.gr
graph_4878.gr	randomT_5k	graph_1819.gr
graph_4879.gr	randomT_5k	graph_4749.gr
graph_4880.gr	randomT_5k	graph_535.gr
graph_4881.gr	randomT_5k	graph_1824.gr
graph_4882.gr	randomT_5k	graph_1483.gr
graph_4883.gr	randomT_5k	graph_4217.gr
graph_4884.gr	randomT_5k	graph_1657.gr
graph_4885.gr	randomT_5k	graph_1757.gr
graph_4886.gr	randomT_5k	graph_1502.gr
graph_4887.gr	randomT_5k	graph_3654.gr
graph_4888.gr	randomT_5k	graph_1650.gr
graph_4889.gr	randomT_5k	graph_11.gr
graph_4890.gr	randomT_5k	graph_1332.gr
graph_4891.gr	randomT_5k	graph_1456.gr
graph_4892.gr	randomT_5k	graph_40.gr
graph_4893.gr	randomT_5k	graph_2690.gr
graph_4894.gr	randomT_5k	graph_1872.gr
graph_4895.gr	randomT_5k	graph_4922.gr
graph_4896.gr	randomT_5k	graph_1924.gr
graph_4897.gr	randomT_5k	graph_2987.gr
graph_4898.gr	randomT_5k	graph_1048.gr
graph_4899.gr	randomT_5k	graph_1579.gr
graph_4900.gr	randomT_5k	graph_4412.gr
graph_4901.gr	randomT_5k	graph_1804.gr
graph_4902.gr	randomT_5k	graph_4588.gr
graph_4903.gr	randomT_5k	graph_1554.gr
graph_4904.gr	randomT_5k	graph_1266.gr
graph_4905.gr	randomT_5k	graph_4853.gr
graph_4906.gr	randomT_5k	graph_514.gr
graph_4907.gr	randomT_5k	graph_2772.gr
graph_4908.gr	randomT_5k	graph_2154.gr
graph_4909.gr	randomT_5k	graph_102.gr
graph_4910.gr	randomT_5k	graph_4623.gr
graph_4911.gr	randomT_5k	graph_3245.gr
graph_4912.gr	randomT_5k	graph_3426.gr
graph_4913.gr	randomT_5k	graph_887.gr
graph_4914.gr	randomT_5k	graph_3735.gr
graph_4915.gr	randomT_5k	graph_4199.gr
graph_4916.gr	randomT_5k	graph_133.gr
graph_4917.gr	randomT_5k	graph_728.gr
graph_4918.gr	randomT_5k	graph_812.gr
graph_4919.gr	randomT_5k	graph_3031.gr
graph_4920.gr	randomT_5k	graph_3013.gr
graph_4921.gr	randomT_5k	graph_2050.gr
graph_4922.gr	randomT_5k	graph_1165.gr
graph_4923.gr	randomT_5k	graph_4530.gr
graph_4924.gr	randomT_5k	graph_1707.gr
graph_4925.gr	randomT_5k	graph_1147.gr
graph_4926.gr	randomT_5k	graph_4834.gr
graph_4927.gr	randomT_5k	graph_4442.gr
graph_4928.gr	randomT_5k	graph_2854.gr
graph_4929.gr	randomT_5k	graph_3313.gr
graph_4930.gr	randomT_5k	graph_992.gr
graph_4931.gr	randomT_5k	graph_4428.gr
graph_4932.gr	randomT_5k	graph_3188.gr
graph_4933.gr	randomT_5k	graph_1017.gr
graph_4934.gr	randomT_5k	graph_2497.gr
graph_4935.gr	randomT_5k	graph_1119.gr
graph_4936.gr	randomT_5k	graph_3885.gr
graph_4937.gr	randomT_5k	graph_3396.gr
graph_4938.gr	randomT_5k	graph_2906.gr
graph_4939.gr	randomT_5k	graph_320.gr
graph_4940.gr	randomT_5k	graph_4926.gr
graph_4941.gr	randomT_5k	graph_796.gr
graph_4942.gr	randomT_5k	graph_1893.gr
graph_4943.gr	randomT_5k	graph_1248.gr
graph_4944.gr	randomT_5k	graph_2751.gr
graph_4945.gr	randomT_5k	graph_2532.gr
graph_4946.gr	randomT_5k	graph_2424.gr
graph_4947.gr	randomT_5k	graph_3471.gr
graph_4948.gr	randomT_5k	graph_2952.gr
graph_4949.gr	randomT_5k	graph_4778.gr
graph_4950.gr	randomT_5k	graph_1608.gr
graph_4951.gr	randomT_5k	graph_2764.gr
graph_4952.gr	randomT_5k	graph_1117.gr
graph_4953.gr	randomT_5k	graph_253.gr
graph_4954.gr	randomT_5k	graph_2665.gr
graph_4955.gr	randomT_5k	graph_3403.gr
graph_4956.gr	randomT_5k	graph_3695.gr
graph_4957.gr	randomT_5k	graph_4729.gr
graph_4958.gr	randomT_5k	graph_1321.gr
graph_4959.gr	randomT_5k	graph_1947.gr
graph_4960.gr	randomT_5k	graph_3366.gr
graph_4961.gr	randomT_5k	graph_2026.gr
graph_4962.gr	randomT_5k	graph_4860.gr
graph_4963.gr	randomT_5k	graph_2888.gr
graph_4964.gr	randomT_5k	graph_4631.gr
graph_4965.gr	randomT_5k	graph_2795.gr
graph_4966.gr	randomT_5k	graph_2323.gr
graph_4967.gr	randomT_5k	graph_245.gr
graph_4968.gr	randomT_5k	graph_4927.gr
graph_4969.gr	randomT_5k	graph_900.gr
graph_4970.gr	randomT_5k	graph_2916.gr
graph_4971.gr	randomT_5k	graph_4028.gr
graph_4972.gr	randomT_5k	graph_2022.gr
graph_4973.gr	randomT_5k	graph_4493.gr
graph_4974.gr	randomT_5k	graph_4006.gr
graph_4975.gr	randomT_5k	graph_1430.gr
graph_4976.gr	randomT_5k	graph_295.gr
graph_4977.gr	randomT_5k	graph_4278.gr
graph_4978.gr	randomT_5k	graph_2569.gr
graph_4979.gr	randomT_5k	graph_4454.gr
graph_4980.gr	randomT_5k	graph_4524.gr
graph_4981.gr	randomT_5k	graph_3814.gr
graph_4982.gr	randomT_5k	graph_1163.gr
graph_4983.gr	randomT_5k	graph_2535.gr
graph_4984.gr	randomT_5k	graph_433.gr
graph_4985.gr	randomT_5k	graph_3843.gr
graph_4986.gr	randomT_5k	graph_1891.gr
graph_4987.gr	randomT_5k	graph_1797.gr
graph_4988.gr	randomT_5k	graph_3984.gr
graph_4989.gr	randomT_5k	graph_1849.gr
graph_4990.gr	randomT_5k	graph_3806.gr
graph_4991.gr	randomT_5k	graph_4170.gr
graph_4992.gr	randomT_5k	graph_4248.gr
graph_4993.gr	randomT_5k	graph_744.gr
graph_4994.gr	randomT_5k	graph_4667.gr
graph_4995.gr	randomT_5k	graph_1223.gr
graph_4996.gr	randomT_5k	graph_145.gr
graph_4997.gr	randomT_5k	graph_1449.gr
graph_4998.gr	randomT_5k	graph_528.gr
graph_4999.gr	randomT_5k	graph_995.gr
graph_5000.gr	randomT_5k	graph_2605.gr
