new_name	source_dir	source_file
graph_1.gr	RD_5k	graph_3521.gr
graph_2.gr	RD_5k	graph_3933.gr
graph_3.gr	RD_5k	graph_193.gr
graph_4.gr	RD_5k	graph_155.gr
graph_5.gr	RD_5k	graph_3644.gr
graph_6.gr	RD_5k	graph_527.gr
graph_7.gr	RD_5k	graph_3252.gr
graph_8.gr	RD_5k	graph_4285.gr
graph_9.gr	RD_5k	graph_4287.gr
graph_10.gr	RD_5k	graph_3046.gr
graph_11.gr	RD_5k	graph_946.gr
graph_12.gr	RD_5k	graph_2296.gr
graph_13.gr	RD_5k	graph_3562.gr
graph_14.gr	RD_5k	graph_1816.gr
graph_15.gr	RD_5k	graph_2728.gr
graph_16.gr	RD_5k	graph_427.gr
graph_17.gr	RD_5k	graph_4167.gr
graph_18.gr	RD_5k	graph_457.gr
graph_19.gr	RD_5k	graph_167.gr
graph_20.gr	RD_5k	graph_3502.gr
graph_21.gr	RD_5k	graph_184.gr
graph_22.gr	RD_5k	graph_651.gr
graph_23.gr	RD_5k	graph_2456.gr
graph_24.gr	RD_5k	graph_1699.gr
graph_25.gr	RD_5k	graph_1518.gr
graph_26.gr	RD_5k	graph_3283.gr
graph_27.gr	RD_5k	graph_4991.gr
graph_28.gr	RD_5k	graph_324.gr
graph_29.gr	RD_5k	graph_4124.gr
graph_30.gr	RD_5k	graph_1512.gr
graph_31.gr	RD_5k	graph_653.gr
graph_32.gr	RD_5k	graph_3410.gr
graph_33.gr	RD_5k	graph_1306.gr
graph_34.gr	RD_5k	graph_1916.gr
graph_35.gr	RD_5k	graph_236.gr
graph_36.gr	RD_5k	graph_2922.gr
graph_37.gr	RD_5k	graph_4472.gr
graph_38.gr	RD_5k	graph_4206.gr
graph_39.gr	RD_5k	graph_2889.gr
graph_40.gr	RD_5k	graph_3812.gr
graph_41.gr	RD_5k	graph_1176.gr
graph_42.gr	RD_5k	graph_1850.gr
graph_43.gr	RD_5k	graph_561.gr
graph_44.gr	RD_5k	graph_622.gr
graph_45.gr	RD_5k	graph_4491.gr
graph_46.gr	RD_5k	graph_4578.gr
graph_47.gr	RD_5k	graph_339.gr
graph_48.gr	RD_5k	graph_3873.gr
graph_49.gr	RD_5k	graph_2167.gr
graph_50.gr	RD_5k	graph_2325.gr
graph_51.gr	RD_5k	graph_111.gr
graph_52.gr	RD_5k	graph_85.gr
graph_53.gr	RD_5k	graph_2660.gr
graph_54.gr	RD_5k	graph_3922.gr
graph_55.gr	RD_5k	graph_2179.gr
graph_56.gr	RD_5k	graph_2736.gr
graph_57.gr	RD_5k	graph_4338.gr
graph_58.gr	RD_5k	graph_4316.gr
graph_59.gr	RD_5k	graph_1009.gr
graph_60.gr	RD_5k	graph_3582.gr
graph_61.gr	RD_5k	graph_2946.gr
graph_62.gr	RD_5k	graph_4585.gr
graph_63.gr	RD_5k	graph_4588.gr
graph_64.gr	RD_5k	graph_1573.gr
graph_65.gr	RD_5k	graph_3785.gr
graph_66.gr	RD_5k	graph_1446.gr
graph_67.gr	RD_5k	graph_1174.gr
graph_68.gr	RD_5k	graph_185.gr
graph_69.gr	RD_5k	graph_548.gr
graph_70.gr	RD_5k	graph_2975.gr
graph_71.gr	RD_5k	graph_1657.gr
graph_72.gr	RD_5k	graph_4574.gr
graph_73.gr	RD_5k	graph_506.gr
graph_74.gr	RD_5k	graph_1785.gr
graph_75.gr	RD_5k	graph_204.gr
graph_76.gr	RD_5k	graph_4192.gr
graph_77.gr	RD_5k	graph_973.gr
graph_78.gr	RD_5k	graph_832.gr
graph_79.gr	RD_5k	graph_1572.gr
graph_80.gr	RD_5k	graph_3010.gr
graph_81.gr	RD_5k	graph_3104.gr
graph_82.gr	RD_5k	graph_4181.gr
graph_83.gr	RD_5k	graph_1911.gr
graph_84.gr	RD_5k	graph_4008.gr
graph_85.gr	RD_5k	graph_2311.gr
graph_86.gr	RD_5k	graph_1042.gr
graph_87.gr	RD_5k	graph_2622.gr
graph_88.gr	RD_5k	graph_910.gr
graph_89.gr	RD_5k	graph_2004.gr
graph_90.gr	RD_5k	graph_537.gr
graph_91.gr	RD_5k	graph_3636.gr
graph_92.gr	RD_5k	graph_3700.gr
graph_93.gr	RD_5k	graph_4412.gr
graph_94.gr	RD_5k	graph_2484.gr
graph_95.gr	RD_5k	graph_2358.gr
graph_96.gr	RD_5k	graph_1964.gr
graph_97.gr	RD_5k	graph_559.gr
graph_98.gr	RD_5k	graph_4515.gr
graph_99.gr	RD_5k	graph_1032.gr
graph_100.gr	RD_5k	graph_4114.gr
graph_101.gr	RD_5k	graph_4454.gr
graph_102.gr	RD_5k	graph_2269.gr
graph_103.gr	RD_5k	graph_4648.gr
graph_104.gr	RD_5k	graph_4040.gr
graph_105.gr	RD_5k	graph_1207.gr
graph_106.gr	RD_5k	graph_3140.gr
graph_107.gr	RD_5k	graph_2978.gr
graph_108.gr	RD_5k	graph_3363.gr
graph_109.gr	RD_5k	graph_853.gr
graph_110.gr	RD_5k	graph_4417.gr
graph_111.gr	RD_5k	graph_3781.gr
graph_112.gr	RD_5k	graph_4785.gr
graph_113.gr	RD_5k	graph_322.gr
graph_114.gr	RD_5k	graph_3993.gr
graph_115.gr	RD_5k	graph_1585.gr
graph_116.gr	RD_5k	graph_1003.gr
graph_117.gr	RD_5k	graph_3561.gr
graph_118.gr	RD_5k	graph_2791.gr
graph_119.gr	RD_5k	graph_2658.gr
graph_120.gr	RD_5k	graph_2993.gr
graph_121.gr	RD_5k	graph_2202.gr
graph_122.gr	RD_5k	graph_1529.gr
graph_123.gr	RD_5k	graph_2842.gr
graph_124.gr	RD_5k	graph_2722.gr
graph_125.gr	RD_5k	graph_3133.gr
graph_126.gr	RD_5k	graph_1648.gr
graph_127.gr	RD_5k	graph_2931.gr
graph_128.gr	RD_5k	graph_4301.gr
graph_129.gr	RD_5k	graph_3725.gr
graph_130.gr	RD_5k	graph_3421.gr
graph_131.gr	RD_5k	graph_3365.gr
graph_132.gr	RD_5k	graph_3990.gr
graph_133.gr	RD_5k	graph_1440.gr
graph_134.gr	RD_5k	graph_3030.gr
graph_135.gr	RD_5k	graph_3653.gr
graph_136.gr	RD_5k	graph_1927.gr
graph_137.gr	RD_5k	graph_2753.gr
graph_138.gr	RD_5k	graph_1878.gr
graph_139.gr	RD_5k	graph_4271.gr
graph_140.gr	RD_5k	graph_3293.gr
graph_141.gr	RD_5k	graph_3230.gr
graph_142.gr	RD_5k	graph_2805.gr
graph_143.gr	RD_5k	graph_4842.gr
graph_144.gr	RD_5k	graph_2732.gr
graph_145.gr	RD_5k	graph_3795.gr
graph_146.gr	RD_5k	graph_4193.gr
graph_147.gr	RD_5k	graph_1832.gr
graph_148.gr	RD_5k	graph_2496.gr
graph_149.gr	RD_5k	graph_2299.gr
graph_150.gr	RD_5k	graph_4298.gr
graph_151.gr	RD_5k	graph_2165.gr
graph_152.gr	RD_5k	graph_3622.gr
graph_153.gr	RD_5k	graph_4990.gr
graph_154.gr	RD_5k	graph_510.gr
graph_155.gr	RD_5k	graph_4805.gr
graph_156.gr	RD_5k	graph_1033.gr
graph_157.gr	RD_5k	graph_916.gr
graph_158.gr	RD_5k	graph_1178.gr
graph_159.gr	RD_5k	graph_2819.gr
graph_160.gr	RD_5k	graph_3916.gr
graph_161.gr	RD_5k	graph_4471.gr
graph_162.gr	RD_5k	graph_2951.gr
graph_163.gr	RD_5k	graph_4101.gr
graph_164.gr	RD_5k	graph_1362.gr
graph_165.gr	RD_5k	graph_3864.gr
graph_166.gr	RD_5k	graph_4089.gr
graph_167.gr	RD_5k	graph_2516.gr
graph_168.gr	RD_5k	graph_1588.gr
graph_169.gr	RD_5k	graph_2915.gr
graph_170.gr	RD_5k	graph_2413.gr
graph_171.gr	RD_5k	graph_2197.gr
graph_172.gr	RD_5k	graph_1526.gr
graph_173.gr	RD_5k	graph_488.gr
graph_174.gr	RD_5k	graph_2141.gr
graph_175.gr	RD_5k	graph_2644.gr
graph_176.gr	RD_5k	graph_834.gr
graph_177.gr	RD_5k	graph_1444.gr
graph_178.gr	RD_5k	graph_888.gr
graph_179.gr	RD_5k	graph_3333.gr
graph_180.gr	RD_5k	graph_2170.gr
graph_181.gr	RD_5k	graph_3340.gr
graph_182.gr	RD_5k	graph_1537.gr
graph_183.gr	RD_5k	graph_2648.gr
graph_184.gr	RD_5k	graph_4719.gr
graph_185.gr	RD_5k	graph_1626.gr
graph_186.gr	RD_5k	graph_1864.gr
graph_187.gr	RD_5k	graph_562.gr
graph_188.gr	RD_5k	graph_1427.gr
graph_189.gr	RD_5k	graph_2693.gr
graph_190.gr	RD_5k	graph_3965.gr
graph_191.gr	RD_5k	graph_234.gr
graph_192.gr	RD_5k	graph_4568.gr
graph_193.gr	RD_5k	graph_4715.gr
graph_194.gr	RD_5k	graph_2596.gr
graph_195.gr	RD_5k	graph_2555.gr
graph_196.gr	RD_5k	graph_2341.gr
graph_197.gr	RD_5k	graph_3774.gr
graph_198.gr	RD_5k	graph_96.gr
graph_199.gr	RD_5k	graph_1212.gr
graph_200.gr	RD_5k	graph_627.gr
graph_201.gr	RD_5k	graph_683.gr
graph_202.gr	RD_5k	graph_2168.gr
graph_203.gr	RD_5k	graph_2286.gr
graph_204.gr	RD_5k	graph_3005.gr
graph_205.gr	RD_5k	graph_1993.gr
graph_206.gr	RD_5k	graph_4938.gr
graph_207.gr	RD_5k	graph_887.gr
graph_208.gr	RD_5k	graph_4457.gr
graph_209.gr	RD_5k	graph_1674.gr
graph_210.gr	RD_5k	graph_1557.gr
graph_211.gr	RD_5k	graph_13.gr
graph_212.gr	RD_5k	graph_2213.gr
graph_213.gr	RD_5k	graph_3698.gr
graph_214.gr	RD_5k	graph_1232.gr
graph_215.gr	RD_5k	graph_231.gr
graph_216.gr	RD_5k	graph_4925.gr
graph_217.gr	RD_5k	graph_3470.gr
graph_218.gr	RD_5k	graph_2360.gr
graph_219.gr	RD_5k	graph_3327.gr
graph_220.gr	RD_5k	graph_833.gr
graph_221.gr	RD_5k	graph_419.gr
graph_222.gr	RD_5k	graph_4977.gr
graph_223.gr	RD_5k	graph_2154.gr
graph_224.gr	RD_5k	graph_316.gr
graph_225.gr	RD_5k	graph_458.gr
graph_226.gr	RD_5k	graph_1275.gr
graph_227.gr	RD_5k	graph_2030.gr
graph_228.gr	RD_5k	graph_3595.gr
graph_229.gr	RD_5k	graph_1757.gr
graph_230.gr	RD_5k	graph_246.gr
graph_231.gr	RD_5k	graph_859.gr
graph_232.gr	RD_5k	graph_1048.gr
graph_233.gr	RD_5k	graph_2246.gr
graph_234.gr	RD_5k	graph_104.gr
graph_235.gr	RD_5k	graph_578.gr
graph_236.gr	RD_5k	graph_784.gr
graph_237.gr	RD_5k	graph_4643.gr
graph_238.gr	RD_5k	graph_4863.gr
graph_239.gr	RD_5k	graph_367.gr
graph_240.gr	RD_5k	graph_1550.gr
graph_241.gr	RD_5k	graph_2963.gr
graph_242.gr	RD_5k	graph_3352.gr
graph_243.gr	RD_5k	graph_3981.gr
graph_244.gr	RD_5k	graph_3670.gr
graph_245.gr	RD_5k	graph_503.gr
graph_246.gr	RD_5k	graph_2815.gr
graph_247.gr	RD_5k	graph_4279.gr
graph_248.gr	RD_5k	graph_1403.gr
graph_249.gr	RD_5k	graph_1531.gr
graph_250.gr	RD_5k	graph_2632.gr
graph_251.gr	RD_5k	graph_2025.gr
graph_252.gr	RD_5k	graph_233.gr
graph_253.gr	RD_5k	graph_4071.gr
graph_254.gr	RD_5k	graph_3854.gr
graph_255.gr	RD_5k	graph_564.gr
graph_256.gr	RD_5k	graph_2998.gr
graph_257.gr	RD_5k	graph_2954.gr
graph_258.gr	RD_5k	graph_4519.gr
graph_259.gr	RD_5k	graph_2468.gr
graph_260.gr	RD_5k	graph_4540.gr
graph_261.gr	RD_5k	graph_369.gr
graph_262.gr	RD_5k	graph_1773.gr
graph_263.gr	RD_5k	graph_2430.gr
graph_264.gr	RD_5k	graph_1293.gr
graph_265.gr	RD_5k	graph_792.gr
graph_266.gr	RD_5k	graph_1854.gr
graph_267.gr	RD_5k	graph_1302.gr
graph_268.gr	RD_5k	graph_4693.gr
graph_269.gr	RD_5k	graph_3183.gr
graph_270.gr	RD_5k	graph_2100.gr
graph_271.gr	RD_5k	graph_4312.gr
graph_272.gr	RD_5k	graph_2953.gr
graph_273.gr	RD_5k	graph_4674.gr
graph_274.gr	RD_5k	graph_3728.gr
graph_275.gr	RD_5k	graph_2487.gr
graph_276.gr	RD_5k	graph_198.gr
graph_277.gr	RD_5k	graph_1598.gr
graph_278.gr	RD_5k	graph_158.gr
graph_279.gr	RD_5k	graph_3530.gr
graph_280.gr	RD_5k	graph_960.gr
graph_281.gr	RD_5k	graph_4384.gr
graph_282.gr	RD_5k	graph_1103.gr
graph_283.gr	RD_5k	graph_262.gr
graph_284.gr	RD_5k	graph_1279.gr
graph_285.gr	RD_5k	graph_2597.gr
graph_286.gr	RD_5k	graph_4634.gr
graph_287.gr	RD_5k	graph_286.gr
graph_288.gr	RD_5k	graph_1778.gr
graph_289.gr	RD_5k	graph_3207.gr
graph_290.gr	RD_5k	graph_3884.gr
graph_291.gr	RD_5k	graph_3837.gr
graph_292.gr	RD_5k	graph_4425.gr
graph_293.gr	RD_5k	graph_119.gr
graph_294.gr	RD_5k	graph_2717.gr
graph_295.gr	RD_5k	graph_2789.gr
graph_296.gr	RD_5k	graph_2870.gr
graph_297.gr	RD_5k	graph_3184.gr
graph_298.gr	RD_5k	graph_1751.gr
graph_299.gr	RD_5k	graph_3359.gr
graph_300.gr	RD_5k	graph_1687.gr
graph_301.gr	RD_5k	graph_125.gr
graph_302.gr	RD_5k	graph_2410.gr
graph_303.gr	RD_5k	graph_103.gr
graph_304.gr	RD_5k	graph_2811.gr
graph_305.gr	RD_5k	graph_4221.gr
graph_306.gr	RD_5k	graph_4812.gr
graph_307.gr	RD_5k	graph_4050.gr
graph_308.gr	RD_5k	graph_4325.gr
graph_309.gr	RD_5k	graph_2624.gr
graph_310.gr	RD_5k	graph_3580.gr
graph_311.gr	RD_5k	graph_4138.gr
graph_312.gr	RD_5k	graph_1181.gr
graph_313.gr	RD_5k	graph_3593.gr
graph_314.gr	RD_5k	graph_589.gr
graph_315.gr	RD_5k	graph_4490.gr
graph_316.gr	RD_5k	graph_426.gr
graph_317.gr	RD_5k	graph_569.gr
graph_318.gr	RD_5k	graph_978.gr
graph_319.gr	RD_5k	graph_4450.gr
graph_320.gr	RD_5k	graph_60.gr
graph_321.gr	RD_5k	graph_1148.gr
graph_322.gr	RD_5k	graph_3224.gr
graph_323.gr	RD_5k	graph_3948.gr
graph_324.gr	RD_5k	graph_4689.gr
graph_325.gr	RD_5k	graph_2546.gr
graph_326.gr	RD_5k	graph_1065.gr
graph_327.gr	RD_5k	graph_76.gr
graph_328.gr	RD_5k	graph_987.gr
graph_329.gr	RD_5k	graph_2095.gr
graph_330.gr	RD_5k	graph_516.gr
graph_331.gr	RD_5k	graph_222.gr
graph_332.gr	RD_5k	graph_2834.gr
graph_333.gr	RD_5k	graph_1877.gr
graph_334.gr	RD_5k	graph_1783.gr
graph_335.gr	RD_5k	graph_1865.gr
graph_336.gr	RD_5k	graph_3442.gr
graph_337.gr	RD_5k	graph_4360.gr
graph_338.gr	RD_5k	graph_2558.gr
graph_339.gr	RD_5k	graph_994.gr
graph_340.gr	RD_5k	graph_2235.gr
graph_341.gr	RD_5k	graph_2500.gr
graph_342.gr	RD_5k	graph_4350.gr
graph_343.gr	RD_5k	graph_902.gr
graph_344.gr	RD_5k	graph_737.gr
graph_345.gr	RD_5k	graph_2803.gr
graph_346.gr	RD_5k	graph_3910.gr
graph_347.gr	RD_5k	graph_2470.gr
graph_348.gr	RD_5k	graph_3171.gr
graph_349.gr	RD_5k	graph_2880.gr
graph_350.gr	RD_5k	graph_4777.gr
graph_351.gr	RD_5k	graph_307.gr
graph_352.gr	RD_5k	graph_2119.gr
graph_353.gr	RD_5k	graph_2772.gr
graph_354.gr	RD_5k	graph_62.gr
graph_355.gr	RD_5k	graph_731.gr
graph_356.gr	RD_5k	graph_1736.gr
graph_357.gr	RD_5k	graph_2782.gr
graph_358.gr	RD_5k	graph_3987.gr
graph_359.gr	RD_5k	graph_1897.gr
graph_360.gr	RD_5k	graph_4797.gr
graph_361.gr	RD_5k	graph_3001.gr
graph_362.gr	RD_5k	graph_3242.gr
graph_363.gr	RD_5k	graph_1951.gr
graph_364.gr	RD_5k	graph_3823.gr
graph_365.gr	RD_5k	graph_736.gr
graph_366.gr	RD_5k	graph_4602.gr
graph_367.gr	RD_5k	graph_623.gr
graph_368.gr	RD_5k	graph_1612.gr
graph_369.gr	RD_5k	graph_4935.gr
graph_370.gr	RD_5k	graph_3686.gr
graph_371.gr	RD_5k	graph_4638.gr
graph_372.gr	RD_5k	graph_4639.gr
graph_373.gr	RD_5k	graph_1224.gr
graph_374.gr	RD_5k	graph_1977.gr
graph_375.gr	RD_5k	graph_1487.gr
graph_376.gr	RD_5k	graph_190.gr
graph_377.gr	RD_5k	graph_3308.gr
graph_378.gr	RD_5k	graph_519.gr
graph_379.gr	RD_5k	graph_907.gr
graph_380.gr	RD_5k	graph_4188.gr
graph_381.gr	RD_5k	graph_3871.gr
graph_382.gr	RD_5k	graph_3941.gr
graph_383.gr	RD_5k	graph_741.gr
graph_384.gr	RD_5k	graph_2712.gr
graph_385.gr	RD_5k	graph_1700.gr
graph_386.gr	RD_5k	graph_500.gr
graph_387.gr	RD_5k	graph_2601.gr
graph_388.gr	RD_5k	graph_1010.gr
graph_389.gr	RD_5k	graph_2519.gr
graph_390.gr	RD_5k	graph_611.gr
graph_391.gr	RD_5k	graph_3649.gr
graph_392.gr	RD_5k	graph_384.gr
graph_393.gr	RD_5k	graph_3610.gr
graph_394.gr	RD_5k	graph_1719.gr
graph_395.gr	RD_5k	graph_4839.gr
graph_396.gr	RD_5k	graph_3557.gr
graph_397.gr	RD_5k	graph_841.gr
graph_398.gr	RD_5k	graph_4582.gr
graph_399.gr	RD_5k	graph_3856.gr
graph_400.gr	RD_5k	graph_398.gr
graph_401.gr	RD_5k	graph_138.gr
graph_402.gr	RD_5k	graph_2886.gr
graph_403.gr	RD_5k	graph_1666.gr
graph_404.gr	RD_5k	graph_2610.gr
graph_405.gr	RD_5k	graph_2556.gr
graph_406.gr	RD_5k	graph_656.gr
graph_407.gr	RD_5k	graph_433.gr
graph_408.gr	RD_5k	graph_1190.gr
graph_409.gr	RD_5k	graph_555.gr
graph_410.gr	RD_5k	graph_3275.gr
graph_411.gr	RD_5k	graph_996.gr
graph_412.gr	RD_5k	graph_1447.gr
graph_413.gr	RD_5k	graph_3191.gr
graph_414.gr	RD_5k	graph_4284.gr
graph_415.gr	RD_5k	graph_3588.gr
graph_416.gr	RD_5k	graph_2895.gr
graph_417.gr	RD_5k	graph_1170.gr
graph_418.gr	RD_5k	graph_3239.gr
graph_419.gr	RD_5k	graph_4557.gr
graph_420.gr	RD_5k	graph_524.gr
graph_421.gr	RD_5k	graph_4462.gr
graph_422.gr	RD_5k	graph_4270.gr
graph_423.gr	RD_5k	graph_3437.gr
graph_424.gr	RD_5k	graph_3673.gr
graph_425.gr	RD_5k	graph_1225.gr
graph_426.gr	RD_5k	graph_3962.gr
graph_427.gr	RD_5k	graph_2351.gr
graph_428.gr	RD_5k	graph_4981.gr
graph_429.gr	RD_5k	graph_4631.gr
graph_430.gr	RD_5k	graph_3430.gr
graph_431.gr	RD_5k	graph_4873.gr
graph_432.gr	RD_5k	graph_4811.gr
graph_433.gr	RD_5k	graph_4469.gr
graph_434.gr	RD_5k	graph_2298.gr
graph_435.gr	RD_5k	graph_435.gr
graph_436.gr	RD_5k	graph_1125.gr
graph_437.gr	RD_5k	graph_4026.gr
graph_438.gr	RD_5k	graph_1299.gr
graph_439.gr	RD_5k	graph_536.gr
graph_440.gr	RD_5k	graph_1079.gr
graph_441.gr	RD_5k	graph_2363.gr
graph_442.gr	RD_5k	graph_3607.gr
graph_443.gr	RD_5k	graph_965.gr
graph_444.gr	RD_5k	graph_414.gr
graph_445.gr	RD_5k	graph_2919.gr
graph_446.gr	RD_5k	graph_4950.gr
graph_447.gr	RD_5k	graph_4597.gr
graph_448.gr	RD_5k	graph_3432.gr
graph_449.gr	RD_5k	graph_1524.gr
graph_450.gr	RD_5k	graph_3015.gr
graph_451.gr	RD_5k	graph_2274.gr
graph_452.gr	RD_5k	graph_380.gr
graph_453.gr	RD_5k	graph_2923.gr
graph_454.gr	RD_5k	graph_3494.gr
graph_455.gr	RD_5k	graph_2422.gr
graph_456.gr	RD_5k	graph_889.gr
graph_457.gr	RD_5k	graph_4459.gr
graph_458.gr	RD_5k	graph_3342.gr
graph_459.gr	RD_5k	graph_4435.gr
graph_460.gr	RD_5k	graph_4053.gr
graph_461.gr	RD_5k	graph_460.gr
graph_462.gr	RD_5k	graph_824.gr
graph_463.gr	RD_5k	graph_1809.gr
graph_464.gr	RD_5k	graph_1866.gr
graph_465.gr	RD_5k	graph_3809.gr
graph_466.gr	RD_5k	graph_2656.gr
graph_467.gr	RD_5k	graph_1521.gr
graph_468.gr	RD_5k	graph_2538.gr
graph_469.gr	RD_5k	graph_1805.gr
graph_470.gr	RD_5k	graph_4861.gr
graph_471.gr	RD_5k	graph_3640.gr
graph_472.gr	RD_5k	graph_4480.gr
graph_473.gr	RD_5k	graph_3394.gr
graph_474.gr	RD_5k	graph_2275.gr
graph_475.gr	RD_5k	graph_4357.gr
graph_476.gr	RD_5k	graph_3705.gr
graph_477.gr	RD_5k	graph_770.gr
graph_478.gr	RD_5k	graph_4377.gr
graph_479.gr	RD_5k	graph_606.gr
graph_480.gr	RD_5k	graph_1517.gr
graph_481.gr	RD_5k	graph_4065.gr
graph_482.gr	RD_5k	graph_3926.gr
graph_483.gr	RD_5k	graph_2735.gr
graph_484.gr	RD_5k	graph_1548.gr
graph_485.gr	RD_5k	graph_2128.gr
graph_486.gr	RD_5k	graph_3739.gr
graph_487.gr	RD_5k	graph_3788.gr
graph_488.gr	RD_5k	graph_1807.gr
graph_489.gr	RD_5k	graph_408.gr
graph_490.gr	RD_5k	graph_1458.gr
graph_491.gr	RD_5k	graph_2135.gr
graph_492.gr	RD_5k	graph_4943.gr
graph_493.gr	RD_5k	graph_40.gr
graph_494.gr	RD_5k	graph_3777.gr
graph_495.gr	RD_5k	graph_2347.gr
graph_496.gr	RD_5k	graph_113.gr
graph_497.gr	RD_5k	graph_1730.gr
graph_498.gr	RD_5k	graph_477.gr
graph_499.gr	RD_5k	graph_1258.gr
graph_500.gr	RD_5k	graph_3666.gr
graph_501.gr	RD_5k	graph_4118.gr
graph_502.gr	RD_5k	graph_3330.gr
graph_503.gr	RD_5k	graph_4701.gr
graph_504.gr	RD_5k	graph_481.gr
graph_505.gr	RD_5k	graph_3428.gr
graph_506.gr	RD_5k	graph_886.gr
graph_507.gr	RD_5k	graph_1479.gr
graph_508.gr	RD_5k	graph_123.gr
graph_509.gr	RD_5k	graph_4002.gr
graph_510.gr	RD_5k	graph_1685.gr
graph_511.gr	RD_5k	graph_4410.gr
graph_512.gr	RD_5k	graph_1630.gr
graph_513.gr	RD_5k	graph_2399.gr
graph_514.gr	RD_5k	graph_2452.gr
graph_515.gr	RD_5k	graph_285.gr
graph_516.gr	RD_5k	graph_3647.gr
graph_517.gr	RD_5k	graph_2852.gr
graph_518.gr	RD_5k	graph_3336.gr
graph_519.gr	RD_5k	graph_2265.gr
graph_520.gr	RD_5k	graph_3299.gr
graph_521.gr	RD_5k	graph_3273.gr
graph_522.gr	RD_5k	graph_759.gr
graph_523.gr	RD_5k	graph_3661.gr
graph_524.gr	RD_5k	graph_2276.gr
graph_525.gr	RD_5k	graph_4296.gr
graph_526.gr	RD_5k	graph_3433.gr
graph_527.gr	RD_5k	graph_3564.gr
graph_528.gr	RD_5k	graph_2494.gr
graph_529.gr	RD_5k	graph_2629.gr
graph_530.gr	RD_5k	graph_4347.gr
graph_531.gr	RD_5k	graph_349.gr
graph_532.gr	RD_5k	graph_2971.gr
graph_533.gr	RD_5k	graph_1937.gr
graph_534.gr	RD_5k	graph_182.gr
graph_535.gr	RD_5k	graph_2087.gr
graph_536.gr	RD_5k	graph_1898.gr
graph_537.gr	RD_5k	graph_2193.gr
graph_538.gr	RD_5k	graph_3305.gr
graph_539.gr	RD_5k	graph_493.gr
graph_540.gr	RD_5k	graph_1999.gr
graph_541.gr	RD_5k	graph_1057.gr
graph_542.gr	RD_5k	graph_3460.gr
graph_543.gr	RD_5k	graph_4518.gr
graph_544.gr	RD_5k	graph_454.gr
graph_545.gr	RD_5k	graph_1466.gr
graph_546.gr	RD_5k	graph_2203.gr
graph_547.gr	RD_5k	graph_2676.gr
graph_548.gr	RD_5k	graph_4796.gr
graph_549.gr	RD_5k	graph_2591.gr
graph_550.gr	RD_5k	graph_3354.gr
graph_551.gr	RD_5k	graph_1844.gr
graph_552.gr	RD_5k	graph_3231.gr
graph_553.gr	RD_5k	graph_2937.gr
graph_554.gr	RD_5k	graph_3664.gr
graph_555.gr	RD_5k	graph_1930.gr
graph_556.gr	RD_5k	graph_1379.gr
graph_557.gr	RD_5k	graph_1455.gr
graph_558.gr	RD_5k	graph_3051.gr
graph_559.gr	RD_5k	graph_1364.gr
graph_560.gr	RD_5k	graph_100.gr
graph_561.gr	RD_5k	graph_4707.gr
graph_562.gr	RD_5k	graph_1157.gr
graph_563.gr	RD_5k	graph_554.gr
graph_564.gr	RD_5k	graph_99.gr
graph_565.gr	RD_5k	graph_2681.gr
graph_566.gr	RD_5k	graph_3160.gr
graph_567.gr	RD_5k	graph_3746.gr
graph_568.gr	RD_5k	graph_413.gr
graph_569.gr	RD_5k	graph_381.gr
graph_570.gr	RD_5k	graph_1789.gr
graph_571.gr	RD_5k	graph_137.gr
graph_572.gr	RD_5k	graph_4985.gr
graph_573.gr	RD_5k	graph_1737.gr
graph_574.gr	RD_5k	graph_4074.gr
graph_575.gr	RD_5k	graph_212.gr
graph_576.gr	RD_5k	graph_3138.gr
graph_577.gr	RD_5k	graph_1359.gr
graph_578.gr	RD_5k	graph_1223.gr
graph_579.gr	RD_5k	graph_2132.gr
graph_580.gr	RD_5k	graph_1918.gr
graph_581.gr	RD_5k	graph_2908.gr
graph_582.gr	RD_5k	graph_2776.gr
graph_583.gr	RD_5k	graph_2871.gr
graph_584.gr	RD_5k	graph_2206.gr
graph_585.gr	RD_5k	graph_892.gr
graph_586.gr	RD_5k	graph_1510.gr
graph_587.gr	RD_5k	graph_4006.gr
graph_588.gr	RD_5k	graph_2773.gr
graph_589.gr	RD_5k	graph_4571.gr
graph_590.gr	RD_5k	graph_2081.gr
graph_591.gr	RD_5k	graph_475.gr
graph_592.gr	RD_5k	graph_63.gr
graph_593.gr	RD_5k	graph_2643.gr
graph_594.gr	RD_5k	graph_3361.gr
graph_595.gr	RD_5k	graph_3368.gr
graph_596.gr	RD_5k	graph_3092.gr
graph_597.gr	RD_5k	graph_4095.gr
graph_598.gr	RD_5k	graph_2440.gr
graph_599.gr	RD_5k	graph_540.gr
graph_600.gr	RD_5k	graph_2053.gr
graph_601.gr	RD_5k	graph_1840.gr
graph_602.gr	RD_5k	graph_4421.gr
graph_603.gr	RD_5k	graph_2861.gr
graph_604.gr	RD_5k	graph_690.gr
graph_605.gr	RD_5k	graph_1934.gr
graph_606.gr	RD_5k	graph_1072.gr
graph_607.gr	RD_5k	graph_2921.gr
graph_608.gr	RD_5k	graph_3103.gr
graph_609.gr	RD_5k	graph_393.gr
graph_610.gr	RD_5k	graph_3745.gr
graph_611.gr	RD_5k	graph_967.gr
graph_612.gr	RD_5k	graph_3680.gr
graph_613.gr	RD_5k	graph_3278.gr
graph_614.gr	RD_5k	graph_4957.gr
graph_615.gr	RD_5k	graph_2239.gr
graph_616.gr	RD_5k	graph_179.gr
graph_617.gr	RD_5k	graph_4401.gr
graph_618.gr	RD_5k	graph_1267.gr
graph_619.gr	RD_5k	graph_3832.gr
graph_620.gr	RD_5k	graph_3287.gr
graph_621.gr	RD_5k	graph_3895.gr
graph_622.gr	RD_5k	graph_1505.gr
graph_623.gr	RD_5k	graph_1954.gr
graph_624.gr	RD_5k	graph_3603.gr
graph_625.gr	RD_5k	graph_936.gr
graph_626.gr	RD_5k	graph_439.gr
graph_627.gr	RD_5k	graph_288.gr
graph_628.gr	RD_5k	graph_2271.gr
graph_629.gr	RD_5k	graph_838.gr
graph_630.gr	RD_5k	graph_748.gr
graph_631.gr	RD_5k	graph_2076.gr
graph_632.gr	RD_5k	graph_2807.gr
graph_633.gr	RD_5k	graph_4128.gr
graph_634.gr	RD_5k	graph_4067.gr
graph_635.gr	RD_5k	graph_691.gr
graph_636.gr	RD_5k	graph_3633.gr
graph_637.gr	RD_5k	graph_3711.gr
graph_638.gr	RD_5k	graph_3914.gr
graph_639.gr	RD_5k	graph_3029.gr
graph_640.gr	RD_5k	graph_3780.gr
graph_641.gr	RD_5k	graph_1673.gr
graph_642.gr	RD_5k	graph_3179.gr
graph_643.gr	RD_5k	graph_614.gr
graph_644.gr	RD_5k	graph_552.gr
graph_645.gr	RD_5k	graph_4001.gr
graph_646.gr	RD_5k	graph_3337.gr
graph_647.gr	RD_5k	graph_1843.gr
graph_648.gr	RD_5k	graph_1345.gr
graph_649.gr	RD_5k	graph_4475.gr
graph_650.gr	RD_5k	graph_448.gr
graph_651.gr	RD_5k	graph_3989.gr
graph_652.gr	RD_5k	graph_2787.gr
graph_653.gr	RD_5k	graph_909.gr
graph_654.gr	RD_5k	graph_183.gr
graph_655.gr	RD_5k	graph_2226.gr
graph_656.gr	RD_5k	graph_1729.gr
graph_657.gr	RD_5k	graph_3356.gr
graph_658.gr	RD_5k	graph_2578.gr
graph_659.gr	RD_5k	graph_4857.gr
graph_660.gr	RD_5k	graph_4135.gr
graph_661.gr	RD_5k	graph_531.gr
graph_662.gr	RD_5k	graph_2901.gr
graph_663.gr	RD_5k	graph_3414.gr
graph_664.gr	RD_5k	graph_4846.gr
graph_665.gr	RD_5k	graph_1085.gr
graph_666.gr	RD_5k	graph_1739.gr
graph_667.gr	RD_5k	graph_436.gr
graph_668.gr	RD_5k	graph_247.gr
graph_669.gr	RD_5k	graph_1408.gr
graph_670.gr	RD_5k	graph_924.gr
graph_671.gr	RD_5k	graph_663.gr
graph_672.gr	RD_5k	graph_2673.gr
graph_673.gr	RD_5k	graph_4173.gr
graph_674.gr	RD_5k	graph_550.gr
graph_675.gr	RD_5k	graph_3613.gr
graph_676.gr	RD_5k	graph_4326.gr
graph_677.gr	RD_5k	graph_3797.gr
graph_678.gr	RD_5k	graph_905.gr
graph_679.gr	RD_5k	graph_4272.gr
graph_680.gr	RD_5k	graph_2873.gr
graph_681.gr	RD_5k	graph_1604.gr
graph_682.gr	RD_5k	graph_1071.gr
graph_683.gr	RD_5k	graph_1288.gr
graph_684.gr	RD_5k	graph_648.gr
graph_685.gr	RD_5k	graph_2539.gr
graph_686.gr	RD_5k	graph_2528.gr
graph_687.gr	RD_5k	graph_3115.gr
graph_688.gr	RD_5k	graph_2611.gr
graph_689.gr	RD_5k	graph_3438.gr
graph_690.gr	RD_5k	graph_2125.gr
graph_691.gr	RD_5k	graph_483.gr
graph_692.gr	RD_5k	graph_1036.gr
graph_693.gr	RD_5k	graph_2985.gr
graph_694.gr	RD_5k	graph_4191.gr
graph_695.gr	RD_5k	graph_4933.gr
graph_696.gr	RD_5k	graph_3479.gr
graph_697.gr	RD_5k	graph_2233.gr
graph_698.gr	RD_5k	graph_2560.gr
graph_699.gr	RD_5k	graph_4525.gr
graph_700.gr	RD_5k	graph_1030.gr
graph_701.gr	RD_5k	graph_2912.gr
graph_702.gr	RD_5k	graph_857.gr
graph_703.gr	RD_5k	graph_315.gr
graph_704.gr	RD_5k	graph_4227.gr
graph_705.gr	RD_5k	graph_2812.gr
graph_706.gr	RD_5k	graph_4965.gr
graph_707.gr	RD_5k	graph_131.gr
graph_708.gr	RD_5k	graph_3615.gr
graph_709.gr	RD_5k	graph_4765.gr
graph_710.gr	RD_5k	graph_93.gr
graph_711.gr	RD_5k	graph_1939.gr
graph_712.gr	RD_5k	graph_4606.gr
graph_713.gr	RD_5k	graph_4528.gr
graph_714.gr	RD_5k	graph_4596.gr
graph_715.gr	RD_5k	graph_590.gr
graph_716.gr	RD_5k	graph_3204.gr
graph_717.gr	RD_5k	graph_2190.gr
graph_718.gr	RD_5k	graph_1725.gr
graph_719.gr	RD_5k	graph_1732.gr
graph_720.gr	RD_5k	graph_463.gr
graph_721.gr	RD_5k	graph_498.gr
graph_722.gr	RD_5k	graph_2289.gr
graph_723.gr	RD_5k	graph_1153.gr
graph_724.gr	RD_5k	graph_1992.gr
graph_725.gr	RD_5k	graph_4545.gr
graph_726.gr	RD_5k	graph_2994.gr
graph_727.gr	RD_5k	graph_810.gr
graph_728.gr	RD_5k	graph_271.gr
graph_729.gr	RD_5k	graph_3094.gr
graph_730.gr	RD_5k	graph_2401.gr
graph_731.gr	RD_5k	graph_4430.gr
graph_732.gr	RD_5k	graph_1743.gr
graph_733.gr	RD_5k	graph_979.gr
graph_734.gr	RD_5k	graph_2268.gr
graph_735.gr	RD_5k	graph_3422.gr
graph_736.gr	RD_5k	graph_4696.gr
graph_737.gr	RD_5k	graph_3975.gr
graph_738.gr	RD_5k	graph_3198.gr
graph_739.gr	RD_5k	graph_4722.gr
graph_740.gr	RD_5k	graph_121.gr
graph_741.gr	RD_5k	graph_2640.gr
graph_742.gr	RD_5k	graph_757.gr
graph_743.gr	RD_5k	graph_3507.gr
graph_744.gr	RD_5k	graph_870.gr
graph_745.gr	RD_5k	graph_1601.gr
graph_746.gr	RD_5k	graph_3041.gr
graph_747.gr	RD_5k	graph_2872.gr
graph_748.gr	RD_5k	graph_795.gr
graph_749.gr	RD_5k	graph_3525.gr
graph_750.gr	RD_5k	graph_4388.gr
graph_751.gr	RD_5k	graph_3003.gr
graph_752.gr	RD_5k	graph_657.gr
graph_753.gr	RD_5k	graph_688.gr
graph_754.gr	RD_5k	graph_1990.gr
graph_755.gr	RD_5k	graph_1462.gr
graph_756.gr	RD_5k	graph_814.gr
graph_757.gr	RD_5k	graph_2881.gr
graph_758.gr	RD_5k	graph_993.gr
graph_759.gr	RD_5k	graph_1790.gr
graph_760.gr	RD_5k	graph_3318.gr
graph_761.gr	RD_5k	graph_1791.gr
graph_762.gr	RD_5k	graph_170.gr
graph_763.gr	RD_5k	graph_2758.gr
graph_764.gr	RD_5k	graph_2593.gr
graph_765.gr	RD_5k	graph_3892.gr
graph_766.gr	RD_5k	graph_3547.gr
graph_767.gr	RD_5k	graph_338.gr
graph_768.gr	RD_5k	graph_829.gr
graph_769.gr	RD_5k	graph_2906.gr
graph_770.gr	RD_5k	graph_2764.gr
graph_771.gr	RD_5k	graph_1665.gr
graph_772.gr	RD_5k	graph_1705.gr
graph_773.gr	RD_5k	graph_4329.gr
graph_774.gr	RD_5k	graph_2385.gr
graph_775.gr	RD_5k	graph_1642.gr
graph_776.gr	RD_5k	graph_4189.gr
graph_777.gr	RD_5k	graph_4673.gr
graph_778.gr	RD_5k	graph_2734.gr
graph_779.gr	RD_5k	graph_2041.gr
graph_780.gr	RD_5k	graph_1083.gr
graph_781.gr	RD_5k	graph_1625.gr
graph_782.gr	RD_5k	graph_632.gr
graph_783.gr	RD_5k	graph_3594.gr
graph_784.gr	RD_5k	graph_3033.gr
graph_785.gr	RD_5k	graph_301.gr
graph_786.gr	RD_5k	graph_1787.gr
graph_787.gr	RD_5k	graph_4496.gr
graph_788.gr	RD_5k	graph_2459.gr
graph_789.gr	RD_5k	graph_3573.gr
graph_790.gr	RD_5k	graph_3162.gr
graph_791.gr	RD_5k	graph_1117.gr
graph_792.gr	RD_5k	graph_786.gr
graph_793.gr	RD_5k	graph_3744.gr
graph_794.gr	RD_5k	graph_3144.gr
graph_795.gr	RD_5k	graph_3380.gr
graph_796.gr	RD_5k	graph_3779.gr
graph_797.gr	RD_5k	graph_2507.gr
graph_798.gr	RD_5k	graph_3269.gr
graph_799.gr	RD_5k	graph_2790.gr
graph_800.gr	RD_5k	graph_3093.gr
graph_801.gr	RD_5k	graph_430.gr
graph_802.gr	RD_5k	graph_2824.gr
graph_803.gr	RD_5k	graph_1692.gr
graph_804.gr	RD_5k	graph_2007.gr
graph_805.gr	RD_5k	graph_1161.gr
graph_806.gr	RD_5k	graph_1177.gr
graph_807.gr	RD_5k	graph_2864.gr
graph_808.gr	RD_5k	graph_209.gr
graph_809.gr	RD_5k	graph_2216.gr
graph_810.gr	RD_5k	graph_2417.gr
graph_811.gr	RD_5k	graph_4440.gr
graph_812.gr	RD_5k	graph_2019.gr
graph_813.gr	RD_5k	graph_3345.gr
graph_814.gr	RD_5k	graph_2408.gr
graph_815.gr	RD_5k	graph_1514.gr
graph_816.gr	RD_5k	graph_2365.gr
graph_817.gr	RD_5k	graph_3665.gr
graph_818.gr	RD_5k	graph_4122.gr
graph_819.gr	RD_5k	graph_3349.gr
graph_820.gr	RD_5k	graph_3407.gr
graph_821.gr	RD_5k	graph_1031.gr
graph_822.gr	RD_5k	graph_1406.gr
graph_823.gr	RD_5k	graph_4520.gr
graph_824.gr	RD_5k	graph_3885.gr
graph_825.gr	RD_5k	graph_845.gr
graph_826.gr	RD_5k	graph_4962.gr
graph_827.gr	RD_5k	graph_1944.gr
graph_828.gr	RD_5k	graph_4610.gr
graph_829.gr	RD_5k	graph_849.gr
graph_830.gr	RD_5k	graph_4331.gr
graph_831.gr	RD_5k	graph_1412.gr
graph_832.gr	RD_5k	graph_1468.gr
graph_833.gr	RD_5k	graph_4651.gr
graph_834.gr	RD_5k	graph_2435.gr
graph_835.gr	RD_5k	graph_2814.gr
graph_836.gr	RD_5k	graph_3577.gr
graph_837.gr	RD_5k	graph_3474.gr
graph_838.gr	RD_5k	graph_2932.gr
graph_839.gr	RD_5k	graph_3199.gr
graph_840.gr	RD_5k	graph_2891.gr
graph_841.gr	RD_5k	graph_1678.gr
graph_842.gr	RD_5k	graph_1735.gr
graph_843.gr	RD_5k	graph_3556.gr
graph_844.gr	RD_5k	graph_1828.gr
graph_845.gr	RD_5k	graph_3090.gr
graph_846.gr	RD_5k	graph_4764.gr
graph_847.gr	RD_5k	graph_302.gr
graph_848.gr	RD_5k	graph_3195.gr
graph_849.gr	RD_5k	graph_3022.gr
graph_850.gr	RD_5k	graph_3928.gr
graph_851.gr	RD_5k	graph_1396.gr
graph_852.gr	RD_5k	graph_2962.gr
graph_853.gr	RD_5k	graph_4419.gr
graph_854.gr	RD_5k	graph_2768.gr
graph_855.gr	RD_5k	graph_2338.gr
graph_856.gr	RD_5k	graph_4530.gr
graph_857.gr	RD_5k	graph_3790.gr
graph_858.gr	RD_5k	graph_930.gr
graph_859.gr	RD_5k	graph_624.gr
graph_860.gr	RD_5k	graph_4769.gr
graph_861.gr	RD_5k	graph_402.gr
graph_862.gr	RD_5k	graph_2175.gr
graph_863.gr	RD_5k	graph_237.gr
graph_864.gr	RD_5k	graph_1986.gr
graph_865.gr	RD_5k	graph_3412.gr
graph_866.gr	RD_5k	graph_1313.gr
graph_867.gr	RD_5k	graph_2448.gr
graph_868.gr	RD_5k	graph_1076.gr
graph_869.gr	RD_5k	graph_132.gr
graph_870.gr	RD_5k	graph_925.gr
graph_871.gr	RD_5k	graph_1695.gr
graph_872.gr	RD_5k	graph_3889.gr
graph_873.gr	RD_5k	graph_2492.gr
graph_874.gr	RD_5k	graph_1075.gr
graph_875.gr	RD_5k	graph_3362.gr
graph_876.gr	RD_5k	graph_2503.gr
graph_877.gr	RD_5k	graph_3214.gr
graph_878.gr	RD_5k	graph_2405.gr
graph_879.gr	RD_5k	graph_1770.gr
graph_880.gr	RD_5k	graph_1940.gr
graph_881.gr	RD_5k	graph_4269.gr
graph_882.gr	RD_5k	graph_472.gr
graph_883.gr	RD_5k	graph_2548.gr
graph_884.gr	RD_5k	graph_2890.gr
graph_885.gr	RD_5k	graph_3496.gr
graph_886.gr	RD_5k	graph_1411.gr
graph_887.gr	RD_5k	graph_1902.gr
graph_888.gr	RD_5k	graph_1826.gr
graph_889.gr	RD_5k	graph_4286.gr
graph_890.gr	RD_5k	graph_1228.gr
graph_891.gr	RD_5k	graph_937.gr
graph_892.gr	RD_5k	graph_3045.gr
graph_893.gr	RD_5k	graph_2799.gr
graph_894.gr	RD_5k	graph_4175.gr
graph_895.gr	RD_5k	graph_918.gr
graph_896.gr	RD_5k	graph_4134.gr
graph_897.gr	RD_5k	graph_3071.gr
graph_898.gr	RD_5k	graph_4229.gr
graph_899.gr	RD_5k	graph_4953.gr
graph_900.gr	RD_5k	graph_4864.gr
graph_901.gr	RD_5k	graph_1463.gr
graph_902.gr	RD_5k	graph_2123.gr
graph_903.gr	RD_5k	graph_4968.gr
graph_904.gr	RD_5k	graph_4735.gr
graph_905.gr	RD_5k	graph_75.gr
graph_906.gr	RD_5k	graph_2964.gr
graph_907.gr	RD_5k	graph_1171.gr
graph_908.gr	RD_5k	graph_2368.gr
graph_909.gr	RD_5k	graph_4522.gr
graph_910.gr	RD_5k	graph_2231.gr
graph_911.gr	RD_5k	graph_1562.gr
graph_912.gr	RD_5k	graph_2667.gr
graph_913.gr	RD_5k	graph_4821.gr
graph_914.gr	RD_5k	graph_3243.gr
graph_915.gr	RD_5k	graph_4934.gr
graph_916.gr	RD_5k	graph_4999.gr
graph_917.gr	RD_5k	graph_3866.gr
graph_918.gr	RD_5k	graph_1941.gr
graph_919.gr	RD_5k	graph_700.gr
graph_920.gr	RD_5k	graph_2386.gr
graph_921.gr	RD_5k	graph_4704.gr
graph_922.gr	RD_5k	graph_568.gr
graph_923.gr	RD_5k	graph_1347.gr
graph_924.gr	RD_5k	graph_929.gr
graph_925.gr	RD_5k	graph_4386.gr
graph_926.gr	RD_5k	graph_2021.gr
graph_927.gr	RD_5k	graph_2304.gr
graph_928.gr	RD_5k	graph_250.gr
graph_929.gr	RD_5k	graph_3995.gr
graph_930.gr	RD_5k	graph_281.gr
graph_931.gr	RD_5k	graph_4077.gr
graph_932.gr	RD_5k	graph_92.gr
graph_933.gr	RD_5k	graph_3398.gr
graph_934.gr	RD_5k	graph_4561.gr
graph_935.gr	RD_5k	graph_4119.gr
graph_936.gr	RD_5k	graph_4437.gr
graph_937.gr	RD_5k	graph_3862.gr
graph_938.gr	RD_5k	graph_3750.gr
graph_939.gr	RD_5k	graph_3617.gr
graph_940.gr	RD_5k	graph_336.gr
graph_941.gr	RD_5k	graph_2582.gr
graph_942.gr	RD_5k	graph_4781.gr
graph_943.gr	RD_5k	graph_3727.gr
graph_944.gr	RD_5k	graph_1622.gr
graph_945.gr	RD_5k	graph_1320.gr
graph_946.gr	RD_5k	graph_3079.gr
graph_947.gr	RD_5k	graph_1538.gr
graph_948.gr	RD_5k	graph_3372.gr
graph_949.gr	RD_5k	graph_202.gr
graph_950.gr	RD_5k	graph_2960.gr
graph_951.gr	RD_5k	graph_4070.gr
graph_952.gr	RD_5k	graph_4787.gr
graph_953.gr	RD_5k	graph_2110.gr
graph_954.gr	RD_5k	graph_1905.gr
graph_955.gr	RD_5k	graph_3891.gr
graph_956.gr	RD_5k	graph_3463.gr
graph_957.gr	RD_5k	graph_1849.gr
graph_958.gr	RD_5k	graph_195.gr
graph_959.gr	RD_5k	graph_1385.gr
graph_960.gr	RD_5k	graph_3818.gr
graph_961.gr	RD_5k	graph_3738.gr
graph_962.gr	RD_5k	graph_1118.gr
graph_963.gr	RD_5k	graph_1481.gr
graph_964.gr	RD_5k	graph_2219.gr
graph_965.gr	RD_5k	graph_3353.gr
graph_966.gr	RD_5k	graph_3529.gr
graph_967.gr	RD_5k	graph_4629.gr
graph_968.gr	RD_5k	graph_771.gr
graph_969.gr	RD_5k	graph_1231.gr
graph_970.gr	RD_5k	graph_3629.gr
graph_971.gr	RD_5k	graph_755.gr
graph_972.gr	RD_5k	graph_1426.gr
graph_973.gr	RD_5k	graph_4107.gr
graph_974.gr	RD_5k	graph_1671.gr
graph_975.gr	RD_5k	graph_3872.gr
graph_976.gr	RD_5k	graph_3839.gr
graph_977.gr	RD_5k	graph_270.gr
graph_978.gr	RD_5k	graph_1718.gr
graph_979.gr	RD_5k	graph_556.gr
graph_980.gr	RD_5k	graph_2766.gr
graph_981.gr	RD_5k	graph_975.gr
graph_982.gr	RD_5k	graph_80.gr
graph_983.gr	RD_5k	graph_4775.gr
graph_984.gr	RD_5k	graph_464.gr
graph_985.gr	RD_5k	graph_4912.gr
graph_986.gr	RD_5k	graph_4801.gr
graph_987.gr	RD_5k	graph_695.gr
graph_988.gr	RD_5k	graph_16.gr
graph_989.gr	RD_5k	graph_1880.gr
graph_990.gr	RD_5k	graph_1775.gr
graph_991.gr	RD_5k	graph_109.gr
graph_992.gr	RD_5k	graph_4766.gr
graph_993.gr	RD_5k	graph_4028.gr
graph_994.gr	RD_5k	graph_1013.gr
graph_995.gr	RD_5k	graph_1688.gr
graph_996.gr	RD_5k	graph_4687.gr
graph_997.gr	RD_5k	graph_240.gr
graph_998.gr	RD_5k	graph_1344.gr
graph_999.gr	RD_5k	graph_3031.gr
graph_1000.gr	RD_5k	graph_4774.gr
graph_1001.gr	RD_5k	graph_4748.gr
graph_1002.gr	RD_5k	graph_4535.gr
graph_1003.gr	RD_5k	graph_2313.gr
graph_1004.gr	RD_5k	graph_12.gr
graph_1005.gr	RD_5k	graph_4415.gr
graph_1006.gr	RD_5k	graph_2930.gr
graph_1007.gr	RD_5k	graph_596.gr
graph_1008.gr	RD_5k	graph_2769.gr
graph_1009.gr	RD_5k	graph_1932.gr
graph_1010.gr	RD_5k	graph_2874.gr
graph_1011.gr	RD_5k	graph_1200.gr
graph_1012.gr	RD_5k	graph_4791.gr
graph_1013.gr	RD_5k	graph_295.gr
graph_1014.gr	RD_5k	graph_3459.gr
graph_1015.gr	RD_5k	graph_1363.gr
graph_1016.gr	RD_5k	graph_1151.gr
graph_1017.gr	RD_5k	graph_3441.gr
graph_1018.gr	RD_5k	graph_1908.gr
graph_1019.gr	RD_5k	graph_4433.gr
graph_1020.gr	RD_5k	graph_4336.gr
graph_1021.gr	RD_5k	graph_730.gr
graph_1022.gr	RD_5k	graph_1810.gr
graph_1023.gr	RD_5k	graph_2237.gr
graph_1024.gr	RD_5k	graph_1616.gr
graph_1025.gr	RD_5k	graph_2307.gr
graph_1026.gr	RD_5k	graph_4131.gr
graph_1027.gr	RD_5k	graph_539.gr
graph_1028.gr	RD_5k	graph_1618.gr
graph_1029.gr	RD_5k	graph_4179.gr
graph_1030.gr	RD_5k	graph_4374.gr
graph_1031.gr	RD_5k	graph_4773.gr
graph_1032.gr	RD_5k	graph_3838.gr
graph_1033.gr	RD_5k	graph_664.gr
graph_1034.gr	RD_5k	graph_4684.gr
graph_1035.gr	RD_5k	graph_3899.gr
graph_1036.gr	RD_5k	graph_320.gr
graph_1037.gr	RD_5k	graph_2118.gr
graph_1038.gr	RD_5k	graph_1172.gr
graph_1039.gr	RD_5k	graph_4692.gr
graph_1040.gr	RD_5k	graph_1726.gr
graph_1041.gr	RD_5k	graph_1776.gr
graph_1042.gr	RD_5k	graph_805.gr
graph_1043.gr	RD_5k	graph_4481.gr
graph_1044.gr	RD_5k	graph_245.gr
graph_1045.gr	RD_5k	graph_1988.gr
graph_1046.gr	RD_5k	graph_499.gr
graph_1047.gr	RD_5k	graph_3499.gr
graph_1048.gr	RD_5k	graph_4256.gr
graph_1049.gr	RD_5k	graph_4178.gr
graph_1050.gr	RD_5k	graph_2729.gr
graph_1051.gr	RD_5k	graph_778.gr
graph_1052.gr	RD_5k	graph_480.gr
graph_1053.gr	RD_5k	graph_2574.gr
graph_1054.gr	RD_5k	graph_4905.gr
graph_1055.gr	RD_5k	graph_920.gr
graph_1056.gr	RD_5k	graph_544.gr
graph_1057.gr	RD_5k	graph_1067.gr
graph_1058.gr	RD_5k	graph_2392.gr
graph_1059.gr	RD_5k	graph_4895.gr
graph_1060.gr	RD_5k	graph_2348.gr
graph_1061.gr	RD_5k	graph_4492.gr
graph_1062.gr	RD_5k	graph_3025.gr
graph_1063.gr	RD_5k	graph_156.gr
graph_1064.gr	RD_5k	graph_4694.gr
graph_1065.gr	RD_5k	graph_4176.gr
graph_1066.gr	RD_5k	graph_3518.gr
graph_1067.gr	RD_5k	graph_913.gr
graph_1068.gr	RD_5k	graph_1841.gr
graph_1069.gr	RD_5k	graph_4575.gr
graph_1070.gr	RD_5k	graph_1180.gr
graph_1071.gr	RD_5k	graph_474.gr
graph_1072.gr	RD_5k	graph_4936.gr
graph_1073.gr	RD_5k	graph_2133.gr
graph_1074.gr	RD_5k	graph_4949.gr
graph_1075.gr	RD_5k	graph_3937.gr
graph_1076.gr	RD_5k	graph_666.gr
graph_1077.gr	RD_5k	graph_2411.gr
graph_1078.gr	RD_5k	graph_78.gr
graph_1079.gr	RD_5k	graph_1600.gr
graph_1080.gr	RD_5k	graph_631.gr
graph_1081.gr	RD_5k	graph_1958.gr
graph_1082.gr	RD_5k	graph_1599.gr
graph_1083.gr	RD_5k	graph_3296.gr
graph_1084.gr	RD_5k	graph_2493.gr
graph_1085.gr	RD_5k	graph_1162.gr
graph_1086.gr	RD_5k	graph_2878.gr
graph_1087.gr	RD_5k	graph_891.gr
graph_1088.gr	RD_5k	graph_1862.gr
graph_1089.gr	RD_5k	graph_1061.gr
graph_1090.gr	RD_5k	graph_619.gr
graph_1091.gr	RD_5k	graph_969.gr
graph_1092.gr	RD_5k	graph_3828.gr
graph_1093.gr	RD_5k	graph_2329.gr
graph_1094.gr	RD_5k	graph_357.gr
graph_1095.gr	RD_5k	graph_2520.gr
graph_1096.gr	RD_5k	graph_2317.gr
graph_1097.gr	RD_5k	graph_3514.gr
graph_1098.gr	RD_5k	graph_1982.gr
graph_1099.gr	RD_5k	graph_277.gr
graph_1100.gr	RD_5k	graph_1882.gr
graph_1101.gr	RD_5k	graph_4851.gr
graph_1102.gr	RD_5k	graph_586.gr
graph_1103.gr	RD_5k	graph_449.gr
graph_1104.gr	RD_5k	graph_1681.gr
graph_1105.gr	RD_5k	graph_2280.gr
graph_1106.gr	RD_5k	graph_4738.gr
graph_1107.gr	RD_5k	graph_298.gr
graph_1108.gr	RD_5k	graph_655.gr
graph_1109.gr	RD_5k	graph_2567.gr
graph_1110.gr	RD_5k	graph_1294.gr
graph_1111.gr	RD_5k	graph_4091.gr
graph_1112.gr	RD_5k	graph_211.gr
graph_1113.gr	RD_5k	graph_520.gr
graph_1114.gr	RD_5k	graph_3597.gr
graph_1115.gr	RD_5k	graph_2112.gr
graph_1116.gr	RD_5k	graph_2000.gr
graph_1117.gr	RD_5k	graph_1250.gr
graph_1118.gr	RD_5k	graph_2818.gr
graph_1119.gr	RD_5k	graph_4420.gr
graph_1120.gr	RD_5k	graph_871.gr
graph_1121.gr	RD_5k	graph_1742.gr
graph_1122.gr	RD_5k	graph_340.gr
graph_1123.gr	RD_5k	graph_2330.gr
graph_1124.gr	RD_5k	graph_4039.gr
graph_1125.gr	RD_5k	graph_2625.gr
graph_1126.gr	RD_5k	graph_3069.gr
graph_1127.gr	RD_5k	graph_800.gr
graph_1128.gr	RD_5k	graph_3511.gr
graph_1129.gr	RD_5k	graph_4611.gr
graph_1130.gr	RD_5k	graph_4494.gr
graph_1131.gr	RD_5k	graph_3250.gr
graph_1132.gr	RD_5k	graph_1679.gr
graph_1133.gr	RD_5k	graph_3054.gr
graph_1134.gr	RD_5k	graph_2414.gr
graph_1135.gr	RD_5k	graph_1796.gr
graph_1136.gr	RD_5k	graph_1542.gr
graph_1137.gr	RD_5k	graph_1979.gr
graph_1138.gr	RD_5k	graph_1242.gr
graph_1139.gr	RD_5k	graph_802.gr
graph_1140.gr	RD_5k	graph_2779.gr
graph_1141.gr	RD_5k	graph_674.gr
graph_1142.gr	RD_5k	graph_2382.gr
graph_1143.gr	RD_5k	graph_2432.gr
graph_1144.gr	RD_5k	graph_22.gr
graph_1145.gr	RD_5k	graph_1488.gr
graph_1146.gr	RD_5k	graph_3075.gr
graph_1147.gr	RD_5k	graph_2636.gr
graph_1148.gr	RD_5k	graph_3752.gr
graph_1149.gr	RD_5k	graph_3702.gr
graph_1150.gr	RD_5k	graph_1164.gr
graph_1151.gr	RD_5k	graph_4567.gr
graph_1152.gr	RD_5k	graph_2909.gr
graph_1153.gr	RD_5k	graph_2149.gr
graph_1154.gr	RD_5k	graph_4599.gr
graph_1155.gr	RD_5k	graph_4099.gr
graph_1156.gr	RD_5k	graph_1632.gr
graph_1157.gr	RD_5k	graph_2557.gr
graph_1158.gr	RD_5k	graph_1017.gr
graph_1159.gr	RD_5k	graph_3616.gr
graph_1160.gr	RD_5k	graph_3201.gr
graph_1161.gr	RD_5k	graph_2057.gr
graph_1162.gr	RD_5k	graph_4671.gr
graph_1163.gr	RD_5k	graph_66.gr
graph_1164.gr	RD_5k	graph_4300.gr
graph_1165.gr	RD_5k	graph_2983.gr
graph_1166.gr	RD_5k	graph_4111.gr
graph_1167.gr	RD_5k	graph_1112.gr
graph_1168.gr	RD_5k	graph_3335.gr
graph_1169.gr	RD_5k	graph_4182.gr
graph_1170.gr	RD_5k	graph_637.gr
graph_1171.gr	RD_5k	graph_4047.gr
graph_1172.gr	RD_5k	graph_3961.gr
graph_1173.gr	RD_5k	graph_3012.gr
graph_1174.gr	RD_5k	graph_4423.gr
graph_1175.gr	RD_5k	graph_1358.gr
graph_1176.gr	RD_5k	graph_306.gr
graph_1177.gr	RD_5k	graph_4278.gr
graph_1178.gr	RD_5k	graph_2545.gr
graph_1179.gr	RD_5k	graph_4064.gr
graph_1180.gr	RD_5k	graph_2697.gr
graph_1181.gr	RD_5k	graph_2903.gr
graph_1182.gr	RD_5k	graph_325.gr
graph_1183.gr	RD_5k	graph_1710.gr
graph_1184.gr	RD_5k	graph_1442.gr
graph_1185.gr	RD_5k	graph_1282.gr
graph_1186.gr	RD_5k	graph_82.gr
graph_1187.gr	RD_5k	graph_2278.gr
graph_1188.gr	RD_5k	graph_2837.gr
graph_1189.gr	RD_5k	graph_1891.gr
graph_1190.gr	RD_5k	graph_1473.gr
graph_1191.gr	RD_5k	graph_1213.gr
graph_1192.gr	RD_5k	graph_2354.gr
graph_1193.gr	RD_5k	graph_1486.gr
graph_1194.gr	RD_5k	graph_3544.gr
graph_1195.gr	RD_5k	graph_1050.gr
graph_1196.gr	RD_5k	graph_972.gr
graph_1197.gr	RD_5k	graph_995.gr
graph_1198.gr	RD_5k	graph_3855.gr
graph_1199.gr	RD_5k	graph_4466.gr
graph_1200.gr	RD_5k	graph_3367.gr
graph_1201.gr	RD_5k	graph_146.gr
graph_1202.gr	RD_5k	graph_4992.gr
graph_1203.gr	RD_5k	graph_4293.gr
graph_1204.gr	RD_5k	graph_2423.gr
graph_1205.gr	RD_5k	graph_3181.gr
graph_1206.gr	RD_5k	graph_2384.gr
graph_1207.gr	RD_5k	graph_304.gr
graph_1208.gr	RD_5k	graph_4190.gr
graph_1209.gr	RD_5k	graph_2101.gr
graph_1210.gr	RD_5k	graph_2867.gr
graph_1211.gr	RD_5k	graph_4866.gr
graph_1212.gr	RD_5k	graph_4502.gr
graph_1213.gr	RD_5k	graph_2212.gr
graph_1214.gr	RD_5k	graph_4364.gr
graph_1215.gr	RD_5k	graph_303.gr
graph_1216.gr	RD_5k	graph_949.gr
graph_1217.gr	RD_5k	graph_1430.gr
graph_1218.gr	RD_5k	graph_3645.gr
graph_1219.gr	RD_5k	graph_3322.gr
graph_1220.gr	RD_5k	graph_3134.gr
graph_1221.gr	RD_5k	graph_1584.gr
graph_1222.gr	RD_5k	graph_423.gr
graph_1223.gr	RD_5k	graph_3898.gr
graph_1224.gr	RD_5k	graph_4918.gr
graph_1225.gr	RD_5k	graph_3639.gr
graph_1226.gr	RD_5k	graph_4850.gr
graph_1227.gr	RD_5k	graph_2846.gr
graph_1228.gr	RD_5k	graph_2501.gr
graph_1229.gr	RD_5k	graph_4683.gr
graph_1230.gr	RD_5k	graph_169.gr
graph_1231.gr	RD_5k	graph_4964.gr
graph_1232.gr	RD_5k	graph_2793.gr
graph_1233.gr	RD_5k	graph_1438.gr
graph_1234.gr	RD_5k	graph_712.gr
graph_1235.gr	RD_5k	graph_3147.gr
graph_1236.gr	RD_5k	graph_669.gr
graph_1237.gr	RD_5k	graph_3771.gr
graph_1238.gr	RD_5k	graph_2349.gr
graph_1239.gr	RD_5k	graph_36.gr
graph_1240.gr	RD_5k	graph_3084.gr
graph_1241.gr	RD_5k	graph_255.gr
graph_1242.gr	RD_5k	graph_725.gr
graph_1243.gr	RD_5k	graph_3317.gr
graph_1244.gr	RD_5k	graph_899.gr
graph_1245.gr	RD_5k	graph_3266.gr
graph_1246.gr	RD_5k	graph_3213.gr
graph_1247.gr	RD_5k	graph_3751.gr
graph_1248.gr	RD_5k	graph_466.gr
graph_1249.gr	RD_5k	graph_3062.gr
graph_1250.gr	RD_5k	graph_1659.gr
graph_1251.gr	RD_5k	graph_2214.gr
graph_1252.gr	RD_5k	graph_2256.gr
graph_1253.gr	RD_5k	graph_526.gr
graph_1254.gr	RD_5k	graph_3413.gr
graph_1255.gr	RD_5k	graph_1203.gr
graph_1256.gr	RD_5k	graph_1733.gr
graph_1257.gr	RD_5k	graph_105.gr
graph_1258.gr	RD_5k	graph_3057.gr
graph_1259.gr	RD_5k	graph_4616.gr
graph_1260.gr	RD_5k	graph_1276.gr
graph_1261.gr	RD_5k	graph_1520.gr
graph_1262.gr	RD_5k	graph_3911.gr
graph_1263.gr	RD_5k	graph_2372.gr
graph_1264.gr	RD_5k	graph_187.gr
graph_1265.gr	RD_5k	graph_2720.gr
graph_1266.gr	RD_5k	graph_2855.gr
graph_1267.gr	RD_5k	graph_2887.gr
graph_1268.gr	RD_5k	graph_1722.gr
graph_1269.gr	RD_5k	graph_1545.gr
graph_1270.gr	RD_5k	graph_4511.gr
graph_1271.gr	RD_5k	graph_4368.gr
graph_1272.gr	RD_5k	graph_3403.gr
graph_1273.gr	RD_5k	graph_4439.gr
graph_1274.gr	RD_5k	graph_3713.gr
graph_1275.gr	RD_5k	graph_2308.gr
graph_1276.gr	RD_5k	graph_3748.gr
graph_1277.gr	RD_5k	graph_3303.gr
graph_1278.gr	RD_5k	graph_353.gr
graph_1279.gr	RD_5k	graph_3717.gr
graph_1280.gr	RD_5k	graph_1269.gr
graph_1281.gr	RD_5k	graph_1637.gr
graph_1282.gr	RD_5k	graph_4997.gr
graph_1283.gr	RD_5k	graph_3251.gr
graph_1284.gr	RD_5k	graph_572.gr
graph_1285.gr	RD_5k	graph_4029.gr
graph_1286.gr	RD_5k	graph_597.gr
graph_1287.gr	RD_5k	graph_4046.gr
graph_1288.gr	RD_5k	graph_117.gr
graph_1289.gr	RD_5k	graph_2756.gr
graph_1290.gr	RD_5k	graph_1907.gr
graph_1291.gr	RD_5k	graph_2677.gr
graph_1292.gr	RD_5k	graph_4746.gr
graph_1293.gr	RD_5k	graph_4317.gr
graph_1294.gr	RD_5k	graph_4248.gr
graph_1295.gr	RD_5k	graph_3868.gr
graph_1296.gr	RD_5k	graph_1928.gr
graph_1297.gr	RD_5k	graph_3156.gr
graph_1298.gr	RD_5k	graph_346.gr
graph_1299.gr	RD_5k	graph_2320.gr
graph_1300.gr	RD_5k	graph_727.gr
graph_1301.gr	RD_5k	graph_2205.gr
graph_1302.gr	RD_5k	graph_363.gr
graph_1303.gr	RD_5k	graph_2700.gr
graph_1304.gr	RD_5k	graph_1511.gr
graph_1305.gr	RD_5k	graph_2537.gr
graph_1306.gr	RD_5k	graph_1933.gr
graph_1307.gr	RD_5k	graph_1887.gr
graph_1308.gr	RD_5k	graph_4885.gr
graph_1309.gr	RD_5k	graph_2783.gr
graph_1310.gr	RD_5k	graph_1960.gr
graph_1311.gr	RD_5k	graph_1929.gr
graph_1312.gr	RD_5k	graph_2885.gr
graph_1313.gr	RD_5k	graph_2409.gr
graph_1314.gr	RD_5k	graph_64.gr
graph_1315.gr	RD_5k	graph_126.gr
graph_1316.gr	RD_5k	graph_1002.gr
graph_1317.gr	RD_5k	graph_4456.gr
graph_1318.gr	RD_5k	graph_3849.gr
graph_1319.gr	RD_5k	graph_1464.gr
graph_1320.gr	RD_5k	graph_2134.gr
graph_1321.gr	RD_5k	graph_3936.gr
graph_1322.gr	RD_5k	graph_4843.gr
graph_1323.gr	RD_5k	graph_220.gr
graph_1324.gr	RD_5k	graph_3893.gr
graph_1325.gr	RD_5k	graph_3822.gr
graph_1326.gr	RD_5k	graph_1741.gr
graph_1327.gr	RD_5k	graph_3227.gr
graph_1328.gr	RD_5k	graph_2383.gr
graph_1329.gr	RD_5k	graph_1026.gr
graph_1330.gr	RD_5k	graph_2250.gr
graph_1331.gr	RD_5k	graph_2561.gr
graph_1332.gr	RD_5k	graph_525.gr
graph_1333.gr	RD_5k	graph_830.gr
graph_1334.gr	RD_5k	graph_4158.gr
graph_1335.gr	RD_5k	graph_2161.gr
graph_1336.gr	RD_5k	graph_3360.gr
graph_1337.gr	RD_5k	graph_858.gr
graph_1338.gr	RD_5k	graph_1143.gr
graph_1339.gr	RD_5k	graph_4690.gr
graph_1340.gr	RD_5k	graph_1471.gr
graph_1341.gr	RD_5k	graph_3464.gr
graph_1342.gr	RD_5k	graph_2631.gr
graph_1343.gr	RD_5k	graph_1650.gr
graph_1344.gr	RD_5k	graph_4501.gr
graph_1345.gr	RD_5k	graph_2052.gr
graph_1346.gr	RD_5k	graph_1984.gr
graph_1347.gr	RD_5k	graph_2315.gr
graph_1348.gr	RD_5k	graph_484.gr
graph_1349.gr	RD_5k	graph_4881.gr
graph_1350.gr	RD_5k	graph_4069.gr
graph_1351.gr	RD_5k	graph_1265.gr
graph_1352.gr	RD_5k	graph_3743.gr
graph_1353.gr	RD_5k	graph_3175.gr
graph_1354.gr	RD_5k	graph_3298.gr
graph_1355.gr	RD_5k	graph_3267.gr
graph_1356.gr	RD_5k	graph_903.gr
graph_1357.gr	RD_5k	graph_726.gr
graph_1358.gr	RD_5k	graph_3202.gr
graph_1359.gr	RD_5k	graph_3939.gr
graph_1360.gr	RD_5k	graph_797.gr
graph_1361.gr	RD_5k	graph_3334.gr
graph_1362.gr	RD_5k	graph_3310.gr
graph_1363.gr	RD_5k	graph_1272.gr
graph_1364.gr	RD_5k	graph_2238.gr
graph_1365.gr	RD_5k	graph_3167.gr
graph_1366.gr	RD_5k	graph_392.gr
graph_1367.gr	RD_5k	graph_4103.gr
graph_1368.gr	RD_5k	graph_2376.gr
graph_1369.gr	RD_5k	graph_2263.gr
graph_1370.gr	RD_5k	graph_420.gr
graph_1371.gr	RD_5k	graph_196.gr
graph_1372.gr	RD_5k	graph_4038.gr
graph_1373.gr	RD_5k	graph_1198.gr
graph_1374.gr	RD_5k	graph_1515.gr
graph_1375.gr	RD_5k	graph_4409.gr
graph_1376.gr	RD_5k	graph_2093.gr
graph_1377.gr	RD_5k	graph_4066.gr
graph_1378.gr	RD_5k	graph_351.gr
graph_1379.gr	RD_5k	graph_3419.gr
graph_1380.gr	RD_5k	graph_1949.gr
graph_1381.gr	RD_5k	graph_3290.gr
graph_1382.gr	RD_5k	graph_2069.gr
graph_1383.gr	RD_5k	graph_4822.gr
graph_1384.gr	RD_5k	graph_224.gr
graph_1385.gr	RD_5k	graph_1978.gr
graph_1386.gr	RD_5k	graph_2944.gr
graph_1387.gr	RD_5k	graph_819.gr
graph_1388.gr	RD_5k	graph_3282.gr
graph_1389.gr	RD_5k	graph_1292.gr
graph_1390.gr	RD_5k	graph_17.gr
graph_1391.gr	RD_5k	graph_4003.gr
graph_1392.gr	RD_5k	graph_2918.gr
graph_1393.gr	RD_5k	graph_3088.gr
graph_1394.gr	RD_5k	graph_1628.gr
graph_1395.gr	RD_5k	graph_3114.gr
graph_1396.gr	RD_5k	graph_958.gr
graph_1397.gr	RD_5k	graph_3923.gr
graph_1398.gr	RD_5k	graph_1921.gr
graph_1399.gr	RD_5k	graph_3656.gr
graph_1400.gr	RD_5k	graph_47.gr
graph_1401.gr	RD_5k	graph_1912.gr
graph_1402.gr	RD_5k	graph_3120.gr
graph_1403.gr	RD_5k	graph_2527.gr
graph_1404.gr	RD_5k	graph_594.gr
graph_1405.gr	RD_5k	graph_1847.gr
graph_1406.gr	RD_5k	graph_1211.gr
graph_1407.gr	RD_5k	graph_4975.gr
graph_1408.gr	RD_5k	graph_3831.gr
graph_1409.gr	RD_5k	graph_1416.gr
graph_1410.gr	RD_5k	graph_4823.gr
graph_1411.gr	RD_5k	graph_2260.gr
graph_1412.gr	RD_5k	graph_1146.gr
graph_1413.gr	RD_5k	graph_372.gr
graph_1414.gr	RD_5k	graph_1259.gr
graph_1415.gr	RD_5k	graph_3027.gr
graph_1416.gr	RD_5k	graph_1290.gr
graph_1417.gr	RD_5k	graph_2344.gr
graph_1418.gr	RD_5k	graph_4569.gr
graph_1419.gr	RD_5k	graph_4605.gr
graph_1420.gr	RD_5k	graph_636.gr
graph_1421.gr	RD_5k	graph_1744.gr
graph_1422.gr	RD_5k	graph_3466.gr
graph_1423.gr	RD_5k	graph_2369.gr
graph_1424.gr	RD_5k	graph_200.gr
graph_1425.gr	RD_5k	graph_534.gr
graph_1426.gr	RD_5k	graph_652.gr
graph_1427.gr	RD_5k	graph_1136.gr
graph_1428.gr	RD_5k	graph_3417.gr
graph_1429.gr	RD_5k	graph_1366.gr
graph_1430.gr	RD_5k	graph_1089.gr
graph_1431.gr	RD_5k	graph_3810.gr
graph_1432.gr	RD_5k	graph_2508.gr
graph_1433.gr	RD_5k	graph_3886.gr
graph_1434.gr	RD_5k	graph_2111.gr
graph_1435.gr	RD_5k	graph_3690.gr
graph_1436.gr	RD_5k	graph_898.gr
graph_1437.gr	RD_5k	graph_1803.gr
graph_1438.gr	RD_5k	graph_3712.gr
graph_1439.gr	RD_5k	graph_1636.gr
graph_1440.gr	RD_5k	graph_1197.gr
graph_1441.gr	RD_5k	graph_1617.gr
graph_1442.gr	RD_5k	graph_911.gr
graph_1443.gr	RD_5k	graph_3826.gr
graph_1444.gr	RD_5k	graph_897.gr
graph_1445.gr	RD_5k	graph_4705.gr
graph_1446.gr	RD_5k	graph_1240.gr
graph_1447.gr	RD_5k	graph_4267.gr
graph_1448.gr	RD_5k	graph_1503.gr
graph_1449.gr	RD_5k	graph_4483.gr
graph_1450.gr	RD_5k	graph_3178.gr
graph_1451.gr	RD_5k	graph_4385.gr
graph_1452.gr	RD_5k	graph_4778.gr
graph_1453.gr	RD_5k	graph_1167.gr
graph_1454.gr	RD_5k	graph_4662.gr
graph_1455.gr	RD_5k	graph_672.gr
graph_1456.gr	RD_5k	graph_4292.gr
graph_1457.gr	RD_5k	graph_189.gr
graph_1458.gr	RD_5k	graph_3145.gr
graph_1459.gr	RD_5k	graph_362.gr
graph_1460.gr	RD_5k	graph_1324.gr
graph_1461.gr	RD_5k	graph_3153.gr
graph_1462.gr	RD_5k	graph_1300.gr
graph_1463.gr	RD_5k	graph_4105.gr
graph_1464.gr	RD_5k	graph_518.gr
graph_1465.gr	RD_5k	graph_4363.gr
graph_1466.gr	RD_5k	graph_4276.gr
graph_1467.gr	RD_5k	graph_639.gr
graph_1468.gr	RD_5k	graph_1467.gr
graph_1469.gr	RD_5k	graph_3307.gr
graph_1470.gr	RD_5k	graph_2469.gr
graph_1471.gr	RD_5k	graph_2566.gr
graph_1472.gr	RD_5k	graph_1343.gr
graph_1473.gr	RD_5k	graph_2718.gr
graph_1474.gr	RD_5k	graph_3385.gr
graph_1475.gr	RD_5k	graph_1235.gr
graph_1476.gr	RD_5k	graph_276.gr
graph_1477.gr	RD_5k	graph_2324.gr
graph_1478.gr	RD_5k	graph_4753.gr
graph_1479.gr	RD_5k	graph_4233.gr
graph_1480.gr	RD_5k	graph_796.gr
graph_1481.gr	RD_5k	graph_2710.gr
graph_1482.gr	RD_5k	graph_4867.gr
graph_1483.gr	RD_5k	graph_4146.gr
graph_1484.gr	RD_5k	graph_4449.gr
graph_1485.gr	RD_5k	graph_3997.gr
graph_1486.gr	RD_5k	graph_2633.gr
graph_1487.gr	RD_5k	graph_1204.gr
graph_1488.gr	RD_5k	graph_2450.gr
graph_1489.gr	RD_5k	graph_4898.gr
graph_1490.gr	RD_5k	graph_2686.gr
graph_1491.gr	RD_5k	graph_45.gr
graph_1492.gr	RD_5k	graph_2530.gr
graph_1493.gr	RD_5k	graph_2795.gr
graph_1494.gr	RD_5k	graph_4649.gr
graph_1495.gr	RD_5k	graph_3706.gr
graph_1496.gr	RD_5k	graph_4908.gr
graph_1497.gr	RD_5k	graph_4632.gr
graph_1498.gr	RD_5k	graph_866.gr
graph_1499.gr	RD_5k	graph_4742.gr
graph_1500.gr	RD_5k	graph_863.gr
graph_1501.gr	RD_5k	graph_2108.gr
graph_1502.gr	RD_5k	graph_1206.gr
graph_1503.gr	RD_5k	graph_843.gr
graph_1504.gr	RD_5k	graph_1768.gr
graph_1505.gr	RD_5k	graph_4224.gr
graph_1506.gr	RD_5k	graph_3844.gr
graph_1507.gr	RD_5k	graph_1252.gr
graph_1508.gr	RD_5k	graph_660.gr
graph_1509.gr	RD_5k	graph_4737.gr
graph_1510.gr	RD_5k	graph_451.gr
graph_1511.gr	RD_5k	graph_2245.gr
graph_1512.gr	RD_5k	graph_1124.gr
graph_1513.gr	RD_5k	graph_4405.gr
graph_1514.gr	RD_5k	graph_1283.gr
graph_1515.gr	RD_5k	graph_446.gr
graph_1516.gr	RD_5k	graph_50.gr
graph_1517.gr	RD_5k	graph_1915.gr
graph_1518.gr	RD_5k	graph_1356.gr
graph_1519.gr	RD_5k	graph_230.gr
graph_1520.gr	RD_5k	graph_1368.gr
graph_1521.gr	RD_5k	graph_1497.gr
graph_1522.gr	RD_5k	graph_3339.gr
graph_1523.gr	RD_5k	graph_3170.gr
graph_1524.gr	RD_5k	graph_3533.gr
graph_1525.gr	RD_5k	graph_522.gr
graph_1526.gr	RD_5k	graph_3007.gr
graph_1527.gr	RD_5k	graph_4995.gr
graph_1528.gr	RD_5k	graph_2273.gr
graph_1529.gr	RD_5k	graph_1135.gr
graph_1530.gr	RD_5k	graph_3869.gr
graph_1531.gr	RD_5k	graph_3066.gr
graph_1532.gr	RD_5k	graph_3880.gr
graph_1533.gr	RD_5k	graph_2900.gr
graph_1534.gr	RD_5k	graph_56.gr
graph_1535.gr	RD_5k	graph_383.gr
graph_1536.gr	RD_5k	graph_3604.gr
graph_1537.gr	RD_5k	graph_1559.gr
graph_1538.gr	RD_5k	graph_2515.gr
graph_1539.gr	RD_5k	graph_4057.gr
graph_1540.gr	RD_5k	graph_4747.gr
graph_1541.gr	RD_5k	graph_1583.gr
graph_1542.gr	RD_5k	graph_3338.gr
graph_1543.gr	RD_5k	graph_2389.gr
graph_1544.gr	RD_5k	graph_72.gr
graph_1545.gr	RD_5k	graph_2044.gr
graph_1546.gr	RD_5k	graph_297.gr
graph_1547.gr	RD_5k	graph_904.gr
graph_1548.gr	RD_5k	graph_2666.gr
graph_1549.gr	RD_5k	graph_654.gr
graph_1550.gr	RD_5k	graph_4163.gr
graph_1551.gr	RD_5k	graph_1353.gr
graph_1552.gr	RD_5k	graph_2839.gr
graph_1553.gr	RD_5k	graph_2982.gr
graph_1554.gr	RD_5k	graph_180.gr
graph_1555.gr	RD_5k	graph_2016.gr
graph_1556.gr	RD_5k	graph_1244.gr
graph_1557.gr	RD_5k	graph_3304.gr
graph_1558.gr	RD_5k	graph_1750.gr
graph_1559.gr	RD_5k	graph_3164.gr
graph_1560.gr	RD_5k	graph_1370.gr
graph_1561.gr	RD_5k	graph_4887.gr
graph_1562.gr	RD_5k	graph_3931.gr
graph_1563.gr	RD_5k	graph_754.gr
graph_1564.gr	RD_5k	graph_4016.gr
graph_1565.gr	RD_5k	graph_3875.gr
graph_1566.gr	RD_5k	graph_787.gr
graph_1567.gr	RD_5k	graph_1137.gr
graph_1568.gr	RD_5k	graph_3060.gr
graph_1569.gr	RD_5k	graph_1216.gr
graph_1570.gr	RD_5k	graph_3166.gr
graph_1571.gr	RD_5k	graph_3724.gr
graph_1572.gr	RD_5k	graph_3938.gr
graph_1573.gr	RD_5k	graph_4125.gr
graph_1574.gr	RD_5k	graph_4893.gr
graph_1575.gr	RD_5k	graph_2232.gr
graph_1576.gr	RD_5k	graph_4242.gr
graph_1577.gr	RD_5k	graph_1327.gr
graph_1578.gr	RD_5k	graph_226.gr
graph_1579.gr	RD_5k	graph_1163.gr
graph_1580.gr	RD_5k	graph_3329.gr
graph_1581.gr	RD_5k	graph_118.gr
graph_1582.gr	RD_5k	graph_1646.gr
graph_1583.gr	RD_5k	graph_2439.gr
graph_1584.gr	RD_5k	graph_2529.gr
graph_1585.gr	RD_5k	graph_1383.gr
graph_1586.gr	RD_5k	graph_4021.gr
graph_1587.gr	RD_5k	graph_2616.gr
graph_1588.gr	RD_5k	graph_4928.gr
graph_1589.gr	RD_5k	graph_3399.gr
graph_1590.gr	RD_5k	graph_4136.gr
graph_1591.gr	RD_5k	graph_4390.gr
graph_1592.gr	RD_5k	graph_1690.gr
graph_1593.gr	RD_5k	graph_3006.gr
graph_1594.gr	RD_5k	graph_3575.gr
graph_1595.gr	RD_5k	graph_811.gr
graph_1596.gr	RD_5k	graph_2988.gr
graph_1597.gr	RD_5k	graph_2006.gr
graph_1598.gr	RD_5k	graph_2249.gr
graph_1599.gr	RD_5k	graph_1492.gr
graph_1600.gr	RD_5k	graph_3279.gr
graph_1601.gr	RD_5k	graph_2848.gr
graph_1602.gr	RD_5k	graph_406.gr
graph_1603.gr	RD_5k	graph_3865.gr
graph_1604.gr	RD_5k	graph_1829.gr
graph_1605.gr	RD_5k	graph_2174.gr
graph_1606.gr	RD_5k	graph_618.gr
graph_1607.gr	RD_5k	graph_3261.gr
graph_1608.gr	RD_5k	graph_2690.gr
graph_1609.gr	RD_5k	graph_896.gr
graph_1610.gr	RD_5k	graph_309.gr
graph_1611.gr	RD_5k	graph_3805.gr
graph_1612.gr	RD_5k	graph_3621.gr
graph_1613.gr	RD_5k	graph_1530.gr
graph_1614.gr	RD_5k	graph_364.gr
graph_1615.gr	RD_5k	graph_2075.gr
graph_1616.gr	RD_5k	graph_3723.gr
graph_1617.gr	RD_5k	graph_4767.gr
graph_1618.gr	RD_5k	graph_2236.gr
graph_1619.gr	RD_5k	graph_514.gr
graph_1620.gr	RD_5k	graph_2996.gr
graph_1621.gr	RD_5k	graph_2707.gr
graph_1622.gr	RD_5k	graph_4291.gr
graph_1623.gr	RD_5k	graph_2062.gr
graph_1624.gr	RD_5k	graph_4978.gr
graph_1625.gr	RD_5k	graph_1317.gr
graph_1626.gr	RD_5k	graph_1475.gr
graph_1627.gr	RD_5k	graph_3469.gr
graph_1628.gr	RD_5k	graph_4162.gr
graph_1629.gr	RD_5k	graph_4644.gr
graph_1630.gr	RD_5k	graph_3291.gr
graph_1631.gr	RD_5k	graph_2877.gr
graph_1632.gr	RD_5k	graph_1023.gr
graph_1633.gr	RD_5k	graph_2868.gr
graph_1634.gr	RD_5k	graph_4685.gr
graph_1635.gr	RD_5k	graph_1319.gr
graph_1636.gr	RD_5k	graph_221.gr
graph_1637.gr	RD_5k	graph_428.gr
graph_1638.gr	RD_5k	graph_1145.gr
graph_1639.gr	RD_5k	graph_729.gr
graph_1640.gr	RD_5k	graph_3539.gr
graph_1641.gr	RD_5k	graph_312.gr
graph_1642.gr	RD_5k	graph_1201.gr
graph_1643.gr	RD_5k	graph_3921.gr
graph_1644.gr	RD_5k	graph_2481.gr
graph_1645.gr	RD_5k	graph_571.gr
graph_1646.gr	RD_5k	graph_1633.gr
graph_1647.gr	RD_5k	graph_3940.gr
graph_1648.gr	RD_5k	graph_3106.gr
graph_1649.gr	RD_5k	graph_3161.gr
graph_1650.gr	RD_5k	graph_244.gr
graph_1651.gr	RD_5k	graph_4793.gr
graph_1652.gr	RD_5k	graph_1099.gr
graph_1653.gr	RD_5k	graph_4729.gr
graph_1654.gr	RD_5k	graph_982.gr
graph_1655.gr	RD_5k	graph_2534.gr
graph_1656.gr	RD_5k	graph_4709.gr
graph_1657.gr	RD_5k	graph_4680.gr
graph_1658.gr	RD_5k	graph_2028.gr
graph_1659.gr	RD_5k	graph_432.gr
graph_1660.gr	RD_5k	graph_3238.gr
graph_1661.gr	RD_5k	graph_254.gr
graph_1662.gr	RD_5k	graph_1571.gr
graph_1663.gr	RD_5k	graph_1920.gr
graph_1664.gr	RD_5k	graph_3500.gr
graph_1665.gr	RD_5k	graph_1128.gr
graph_1666.gr	RD_5k	graph_2039.gr
graph_1667.gr	RD_5k	graph_2462.gr
graph_1668.gr	RD_5k	graph_607.gr
graph_1669.gr	RD_5k	graph_95.gr
graph_1670.gr	RD_5k	graph_348.gr
graph_1671.gr	RD_5k	graph_968.gr
graph_1672.gr	RD_5k	graph_4310.gr
graph_1673.gr	RD_5k	graph_115.gr
graph_1674.gr	RD_5k	graph_3475.gr
graph_1675.gr	RD_5k	graph_4691.gr
graph_1676.gr	RD_5k	graph_3669.gr
graph_1677.gr	RD_5k	graph_3503.gr
graph_1678.gr	RD_5k	graph_1027.gr
graph_1679.gr	RD_5k	graph_4180.gr
graph_1680.gr	RD_5k	graph_1127.gr
graph_1681.gr	RD_5k	graph_1214.gr
graph_1682.gr	RD_5k	graph_207.gr
graph_1683.gr	RD_5k	graph_848.gr
graph_1684.gr	RD_5k	graph_2210.gr
graph_1685.gr	RD_5k	graph_282.gr
graph_1686.gr	RD_5k	graph_1218.gr
graph_1687.gr	RD_5k	graph_214.gr
graph_1688.gr	RD_5k	graph_2356.gr
graph_1689.gr	RD_5k	graph_3098.gr
graph_1690.gr	RD_5k	graph_1271.gr
graph_1691.gr	RD_5k	graph_3047.gr
graph_1692.gr	RD_5k	graph_313.gr
graph_1693.gr	RD_5k	graph_1566.gr
graph_1694.gr	RD_5k	graph_2103.gr
graph_1695.gr	RD_5k	graph_1858.gr
graph_1696.gr	RD_5k	graph_4141.gr
graph_1697.gr	RD_5k	graph_3074.gr
graph_1698.gr	RD_5k	graph_1575.gr
graph_1699.gr	RD_5k	graph_1980.gr
graph_1700.gr	RD_5k	graph_587.gr
graph_1701.gr	RD_5k	graph_2453.gr
graph_1702.gr	RD_5k	graph_497.gr
graph_1703.gr	RD_5k	graph_225.gr
graph_1704.gr	RD_5k	graph_34.gr
graph_1705.gr	RD_5k	graph_706.gr
graph_1706.gr	RD_5k	graph_299.gr
graph_1707.gr	RD_5k	graph_2947.gr
graph_1708.gr	RD_5k	graph_1890.gr
graph_1709.gr	RD_5k	graph_4756.gr
graph_1710.gr	RD_5k	graph_3599.gr
graph_1711.gr	RD_5k	graph_4836.gr
graph_1712.gr	RD_5k	graph_4604.gr
graph_1713.gr	RD_5k	graph_4743.gr
graph_1714.gr	RD_5k	graph_779.gr
graph_1715.gr	RD_5k	graph_1074.gr
graph_1716.gr	RD_5k	graph_4261.gr
graph_1717.gr	RD_5k	graph_3803.gr
graph_1718.gr	RD_5k	graph_3323.gr
graph_1719.gr	RD_5k	graph_2820.gr
graph_1720.gr	RD_5k	graph_4512.gr
graph_1721.gr	RD_5k	graph_3498.gr
graph_1722.gr	RD_5k	graph_2443.gr
graph_1723.gr	RD_5k	graph_4335.gr
graph_1724.gr	RD_5k	graph_3377.gr
graph_1725.gr	RD_5k	graph_921.gr
graph_1726.gr	RD_5k	graph_2023.gr
graph_1727.gr	RD_5k	graph_168.gr
graph_1728.gr	RD_5k	graph_2090.gr
graph_1729.gr	RD_5k	graph_1015.gr
graph_1730.gr	RD_5k	graph_2042.gr
graph_1731.gr	RD_5k	graph_3319.gr
graph_1732.gr	RD_5k	graph_2857.gr
graph_1733.gr	RD_5k	graph_2327.gr
graph_1734.gr	RD_5k	graph_1498.gr
graph_1735.gr	RD_5k	graph_152.gr
graph_1736.gr	RD_5k	graph_1418.gr
graph_1737.gr	RD_5k	graph_3193.gr
graph_1738.gr	RD_5k	graph_4612.gr
graph_1739.gr	RD_5k	graph_1608.gr
graph_1740.gr	RD_5k	graph_4718.gr
graph_1741.gr	RD_5k	graph_4560.gr
graph_1742.gr	RD_5k	graph_4927.gr
graph_1743.gr	RD_5k	graph_2290.gr
graph_1744.gr	RD_5k	graph_2911.gr
graph_1745.gr	RD_5k	graph_2564.gr
graph_1746.gr	RD_5k	graph_4234.gr
graph_1747.gr	RD_5k	graph_3671.gr
graph_1748.gr	RD_5k	graph_2914.gr
graph_1749.gr	RD_5k	graph_2986.gr
graph_1750.gr	RD_5k	graph_1856.gr
graph_1751.gr	RD_5k	graph_1839.gr
graph_1752.gr	RD_5k	graph_1273.gr
graph_1753.gr	RD_5k	graph_417.gr
graph_1754.gr	RD_5k	graph_4311.gr
graph_1755.gr	RD_5k	graph_3004.gr
graph_1756.gr	RD_5k	graph_1981.gr
graph_1757.gr	RD_5k	graph_745.gr
graph_1758.gr	RD_5k	graph_2785.gr
graph_1759.gr	RD_5k	graph_2208.gr
graph_1760.gr	RD_5k	graph_1028.gr
graph_1761.gr	RD_5k	graph_1868.gr
graph_1762.gr	RD_5k	graph_1995.gr
graph_1763.gr	RD_5k	graph_1914.gr
graph_1764.gr	RD_5k	graph_4379.gr
graph_1765.gr	RD_5k	graph_2310.gr
graph_1766.gr	RD_5k	graph_1987.gr
graph_1767.gr	RD_5k	graph_1274.gr
graph_1768.gr	RD_5k	graph_2808.gr
graph_1769.gr	RD_5k	graph_9.gr
graph_1770.gr	RD_5k	graph_287.gr
graph_1771.gr	RD_5k	graph_1644.gr
graph_1772.gr	RD_5k	graph_862.gr
graph_1773.gr	RD_5k	graph_3177.gr
graph_1774.gr	RD_5k	graph_2572.gr
graph_1775.gr	RD_5k	graph_4661.gr
graph_1776.gr	RD_5k	graph_885.gr
graph_1777.gr	RD_5k	graph_4014.gr
graph_1778.gr	RD_5k	graph_625.gr
graph_1779.gr	RD_5k	graph_4075.gr
graph_1780.gr	RD_5k	graph_1788.gr
graph_1781.gr	RD_5k	graph_2120.gr
graph_1782.gr	RD_5k	graph_2309.gr
graph_1783.gr	RD_5k	graph_2981.gr
graph_1784.gr	RD_5k	graph_3483.gr
graph_1785.gr	RD_5k	graph_2663.gr
graph_1786.gr	RD_5k	graph_1712.gr
graph_1787.gr	RD_5k	graph_1867.gr
graph_1788.gr	RD_5k	graph_19.gr
graph_1789.gr	RD_5k	graph_43.gr
graph_1790.gr	RD_5k	graph_739.gr
graph_1791.gr	RD_5k	graph_319.gr
graph_1792.gr	RD_5k	graph_2473.gr
graph_1793.gr	RD_5k	graph_3574.gr
graph_1794.gr	RD_5k	graph_3804.gr
graph_1795.gr	RD_5k	graph_368.gr
graph_1796.gr	RD_5k	graph_1147.gr
graph_1797.gr	RD_5k	graph_588.gr
graph_1798.gr	RD_5k	graph_3761.gr
graph_1799.gr	RD_5k	graph_4436.gr
graph_1800.gr	RD_5k	graph_3246.gr
graph_1801.gr	RD_5k	graph_4341.gr
graph_1802.gr	RD_5k	graph_2621.gr
graph_1803.gr	RD_5k	graph_1611.gr
graph_1804.gr	RD_5k	graph_852.gr
graph_1805.gr	RD_5k	graph_4624.gr
graph_1806.gr	RD_5k	graph_1199.gr
graph_1807.gr	RD_5k	graph_3008.gr
graph_1808.gr	RD_5k	graph_1551.gr
graph_1809.gr	RD_5k	graph_2171.gr
graph_1810.gr	RD_5k	graph_3245.gr
graph_1811.gr	RD_5k	graph_356.gr
graph_1812.gr	RD_5k	graph_4838.gr
graph_1813.gr	RD_5k	graph_1328.gr
graph_1814.gr	RD_5k	graph_2472.gr
graph_1815.gr	RD_5k	graph_2092.gr
graph_1816.gr	RD_5k	graph_1985.gr
graph_1817.gr	RD_5k	graph_3694.gr
graph_1818.gr	RD_5k	graph_1105.gr
graph_1819.gr	RD_5k	graph_1615.gr
graph_1820.gr	RD_5k	graph_492.gr
graph_1821.gr	RD_5k	graph_1389.gr
graph_1822.gr	RD_5k	graph_773.gr
graph_1823.gr	RD_5k	graph_1997.gr
graph_1824.gr	RD_5k	graph_1983.gr
graph_1825.gr	RD_5k	graph_3292.gr
graph_1826.gr	RD_5k	graph_3618.gr
graph_1827.gr	RD_5k	graph_2608.gr
graph_1828.gr	RD_5k	graph_68.gr
graph_1829.gr	RD_5k	graph_4819.gr
graph_1830.gr	RD_5k	graph_4314.gr
graph_1831.gr	RD_5k	graph_3847.gr
graph_1832.gr	RD_5k	graph_4731.gr
graph_1833.gr	RD_5k	graph_2017.gr
graph_1834.gr	RD_5k	graph_961.gr
graph_1835.gr	RD_5k	graph_4529.gr
graph_1836.gr	RD_5k	graph_1675.gr
graph_1837.gr	RD_5k	graph_4460.gr
graph_1838.gr	RD_5k	graph_98.gr
graph_1839.gr	RD_5k	graph_3800.gr
graph_1840.gr	RD_5k	graph_445.gr
graph_1841.gr	RD_5k	graph_87.gr
graph_1842.gr	RD_5k	graph_2910.gr
graph_1843.gr	RD_5k	graph_4230.gr
graph_1844.gr	RD_5k	graph_3024.gr
graph_1845.gr	RD_5k	graph_248.gr
graph_1846.gr	RD_5k	graph_2241.gr
graph_1847.gr	RD_5k	graph_2460.gr
graph_1848.gr	RD_5k	graph_1131.gr
graph_1849.gr	RD_5k	graph_3206.gr
graph_1850.gr	RD_5k	graph_3688.gr
graph_1851.gr	RD_5k	graph_2585.gr
graph_1852.gr	RD_5k	graph_760.gr
graph_1853.gr	RD_5k	graph_2672.gr
graph_1854.gr	RD_5k	graph_4207.gr
graph_1855.gr	RD_5k	graph_3383.gr
graph_1856.gr	RD_5k	graph_3759.gr
graph_1857.gr	RD_5k	graph_793.gr
graph_1858.gr	RD_5k	graph_4160.gr
graph_1859.gr	RD_5k	graph_3320.gr
graph_1860.gr	RD_5k	graph_4371.gr
graph_1861.gr	RD_5k	graph_3113.gr
graph_1862.gr	RD_5k	graph_294.gr
graph_1863.gr	RD_5k	graph_1656.gr
graph_1864.gr	RD_5k	graph_2083.gr
graph_1865.gr	RD_5k	graph_4856.gr
graph_1866.gr	RD_5k	graph_1998.gr
graph_1867.gr	RD_5k	graph_2742.gr
graph_1868.gr	RD_5k	graph_482.gr
graph_1869.gr	RD_5k	graph_1943.gr
graph_1870.gr	RD_5k	graph_2240.gr
graph_1871.gr	RD_5k	graph_1236.gr
graph_1872.gr	RD_5k	graph_1348.gr
graph_1873.gr	RD_5k	graph_1769.gr
graph_1874.gr	RD_5k	graph_3223.gr
graph_1875.gr	RD_5k	graph_4698.gr
graph_1876.gr	RD_5k	graph_600.gr
graph_1877.gr	RD_5k	graph_1886.gr
graph_1878.gr	RD_5k	graph_4894.gr
graph_1879.gr	RD_5k	graph_4759.gr
graph_1880.gr	RD_5k	graph_2477.gr
graph_1881.gr	RD_5k	graph_2136.gr
graph_1882.gr	RD_5k	graph_1186.gr
graph_1883.gr	RD_5k	graph_3943.gr
graph_1884.gr	RD_5k	graph_504.gr
graph_1885.gr	RD_5k	graph_27.gr
graph_1886.gr	RD_5k	graph_807.gr
graph_1887.gr	RD_5k	graph_4506.gr
graph_1888.gr	RD_5k	graph_2224.gr
graph_1889.gr	RD_5k	graph_3108.gr
graph_1890.gr	RD_5k	graph_2257.gr
graph_1891.gr	RD_5k	graph_52.gr
graph_1892.gr	RD_5k	graph_3863.gr
graph_1893.gr	RD_5k	graph_411.gr
graph_1894.gr	RD_5k	graph_1853.gr
graph_1895.gr	RD_5k	graph_1480.gr
graph_1896.gr	RD_5k	graph_1104.gr
graph_1897.gr	RD_5k	graph_2480.gr
graph_1898.gr	RD_5k	graph_4564.gr
graph_1899.gr	RD_5k	graph_3434.gr
graph_1900.gr	RD_5k	graph_3373.gr
graph_1901.gr	RD_5k	graph_1371.gr
graph_1902.gr	RD_5k	graph_4098.gr
graph_1903.gr	RD_5k	graph_1963.gr
graph_1904.gr	RD_5k	graph_3730.gr
graph_1905.gr	RD_5k	graph_1802.gr
graph_1906.gr	RD_5k	graph_4818.gr
graph_1907.gr	RD_5k	graph_3801.gr
graph_1908.gr	RD_5k	graph_4852.gr
graph_1909.gr	RD_5k	graph_4750.gr
graph_1910.gr	RD_5k	graph_2084.gr
graph_1911.gr	RD_5k	graph_403.gr
graph_1912.gr	RD_5k	graph_4728.gr
graph_1913.gr	RD_5k	graph_4499.gr
graph_1914.gr	RD_5k	graph_415.gr
graph_1915.gr	RD_5k	graph_698.gr
graph_1916.gr	RD_5k	graph_2148.gr
graph_1917.gr	RD_5k	graph_2652.gr
graph_1918.gr	RD_5k	graph_3792.gr
graph_1919.gr	RD_5k	graph_4980.gr
graph_1920.gr	RD_5k	graph_4478.gr
graph_1921.gr	RD_5k	graph_3072.gr
graph_1922.gr	RD_5k	graph_210.gr
graph_1923.gr	RD_5k	graph_1799.gr
graph_1924.gr	RD_5k	graph_2936.gr
graph_1925.gr	RD_5k	graph_1793.gr
graph_1926.gr	RD_5k	graph_2691.gr
graph_1927.gr	RD_5k	graph_575.gr
graph_1928.gr	RD_5k	graph_3076.gr
graph_1929.gr	RD_5k	graph_280.gr
graph_1930.gr	RD_5k	graph_4989.gr
graph_1931.gr	RD_5k	graph_1883.gr
graph_1932.gr	RD_5k	graph_4252.gr
graph_1933.gr	RD_5k	graph_4288.gr
graph_1934.gr	RD_5k	graph_2992.gr
graph_1935.gr	RD_5k	graph_3036.gr
graph_1936.gr	RD_5k	graph_2974.gr
graph_1937.gr	RD_5k	graph_2156.gr
graph_1938.gr	RD_5k	graph_2600.gr
graph_1939.gr	RD_5k	graph_2331.gr
graph_1940.gr	RD_5k	graph_580.gr
graph_1941.gr	RD_5k	graph_3912.gr
graph_1942.gr	RD_5k	graph_1923.gr
graph_1943.gr	RD_5k	graph_2036.gr
graph_1944.gr	RD_5k	graph_3129.gr
graph_1945.gr	RD_5k	graph_2810.gr
graph_1946.gr	RD_5k	graph_567.gr
graph_1947.gr	RD_5k	graph_4201.gr
graph_1948.gr	RD_5k	graph_3476.gr
graph_1949.gr	RD_5k	graph_2355.gr
graph_1950.gr	RD_5k	graph_4825.gr
graph_1951.gr	RD_5k	graph_901.gr
graph_1952.gr	RD_5k	graph_4945.gr
graph_1953.gr	RD_5k	graph_3264.gr
graph_1954.gr	RD_5k	graph_1331.gr
graph_1955.gr	RD_5k	graph_1062.gr
graph_1956.gr	RD_5k	graph_1409.gr
graph_1957.gr	RD_5k	graph_3032.gr
graph_1958.gr	RD_5k	graph_173.gr
graph_1959.gr	RD_5k	graph_2488.gr
graph_1960.gr	RD_5k	graph_2050.gr
graph_1961.gr	RD_5k	graph_3791.gr
graph_1962.gr	RD_5k	graph_1365.gr
graph_1963.gr	RD_5k	graph_3127.gr
graph_1964.gr	RD_5k	graph_1781.gr
graph_1965.gr	RD_5k	graph_3630.gr
graph_1966.gr	RD_5k	graph_682.gr
graph_1967.gr	RD_5k	graph_3137.gr
graph_1968.gr	RD_5k	graph_3934.gr
graph_1969.gr	RD_5k	graph_1667.gr
graph_1970.gr	RD_5k	graph_3947.gr
graph_1971.gr	RD_5k	graph_186.gr
graph_1972.gr	RD_5k	graph_39.gr
graph_1973.gr	RD_5k	graph_3611.gr
graph_1974.gr	RD_5k	graph_3351.gr
graph_1975.gr	RD_5k	graph_872.gr
graph_1976.gr	RD_5k	graph_3992.gr
graph_1977.gr	RD_5k	graph_1388.gr
graph_1978.gr	RD_5k	graph_332.gr
graph_1979.gr	RD_5k	graph_1895.gr
graph_1980.gr	RD_5k	graph_3684.gr
graph_1981.gr	RD_5k	graph_3512.gr
graph_1982.gr	RD_5k	graph_344.gr
graph_1983.gr	RD_5k	graph_2523.gr
graph_1984.gr	RD_5k	graph_2113.gr
graph_1985.gr	RD_5k	graph_1332.gr
graph_1986.gr	RD_5k	graph_4807.gr
graph_1987.gr	RD_5k	graph_3028.gr
graph_1988.gr	RD_5k	graph_3236.gr
graph_1989.gr	RD_5k	graph_4926.gr
graph_1990.gr	RD_5k	graph_4627.gr
graph_1991.gr	RD_5k	graph_3467.gr
graph_1992.gr	RD_5k	graph_3798.gr
graph_1993.gr	RD_5k	graph_2078.gr
graph_1994.gr	RD_5k	graph_4172.gr
graph_1995.gr	RD_5k	graph_496.gr
graph_1996.gr	RD_5k	graph_321.gr
graph_1997.gr	RD_5k	graph_243.gr
graph_1998.gr	RD_5k	graph_2322.gr
graph_1999.gr	RD_5k	graph_1765.gr
graph_2000.gr	RD_5k	graph_2609.gr
graph_2001.gr	RD_5k	graph_4397.gr
graph_2002.gr	RD_5k	graph_2737.gr
graph_2003.gr	RD_5k	graph_1431.gr
graph_2004.gr	RD_5k	graph_1278.gr
graph_2005.gr	RD_5k	graph_1957.gr
graph_2006.gr	RD_5k	graph_3018.gr
graph_2007.gr	RD_5k	graph_376.gr
graph_2008.gr	RD_5k	graph_1547.gr
graph_2009.gr	RD_5k	graph_1378.gr
graph_2010.gr	RD_5k	graph_4238.gr
graph_2011.gr	RD_5k	graph_938.gr
graph_2012.gr	RD_5k	graph_2155.gr
graph_2013.gr	RD_5k	graph_51.gr
graph_2014.gr	RD_5k	graph_2748.gr
graph_2015.gr	RD_5k	graph_1395.gr
graph_2016.gr	RD_5k	graph_2425.gr
graph_2017.gr	RD_5k	graph_997.gr
graph_2018.gr	RD_5k	graph_343.gr
graph_2019.gr	RD_5k	graph_2680.gr
graph_2020.gr	RD_5k	graph_4451.gr
graph_2021.gr	RD_5k	graph_58.gr
graph_2022.gr	RD_5k	graph_605.gr
graph_2023.gr	RD_5k	graph_875.gr
graph_2024.gr	RD_5k	graph_1759.gr
graph_2025.gr	RD_5k	graph_201.gr
graph_2026.gr	RD_5k	graph_4281.gr
graph_2027.gr	RD_5k	graph_3769.gr
graph_2028.gr	RD_5k	graph_3426.gr
graph_2029.gr	RD_5k	graph_3280.gr
graph_2030.gr	RD_5k	graph_2899.gr
graph_2031.gr	RD_5k	graph_4942.gr
graph_2032.gr	RD_5k	graph_279.gr
graph_2033.gr	RD_5k	graph_2569.gr
graph_2034.gr	RD_5k	graph_1925.gr
graph_2035.gr	RD_5k	graph_2865.gr
graph_2036.gr	RD_5k	graph_3601.gr
graph_2037.gr	RD_5k	graph_1476.gr
graph_2038.gr	RD_5k	graph_990.gr
graph_2039.gr	RD_5k	graph_4322.gr
graph_2040.gr	RD_5k	graph_1991.gr
graph_2041.gr	RD_5k	graph_38.gr
graph_2042.gr	RD_5k	graph_1591.gr
graph_2043.gr	RD_5k	graph_101.gr
graph_2044.gr	RD_5k	graph_3944.gr
graph_2045.gr	RD_5k	graph_4669.gr
graph_2046.gr	RD_5k	graph_1237.gr
graph_2047.gr	RD_5k	graph_942.gr
graph_2048.gr	RD_5k	graph_2513.gr
graph_2049.gr	RD_5k	graph_3159.gr
graph_2050.gr	RD_5k	graph_2984.gr
graph_2051.gr	RD_5k	graph_3232.gr
graph_2052.gr	RD_5k	graph_154.gr
graph_2053.gr	RD_5k	graph_4072.gr
graph_2054.gr	RD_5k	graph_4197.gr
graph_2055.gr	RD_5k	graph_1613.gr
graph_2056.gr	RD_5k	graph_647.gr
graph_2057.gr	RD_5k	graph_4398.gr
graph_2058.gr	RD_5k	graph_1602.gr
graph_2059.gr	RD_5k	graph_300.gr
graph_2060.gr	RD_5k	graph_3200.gr
graph_2061.gr	RD_5k	graph_4400.gr
graph_2062.gr	RD_5k	graph_257.gr
graph_2063.gr	RD_5k	graph_4984.gr
graph_2064.gr	RD_5k	graph_2829.gr
graph_2065.gr	RD_5k	graph_3608.gr
graph_2066.gr	RD_5k	graph_744.gr
graph_2067.gr	RD_5k	graph_2751.gr
graph_2068.gr	RD_5k	graph_2466.gr
graph_2069.gr	RD_5k	graph_592.gr
graph_2070.gr	RD_5k	graph_1740.gr
graph_2071.gr	RD_5k	graph_4998.gr
graph_2072.gr	RD_5k	graph_1437.gr
graph_2073.gr	RD_5k	graph_2277.gr
graph_2074.gr	RD_5k	graph_2027.gr
graph_2075.gr	RD_5k	graph_218.gr
graph_2076.gr	RD_5k	graph_489.gr
graph_2077.gr	RD_5k	graph_2375.gr
graph_2078.gr	RD_5k	graph_1376.gr
graph_2079.gr	RD_5k	graph_3142.gr
graph_2080.gr	RD_5k	graph_3011.gr
graph_2081.gr	RD_5k	graph_4277.gr
graph_2082.gr	RD_5k	graph_4470.gr
graph_2083.gr	RD_5k	graph_3821.gr
graph_2084.gr	RD_5k	graph_3900.gr
graph_2085.gr	RD_5k	graph_2568.gr
graph_2086.gr	RD_5k	graph_128.gr
graph_2087.gr	RD_5k	graph_4013.gr
graph_2088.gr	RD_5k	graph_876.gr
graph_2089.gr	RD_5k	graph_1329.gr
graph_2090.gr	RD_5k	graph_1955.gr
graph_2091.gr	RD_5k	graph_2701.gr
graph_2092.gr	RD_5k	graph_1720.gr
graph_2093.gr	RD_5k	graph_467.gr
graph_2094.gr	RD_5k	graph_4740.gr
graph_2095.gr	RD_5k	graph_2485.gr
graph_2096.gr	RD_5k	graph_3163.gr
graph_2097.gr	RD_5k	graph_2248.gr
graph_2098.gr	RD_5k	graph_2196.gr
graph_2099.gr	RD_5k	graph_4076.gr
graph_2100.gr	RD_5k	graph_579.gr
graph_2101.gr	RD_5k	graph_4963.gr
graph_2102.gr	RD_5k	graph_2843.gr
graph_2103.gr	RD_5k	graph_4396.gr
graph_2104.gr	RD_5k	graph_1879.gr
graph_2105.gr	RD_5k	graph_3956.gr
graph_2106.gr	RD_5k	graph_4340.gr
graph_2107.gr	RD_5k	graph_2966.gr
graph_2108.gr	RD_5k	graph_4299.gr
graph_2109.gr	RD_5k	graph_2893.gr
graph_2110.gr	RD_5k	graph_476.gr
graph_2111.gr	RD_5k	graph_4840.gr
graph_2112.gr	RD_5k	graph_1752.gr
graph_2113.gr	RD_5k	graph_4306.gr
graph_2114.gr	RD_5k	graph_2689.gr
graph_2115.gr	RD_5k	graph_3729.gr
graph_2116.gr	RD_5k	graph_2511.gr
graph_2117.gr	RD_5k	graph_3550.gr
graph_2118.gr	RD_5k	graph_3149.gr
graph_2119.gr	RD_5k	graph_70.gr
graph_2120.gr	RD_5k	graph_2169.gr
graph_2121.gr	RD_5k	graph_2743.gr
graph_2122.gr	RD_5k	graph_3827.gr
graph_2123.gr	RD_5k	graph_65.gr
graph_2124.gr	RD_5k	graph_4726.gr
graph_2125.gr	RD_5k	graph_263.gr
graph_2126.gr	RD_5k	graph_3228.gr
graph_2127.gr	RD_5k	graph_2627.gr
graph_2128.gr	RD_5k	graph_1909.gr
graph_2129.gr	RD_5k	graph_3260.gr
graph_2130.gr	RD_5k	graph_1120.gr
graph_2131.gr	RD_5k	graph_2989.gr
graph_2132.gr	RD_5k	graph_3901.gr
graph_2133.gr	RD_5k	graph_4598.gr
graph_2134.gr	RD_5k	graph_1638.gr
graph_2135.gr	RD_5k	graph_3378.gr
graph_2136.gr	RD_5k	graph_4489.gr
graph_2137.gr	RD_5k	graph_761.gr
graph_2138.gr	RD_5k	graph_1096.gr
graph_2139.gr	RD_5k	graph_4952.gr
graph_2140.gr	RD_5k	graph_747.gr
graph_2141.gr	RD_5k	graph_429.gr
graph_2142.gr	RD_5k	graph_4432.gr
graph_2143.gr	RD_5k	graph_950.gr
graph_2144.gr	RD_5k	graph_3806.gr
graph_2145.gr	RD_5k	graph_2051.gr
graph_2146.gr	RD_5k	graph_2147.gr
graph_2147.gr	RD_5k	graph_4879.gr
graph_2148.gr	RD_5k	graph_4770.gr
graph_2149.gr	RD_5k	graph_3968.gr
graph_2150.gr	RD_5k	graph_253.gr
graph_2151.gr	RD_5k	graph_2143.gr
graph_2152.gr	RD_5k	graph_3545.gr
graph_2153.gr	RD_5k	graph_977.gr
graph_2154.gr	RD_5k	graph_4290.gr
graph_2155.gr	RD_5k	graph_4695.gr
graph_2156.gr	RD_5k	graph_3972.gr
graph_2157.gr	RD_5k	graph_3979.gr
graph_2158.gr	RD_5k	graph_2465.gr
graph_2159.gr	RD_5k	graph_1226.gr
graph_2160.gr	RD_5k	graph_4658.gr
graph_2161.gr	RD_5k	graph_1053.gr
graph_2162.gr	RD_5k	graph_4442.gr
graph_2163.gr	RD_5k	graph_3440.gr
graph_2164.gr	RD_5k	graph_2796.gr
graph_2165.gr	RD_5k	graph_2337.gr
graph_2166.gr	RD_5k	graph_4282.gr
graph_2167.gr	RD_5k	graph_2581.gr
graph_2168.gr	RD_5k	graph_4635.gr
graph_2169.gr	RD_5k	graph_3986.gr
graph_2170.gr	RD_5k	graph_4130.gr
graph_2171.gr	RD_5k	graph_494.gr
graph_2172.gr	RD_5k	graph_4974.gr
graph_2173.gr	RD_5k	graph_3497.gr
graph_2174.gr	RD_5k	graph_2499.gr
graph_2175.gr	RD_5k	graph_1393.gr
graph_2176.gr	RD_5k	graph_943.gr
graph_2177.gr	RD_5k	graph_177.gr
graph_2178.gr	RD_5k	graph_144.gr
graph_2179.gr	RD_5k	graph_490.gr
graph_2180.gr	RD_5k	graph_883.gr
graph_2181.gr	RD_5k	graph_1041.gr
graph_2182.gr	RD_5k	graph_4593.gr
graph_2183.gr	RD_5k	graph_4150.gr
graph_2184.gr	RD_5k	graph_2765.gr
graph_2185.gr	RD_5k	graph_1477.gr
graph_2186.gr	RD_5k	graph_2976.gr
graph_2187.gr	RD_5k	graph_3457.gr
graph_2188.gr	RD_5k	graph_407.gr
graph_2189.gr	RD_5k	graph_149.gr
graph_2190.gr	RD_5k	graph_94.gr
graph_2191.gr	RD_5k	graph_2022.gr
graph_2192.gr	RD_5k	graph_4334.gr
graph_2193.gr	RD_5k	graph_4939.gr
graph_2194.gr	RD_5k	graph_4784.gr
graph_2195.gr	RD_5k	graph_591.gr
graph_2196.gr	RD_5k	graph_3861.gr
graph_2197.gr	RD_5k	graph_687.gr
graph_2198.gr	RD_5k	graph_1532.gr
graph_2199.gr	RD_5k	graph_1021.gr
graph_2200.gr	RD_5k	graph_1533.gr
graph_2201.gr	RD_5k	graph_3508.gr
graph_2202.gr	RD_5k	graph_2195.gr
graph_2203.gr	RD_5k	graph_3443.gr
graph_2204.gr	RD_5k	graph_1134.gr
graph_2205.gr	RD_5k	graph_4027.gr
graph_2206.gr	RD_5k	graph_2551.gr
graph_2207.gr	RD_5k	graph_3522.gr
graph_2208.gr	RD_5k	graph_3123.gr
graph_2209.gr	RD_5k	graph_2961.gr
graph_2210.gr	RD_5k	graph_147.gr
graph_2211.gr	RD_5k	graph_4054.gr
graph_2212.gr	RD_5k	graph_4073.gr
graph_2213.gr	RD_5k	graph_2441.gr
graph_2214.gr	RD_5k	graph_4166.gr
graph_2215.gr	RD_5k	graph_4966.gr
graph_2216.gr	RD_5k	graph_4637.gr
graph_2217.gr	RD_5k	graph_4761.gr
graph_2218.gr	RD_5k	graph_2727.gr
graph_2219.gr	RD_5k	graph_2575.gr
graph_2220.gr	RD_5k	graph_4930.gr
graph_2221.gr	RD_5k	graph_2522.gr
graph_2222.gr	RD_5k	graph_3523.gr
graph_2223.gr	RD_5k	graph_668.gr
graph_2224.gr	RD_5k	graph_3982.gr
graph_2225.gr	RD_5k	graph_2255.gr
graph_2226.gr	RD_5k	graph_4971.gr
graph_2227.gr	RD_5k	graph_560.gr
graph_2228.gr	RD_5k	graph_2972.gr
graph_2229.gr	RD_5k	graph_4145.gr
graph_2230.gr	RD_5k	graph_1975.gr
graph_2231.gr	RD_5k	graph_4724.gr
graph_2232.gr	RD_5k	graph_140.gr
graph_2233.gr	RD_5k	graph_3501.gr
graph_2234.gr	RD_5k	graph_4259.gr
graph_2235.gr	RD_5k	graph_2746.gr
graph_2236.gr	RD_5k	graph_3237.gr
graph_2237.gr	RD_5k	graph_2858.gr
graph_2238.gr	RD_5k	graph_702.gr
graph_2239.gr	RD_5k	graph_2825.gr
graph_2240.gr	RD_5k	graph_2162.gr
graph_2241.gr	RD_5k	graph_2821.gr
graph_2242.gr	RD_5k	graph_4260.gr
graph_2243.gr	RD_5k	graph_2461.gr
graph_2244.gr	RD_5k	graph_2856.gr
graph_2245.gr	RD_5k	graph_3927.gr
graph_2246.gr	RD_5k	graph_2969.gr
graph_2247.gr	RD_5k	graph_3370.gr
graph_2248.gr	RD_5k	graph_545.gr
graph_2249.gr	RD_5k	graph_4913.gr
graph_2250.gr	RD_5k	graph_4526.gr
graph_2251.gr	RD_5k	graph_840.gr
graph_2252.gr	RD_5k	graph_3813.gr
graph_2253.gr	RD_5k	graph_2109.gr
graph_2254.gr	RD_5k	graph_3877.gr
graph_2255.gr	RD_5k	graph_749.gr
graph_2256.gr	RD_5k	graph_2061.gr
graph_2257.gr	RD_5k	graph_28.gr
graph_2258.gr	RD_5k	graph_4455.gr
graph_2259.gr	RD_5k	graph_3445.gr
graph_2260.gr	RD_5k	graph_1337.gr
graph_2261.gr	RD_5k	graph_3778.gr
graph_2262.gr	RD_5k	graph_1592.gr
graph_2263.gr	RD_5k	graph_2364.gr
graph_2264.gr	RD_5k	graph_1155.gr
graph_2265.gr	RD_5k	graph_3786.gr
graph_2266.gr	RD_5k	graph_1078.gr
graph_2267.gr	RD_5k	graph_2512.gr
graph_2268.gr	RD_5k	graph_4510.gr
graph_2269.gr	RD_5k	graph_4174.gr
graph_2270.gr	RD_5k	graph_1182.gr
graph_2271.gr	RD_5k	graph_2074.gr
graph_2272.gr	RD_5k	graph_701.gr
graph_2273.gr	RD_5k	graph_4960.gr
graph_2274.gr	RD_5k	graph_3448.gr
graph_2275.gr	RD_5k	graph_1709.gr
graph_2276.gr	RD_5k	graph_4546.gr
graph_2277.gr	RD_5k	graph_4349.gr
graph_2278.gr	RD_5k	graph_1095.gr
graph_2279.gr	RD_5k	graph_2862.gr
graph_2280.gr	RD_5k	graph_998.gr
graph_2281.gr	RD_5k	graph_1614.gr
graph_2282.gr	RD_5k	graph_2463.gr
graph_2283.gr	RD_5k	graph_1307.gr
graph_2284.gr	RD_5k	graph_4348.gr
graph_2285.gr	RD_5k	graph_2853.gr
graph_2286.gr	RD_5k	graph_3139.gr
graph_2287.gr	RD_5k	graph_777.gr
graph_2288.gr	RD_5k	graph_4541.gr
graph_2289.gr	RD_5k	graph_1022.gr
graph_2290.gr	RD_5k	graph_2442.gr
graph_2291.gr	RD_5k	graph_2802.gr
graph_2292.gr	RD_5k	graph_3760.gr
graph_2293.gr	RD_5k	graph_956.gr
graph_2294.gr	RD_5k	graph_4656.gr
graph_2295.gr	RD_5k	graph_4161.gr
graph_2296.gr	RD_5k	graph_1567.gr
graph_2297.gr	RD_5k	graph_4580.gr
graph_2298.gr	RD_5k	graph_707.gr
graph_2299.gr	RD_5k	graph_2476.gr
graph_2300.gr	RD_5k	graph_1220.gr
graph_2301.gr	RD_5k	graph_3369.gr
graph_2302.gr	RD_5k	graph_4328.gr
graph_2303.gr	RD_5k	graph_1052.gr
graph_2304.gr	RD_5k	graph_3268.gr
graph_2305.gr	RD_5k	graph_523.gr
graph_2306.gr	RD_5k	graph_290.gr
graph_2307.gr	RD_5k	graph_4653.gr
graph_2308.gr	RD_5k	graph_3845.gr
graph_2309.gr	RD_5k	graph_2024.gr
graph_2310.gr	RD_5k	graph_4789.gr
graph_2311.gr	RD_5k	graph_1334.gr
graph_2312.gr	RD_5k	graph_1066.gr
graph_2313.gr	RD_5k	graph_4113.gr
graph_2314.gr	RD_5k	graph_2767.gr
graph_2315.gr	RD_5k	graph_3146.gr
graph_2316.gr	RD_5k	graph_2733.gr
graph_2317.gr	RD_5k	graph_2942.gr
graph_2318.gr	RD_5k	graph_4382.gr
graph_2319.gr	RD_5k	graph_1852.gr
graph_2320.gr	RD_5k	graph_3558.gr
graph_2321.gr	RD_5k	graph_1253.gr
graph_2322.gr	RD_5k	graph_145.gr
graph_2323.gr	RD_5k	graph_785.gr
graph_2324.gr	RD_5k	graph_375.gr
graph_2325.gr	RD_5k	graph_3657.gr
graph_2326.gr	RD_5k	graph_2259.gr
graph_2327.gr	RD_5k	graph_1266.gr
graph_2328.gr	RD_5k	graph_4523.gr
graph_2329.gr	RD_5k	graph_405.gr
graph_2330.gr	RD_5k	graph_1111.gr
graph_2331.gr	RD_5k	graph_2521.gr
graph_2332.gr	RD_5k	graph_4682.gr
graph_2333.gr	RD_5k	graph_3953.gr
graph_2334.gr	RD_5k	graph_3754.gr
graph_2335.gr	RD_5k	graph_4343.gr
graph_2336.gr	RD_5k	graph_2160.gr
graph_2337.gr	RD_5k	graph_860.gr
graph_2338.gr	RD_5k	graph_4558.gr
graph_2339.gr	RD_5k	graph_3458.gr
graph_2340.gr	RD_5k	graph_4017.gr
graph_2341.gr	RD_5k	graph_1478.gr
graph_2342.gr	RD_5k	graph_3429.gr
graph_2343.gr	RD_5k	graph_2096.gr
graph_2344.gr	RD_5k	graph_1996.gr
graph_2345.gr	RD_5k	graph_3674.gr
graph_2346.gr	RD_5k	graph_4654.gr
graph_2347.gr	RD_5k	graph_2297.gr
graph_2348.gr	RD_5k	graph_4880.gr
graph_2349.gr	RD_5k	graph_3714.gr
graph_2350.gr	RD_5k	graph_1254.gr
graph_2351.gr	RD_5k	graph_2185.gr
graph_2352.gr	RD_5k	graph_3652.gr
graph_2353.gr	RD_5k	graph_2398.gr
graph_2354.gr	RD_5k	graph_4144.gr
graph_2355.gr	RD_5k	graph_1745.gr
graph_2356.gr	RD_5k	graph_4617.gr
graph_2357.gr	RD_5k	graph_3188.gr
graph_2358.gr	RD_5k	graph_2498.gr
graph_2359.gr	RD_5k	graph_4788.gr
graph_2360.gr	RD_5k	graph_4663.gr
graph_2361.gr	RD_5k	graph_1658.gr
graph_2362.gr	RD_5k	graph_602.gr
graph_2363.gr	RD_5k	graph_2549.gr
graph_2364.gr	RD_5k	graph_238.gr
graph_2365.gr	RD_5k	graph_1109.gr
graph_2366.gr	RD_5k	graph_314.gr
graph_2367.gr	RD_5k	graph_1195.gr
graph_2368.gr	RD_5k	graph_1060.gr
graph_2369.gr	RD_5k	graph_4216.gr
graph_2370.gr	RD_5k	graph_2830.gr
graph_2371.gr	RD_5k	graph_53.gr
graph_2372.gr	RD_5k	graph_2884.gr
graph_2373.gr	RD_5k	graph_444.gr
graph_2374.gr	RD_5k	graph_4594.gr
graph_2375.gr	RD_5k	graph_3235.gr
graph_2376.gr	RD_5k	graph_847.gr
graph_2377.gr	RD_5k	graph_1305.gr
graph_2378.gr	RD_5k	graph_4996.gr
graph_2379.gr	RD_5k	graph_1500.gr
graph_2380.gr	RD_5k	graph_1668.gr
graph_2381.gr	RD_5k	graph_291.gr
graph_2382.gr	RD_5k	graph_4078.gr
graph_2383.gr	RD_5k	graph_1672.gr
graph_2384.gr	RD_5k	graph_1857.gr
graph_2385.gr	RD_5k	graph_3587.gr
graph_2386.gr	RD_5k	graph_3974.gr
graph_2387.gr	RD_5k	graph_317.gr
graph_2388.gr	RD_5k	graph_1563.gr
graph_2389.gr	RD_5k	graph_5000.gr
graph_2390.gr	RD_5k	graph_4015.gr
graph_2391.gr	RD_5k	graph_4888.gr
graph_2392.gr	RD_5k	graph_1018.gr
graph_2393.gr	RD_5k	graph_3196.gr
graph_2394.gr	RD_5k	graph_2991.gr
graph_2395.gr	RD_5k	graph_97.gr
graph_2396.gr	RD_5k	graph_4795.gr
graph_2397.gr	RD_5k	graph_3602.gr
graph_2398.gr	RD_5k	graph_781.gr
graph_2399.gr	RD_5k	graph_4117.gr
graph_2400.gr	RD_5k	graph_3951.gr
graph_2401.gr	RD_5k	graph_4910.gr
graph_2402.gr	RD_5k	graph_1552.gr
graph_2403.gr	RD_5k	graph_4109.gr
graph_2404.gr	RD_5k	graph_3782.gr
graph_2405.gr	RD_5k	graph_985.gr
graph_2406.gr	RD_5k	graph_133.gr
graph_2407.gr	RD_5k	graph_3768.gr
graph_2408.gr	RD_5k	graph_1435.gr
graph_2409.gr	RD_5k	graph_783.gr
graph_2410.gr	RD_5k	graph_2357.gr
graph_2411.gr	RD_5k	graph_1126.gr
graph_2412.gr	RD_5k	graph_4100.gr
graph_2413.gr	RD_5k	graph_2554.gr
graph_2414.gr	RD_5k	graph_3967.gr
graph_2415.gr	RD_5k	graph_3083.gr
graph_2416.gr	RD_5k	graph_908.gr
graph_2417.gr	RD_5k	graph_4771.gr
graph_2418.gr	RD_5k	graph_2562.gr
graph_2419.gr	RD_5k	graph_4752.gr
graph_2420.gr	RD_5k	graph_3946.gr
graph_2421.gr	RD_5k	graph_3906.gr
graph_2422.gr	RD_5k	graph_3451.gr
graph_2423.gr	RD_5k	graph_855.gr
graph_2424.gr	RD_5k	graph_988.gr
graph_2425.gr	RD_5k	graph_203.gr
graph_2426.gr	RD_5k	graph_91.gr
graph_2427.gr	RD_5k	graph_2305.gr
graph_2428.gr	RD_5k	graph_3542.gr
graph_2429.gr	RD_5k	graph_337.gr
graph_2430.gr	RD_5k	graph_2397.gr
graph_2431.gr	RD_5k	graph_1339.gr
graph_2432.gr	RD_5k	graph_4609.gr
graph_2433.gr	RD_5k	graph_3851.gr
graph_2434.gr	RD_5k	graph_1296.gr
graph_2435.gr	RD_5k	graph_1428.gr
graph_2436.gr	RD_5k	graph_671.gr
graph_2437.gr	RD_5k	graph_3089.gr
graph_2438.gr	RD_5k	graph_4533.gr
graph_2439.gr	RD_5k	graph_1549.gr
graph_2440.gr	RD_5k	graph_3878.gr
graph_2441.gr	RD_5k	graph_74.gr
graph_2442.gr	RD_5k	graph_1322.gr
graph_2443.gr	RD_5k	graph_2970.gr
graph_2444.gr	RD_5k	graph_3059.gr
graph_2445.gr	RD_5k	graph_3590.gr
graph_2446.gr	RD_5k	graph_3905.gr
graph_2447.gr	RD_5k	graph_1287.gr
graph_2448.gr	RD_5k	graph_585.gr
graph_2449.gr	RD_5k	graph_3824.gr
graph_2450.gr	RD_5k	graph_1380.gr
graph_2451.gr	RD_5k	graph_1811.gr
graph_2452.gr	RD_5k	graph_1968.gr
graph_2453.gr	RD_5k	graph_2015.gr
graph_2454.gr	RD_5k	graph_2602.gr
graph_2455.gr	RD_5k	graph_3538.gr
graph_2456.gr	RD_5k	graph_2130.gr
graph_2457.gr	RD_5k	graph_3169.gr
graph_2458.gr	RD_5k	graph_1434.gr
graph_2459.gr	RD_5k	graph_3265.gr
graph_2460.gr	RD_5k	graph_1795.gr
graph_2461.gr	RD_5k	graph_165.gr
graph_2462.gr	RD_5k	graph_3332.gr
graph_2463.gr	RD_5k	graph_2542.gr
graph_2464.gr	RD_5k	graph_4458.gr
graph_2465.gr	RD_5k	graph_1889.gr
graph_2466.gr	RD_5k	graph_2467.gr
graph_2467.gr	RD_5k	graph_3397.gr
graph_2468.gr	RD_5k	graph_4228.gr
graph_2469.gr	RD_5k	graph_4315.gr
graph_2470.gr	RD_5k	graph_1432.gr
graph_2471.gr	RD_5k	graph_3257.gr
graph_2472.gr	RD_5k	graph_1419.gr
graph_2473.gr	RD_5k	graph_868.gr
graph_2474.gr	RD_5k	graph_2222.gr
graph_2475.gr	RD_5k	graph_2638.gr
graph_2476.gr	RD_5k	graph_2254.gr
graph_2477.gr	RD_5k	graph_1716.gr
graph_2478.gr	RD_5k	graph_2849.gr
graph_2479.gr	RD_5k	graph_4628.gr
graph_2480.gr	RD_5k	graph_3976.gr
graph_2481.gr	RD_5k	graph_3882.gr
graph_2482.gr	RD_5k	graph_3254.gr
graph_2483.gr	RD_5k	graph_1335.gr
graph_2484.gr	RD_5k	graph_2980.gr
graph_2485.gr	RD_5k	graph_4155.gr
graph_2486.gr	RD_5k	graph_3493.gr
graph_2487.gr	RD_5k	graph_3263.gr
graph_2488.gr	RD_5k	graph_1222.gr
graph_2489.gr	RD_5k	graph_649.gr
graph_2490.gr	RD_5k	graph_4534.gr
graph_2491.gr	RD_5k	graph_1425.gr
graph_2492.gr	RD_5k	graph_4712.gr
graph_2493.gr	RD_5k	graph_1831.gr
graph_2494.gr	RD_5k	graph_4601.gr
graph_2495.gr	RD_5k	graph_4474.gr
graph_2496.gr	RD_5k	graph_2395.gr
graph_2497.gr	RD_5k	graph_1421.gr
graph_2498.gr	RD_5k	graph_4036.gr
graph_2499.gr	RD_5k	graph_1680.gr
graph_2500.gr	RD_5k	graph_2661.gr
graph_2501.gr	RF_5k	graph_2775.gr
graph_2502.gr	RF_5k	graph_4516.gr
graph_2503.gr	RF_5k	graph_1330.gr
graph_2504.gr	RF_5k	graph_842.gr
graph_2505.gr	RF_5k	graph_354.gr
graph_2506.gr	RF_5k	graph_4282.gr
graph_2507.gr	RF_5k	graph_3736.gr
graph_2508.gr	RF_5k	graph_4287.gr
graph_2509.gr	RF_5k	graph_227.gr
graph_2510.gr	RF_5k	graph_4485.gr
graph_2511.gr	RF_5k	graph_1856.gr
graph_2512.gr	RF_5k	graph_4263.gr
graph_2513.gr	RF_5k	graph_3579.gr
graph_2514.gr	RF_5k	graph_1784.gr
graph_2515.gr	RF_5k	graph_2710.gr
graph_2516.gr	RF_5k	graph_4120.gr
graph_2517.gr	RF_5k	graph_188.gr
graph_2518.gr	RF_5k	graph_4786.gr
graph_2519.gr	RF_5k	graph_24.gr
graph_2520.gr	RF_5k	graph_4545.gr
graph_2521.gr	RF_5k	graph_4877.gr
graph_2522.gr	RF_5k	graph_238.gr
graph_2523.gr	RF_5k	graph_4740.gr
graph_2524.gr	RF_5k	graph_1700.gr
graph_2525.gr	RF_5k	graph_230.gr
graph_2526.gr	RF_5k	graph_3081.gr
graph_2527.gr	RF_5k	graph_847.gr
graph_2528.gr	RF_5k	graph_4337.gr
graph_2529.gr	RF_5k	graph_1504.gr
graph_2530.gr	RF_5k	graph_2916.gr
graph_2531.gr	RF_5k	graph_2528.gr
graph_2532.gr	RF_5k	graph_2168.gr
graph_2533.gr	RF_5k	graph_4156.gr
graph_2534.gr	RF_5k	graph_4002.gr
graph_2535.gr	RF_5k	graph_151.gr
graph_2536.gr	RF_5k	graph_2080.gr
graph_2537.gr	RF_5k	graph_4321.gr
graph_2538.gr	RF_5k	graph_2460.gr
graph_2539.gr	RF_5k	graph_264.gr
graph_2540.gr	RF_5k	graph_3838.gr
graph_2541.gr	RF_5k	graph_1720.gr
graph_2542.gr	RF_5k	graph_519.gr
graph_2543.gr	RF_5k	graph_2099.gr
graph_2544.gr	RF_5k	graph_698.gr
graph_2545.gr	RF_5k	graph_1072.gr
graph_2546.gr	RF_5k	graph_4259.gr
graph_2547.gr	RF_5k	graph_4871.gr
graph_2548.gr	RF_5k	graph_1638.gr
graph_2549.gr	RF_5k	graph_281.gr
graph_2550.gr	RF_5k	graph_1319.gr
graph_2551.gr	RF_5k	graph_4149.gr
graph_2552.gr	RF_5k	graph_4632.gr
graph_2553.gr	RF_5k	graph_2024.gr
graph_2554.gr	RF_5k	graph_1585.gr
graph_2555.gr	RF_5k	graph_4371.gr
graph_2556.gr	RF_5k	graph_4273.gr
graph_2557.gr	RF_5k	graph_70.gr
graph_2558.gr	RF_5k	graph_1742.gr
graph_2559.gr	RF_5k	graph_820.gr
graph_2560.gr	RF_5k	graph_886.gr
graph_2561.gr	RF_5k	graph_2783.gr
graph_2562.gr	RF_5k	graph_2461.gr
graph_2563.gr	RF_5k	graph_1509.gr
graph_2564.gr	RF_5k	graph_1920.gr
graph_2565.gr	RF_5k	graph_1739.gr
graph_2566.gr	RF_5k	graph_1299.gr
graph_2567.gr	RF_5k	graph_2042.gr
graph_2568.gr	RF_5k	graph_3643.gr
graph_2569.gr	RF_5k	graph_4611.gr
graph_2570.gr	RF_5k	graph_2050.gr
graph_2571.gr	RF_5k	graph_797.gr
graph_2572.gr	RF_5k	graph_3100.gr
graph_2573.gr	RF_5k	graph_1570.gr
graph_2574.gr	RF_5k	graph_710.gr
graph_2575.gr	RF_5k	graph_263.gr
graph_2576.gr	RF_5k	graph_957.gr
graph_2577.gr	RF_5k	graph_2128.gr
graph_2578.gr	RF_5k	graph_3065.gr
graph_2579.gr	RF_5k	graph_3281.gr
graph_2580.gr	RF_5k	graph_4537.gr
graph_2581.gr	RF_5k	graph_4359.gr
graph_2582.gr	RF_5k	graph_1614.gr
graph_2583.gr	RF_5k	graph_2932.gr
graph_2584.gr	RF_5k	graph_3913.gr
graph_2585.gr	RF_5k	graph_4143.gr
graph_2586.gr	RF_5k	graph_4556.gr
graph_2587.gr	RF_5k	graph_895.gr
graph_2588.gr	RF_5k	graph_2023.gr
graph_2589.gr	RF_5k	graph_4640.gr
graph_2590.gr	RF_5k	graph_809.gr
graph_2591.gr	RF_5k	graph_2344.gr
graph_2592.gr	RF_5k	graph_2989.gr
graph_2593.gr	RF_5k	graph_530.gr
graph_2594.gr	RF_5k	graph_4430.gr
graph_2595.gr	RF_5k	graph_2863.gr
graph_2596.gr	RF_5k	graph_4654.gr
graph_2597.gr	RF_5k	graph_1125.gr
graph_2598.gr	RF_5k	graph_1193.gr
graph_2599.gr	RF_5k	graph_2151.gr
graph_2600.gr	RF_5k	graph_121.gr
graph_2601.gr	RF_5k	graph_4370.gr
graph_2602.gr	RF_5k	graph_1069.gr
graph_2603.gr	RF_5k	graph_2488.gr
graph_2604.gr	RF_5k	graph_3119.gr
graph_2605.gr	RF_5k	graph_988.gr
graph_2606.gr	RF_5k	graph_2111.gr
graph_2607.gr	RF_5k	graph_2630.gr
graph_2608.gr	RF_5k	graph_2003.gr
graph_2609.gr	RF_5k	graph_3358.gr
graph_2610.gr	RF_5k	graph_2805.gr
graph_2611.gr	RF_5k	graph_4448.gr
graph_2612.gr	RF_5k	graph_102.gr
graph_2613.gr	RF_5k	graph_1075.gr
graph_2614.gr	RF_5k	graph_1386.gr
graph_2615.gr	RF_5k	graph_2473.gr
graph_2616.gr	RF_5k	graph_2379.gr
graph_2617.gr	RF_5k	graph_3181.gr
graph_2618.gr	RF_5k	graph_4595.gr
graph_2619.gr	RF_5k	graph_566.gr
graph_2620.gr	RF_5k	graph_3979.gr
graph_2621.gr	RF_5k	graph_4089.gr
graph_2622.gr	RF_5k	graph_3996.gr
graph_2623.gr	RF_5k	graph_4616.gr
graph_2624.gr	RF_5k	graph_317.gr
graph_2625.gr	RF_5k	graph_473.gr
graph_2626.gr	RF_5k	graph_1407.gr
graph_2627.gr	RF_5k	graph_2513.gr
graph_2628.gr	RF_5k	graph_509.gr
graph_2629.gr	RF_5k	graph_3758.gr
graph_2630.gr	RF_5k	graph_109.gr
graph_2631.gr	RF_5k	graph_4907.gr
graph_2632.gr	RF_5k	graph_3151.gr
graph_2633.gr	RF_5k	graph_4290.gr
graph_2634.gr	RF_5k	graph_3489.gr
graph_2635.gr	RF_5k	graph_3347.gr
graph_2636.gr	RF_5k	graph_3992.gr
graph_2637.gr	RF_5k	graph_3232.gr
graph_2638.gr	RF_5k	graph_93.gr
graph_2639.gr	RF_5k	graph_2316.gr
graph_2640.gr	RF_5k	graph_3393.gr
graph_2641.gr	RF_5k	graph_707.gr
graph_2642.gr	RF_5k	graph_921.gr
graph_2643.gr	RF_5k	graph_444.gr
graph_2644.gr	RF_5k	graph_2573.gr
graph_2645.gr	RF_5k	graph_194.gr
graph_2646.gr	RF_5k	graph_3483.gr
graph_2647.gr	RF_5k	graph_374.gr
graph_2648.gr	RF_5k	graph_870.gr
graph_2649.gr	RF_5k	graph_4991.gr
graph_2650.gr	RF_5k	graph_487.gr
graph_2651.gr	RF_5k	graph_1159.gr
graph_2652.gr	RF_5k	graph_1593.gr
graph_2653.gr	RF_5k	graph_2977.gr
graph_2654.gr	RF_5k	graph_3871.gr
graph_2655.gr	RF_5k	graph_1657.gr
graph_2656.gr	RF_5k	graph_4954.gr
graph_2657.gr	RF_5k	graph_2143.gr
graph_2658.gr	RF_5k	graph_708.gr
graph_2659.gr	RF_5k	graph_4357.gr
graph_2660.gr	RF_5k	graph_54.gr
graph_2661.gr	RF_5k	graph_1013.gr
graph_2662.gr	RF_5k	graph_2287.gr
graph_2663.gr	RF_5k	graph_1887.gr
graph_2664.gr	RF_5k	graph_786.gr
graph_2665.gr	RF_5k	graph_2876.gr
graph_2666.gr	RF_5k	graph_4078.gr
graph_2667.gr	RF_5k	graph_14.gr
graph_2668.gr	RF_5k	graph_1065.gr
graph_2669.gr	RF_5k	graph_992.gr
graph_2670.gr	RF_5k	graph_1595.gr
graph_2671.gr	RF_5k	graph_2928.gr
graph_2672.gr	RF_5k	graph_3104.gr
graph_2673.gr	RF_5k	graph_2013.gr
graph_2674.gr	RF_5k	graph_1224.gr
graph_2675.gr	RF_5k	graph_3242.gr
graph_2676.gr	RF_5k	graph_2929.gr
graph_2677.gr	RF_5k	graph_3656.gr
graph_2678.gr	RF_5k	graph_1903.gr
graph_2679.gr	RF_5k	graph_3458.gr
graph_2680.gr	RF_5k	graph_2262.gr
graph_2681.gr	RF_5k	graph_1566.gr
graph_2682.gr	RF_5k	graph_4842.gr
graph_2683.gr	RF_5k	graph_4182.gr
graph_2684.gr	RF_5k	graph_4908.gr
graph_2685.gr	RF_5k	graph_3506.gr
graph_2686.gr	RF_5k	graph_1911.gr
graph_2687.gr	RF_5k	graph_289.gr
graph_2688.gr	RF_5k	graph_3683.gr
graph_2689.gr	RF_5k	graph_1695.gr
graph_2690.gr	RF_5k	graph_4236.gr
graph_2691.gr	RF_5k	graph_4081.gr
graph_2692.gr	RF_5k	graph_3258.gr
graph_2693.gr	RF_5k	graph_1791.gr
graph_2694.gr	RF_5k	graph_1436.gr
graph_2695.gr	RF_5k	graph_2965.gr
graph_2696.gr	RF_5k	graph_3050.gr
graph_2697.gr	RF_5k	graph_2670.gr
graph_2698.gr	RF_5k	graph_4403.gr
graph_2699.gr	RF_5k	graph_4155.gr
graph_2700.gr	RF_5k	graph_1064.gr
graph_2701.gr	RF_5k	graph_2061.gr
graph_2702.gr	RF_5k	graph_3672.gr
graph_2703.gr	RF_5k	graph_3813.gr
graph_2704.gr	RF_5k	graph_2149.gr
graph_2705.gr	RF_5k	graph_4346.gr
graph_2706.gr	RF_5k	graph_814.gr
graph_2707.gr	RF_5k	graph_2829.gr
graph_2708.gr	RF_5k	graph_845.gr
graph_2709.gr	RF_5k	graph_2804.gr
graph_2710.gr	RF_5k	graph_2980.gr
graph_2711.gr	RF_5k	graph_1714.gr
graph_2712.gr	RF_5k	graph_4891.gr
graph_2713.gr	RF_5k	graph_4574.gr
graph_2714.gr	RF_5k	graph_549.gr
graph_2715.gr	RF_5k	graph_1096.gr
graph_2716.gr	RF_5k	graph_2030.gr
graph_2717.gr	RF_5k	graph_1779.gr
graph_2718.gr	RF_5k	graph_1692.gr
graph_2719.gr	RF_5k	graph_189.gr
graph_2720.gr	RF_5k	graph_666.gr
graph_2721.gr	RF_5k	graph_3202.gr
graph_2722.gr	RF_5k	graph_1515.gr
graph_2723.gr	RF_5k	graph_1267.gr
graph_2724.gr	RF_5k	graph_955.gr
graph_2725.gr	RF_5k	graph_4915.gr
graph_2726.gr	RF_5k	graph_3043.gr
graph_2727.gr	RF_5k	graph_3627.gr
graph_2728.gr	RF_5k	graph_2.gr
graph_2729.gr	RF_5k	graph_1208.gr
graph_2730.gr	RF_5k	graph_416.gr
graph_2731.gr	RF_5k	graph_3607.gr
graph_2732.gr	RF_5k	graph_3228.gr
graph_2733.gr	RF_5k	graph_1951.gr
graph_2734.gr	RF_5k	graph_1907.gr
graph_2735.gr	RF_5k	graph_1656.gr
graph_2736.gr	RF_5k	graph_4461.gr
graph_2737.gr	RF_5k	graph_4150.gr
graph_2738.gr	RF_5k	graph_2963.gr
graph_2739.gr	RF_5k	graph_3265.gr
graph_2740.gr	RF_5k	graph_2567.gr
graph_2741.gr	RF_5k	graph_591.gr
graph_2742.gr	RF_5k	graph_1488.gr
graph_2743.gr	RF_5k	graph_3377.gr
graph_2744.gr	RF_5k	graph_1747.gr
graph_2745.gr	RF_5k	graph_4492.gr
graph_2746.gr	RF_5k	graph_3807.gr
graph_2747.gr	RF_5k	graph_2978.gr
graph_2748.gr	RF_5k	graph_1600.gr
graph_2749.gr	RF_5k	graph_182.gr
graph_2750.gr	RF_5k	graph_1112.gr
graph_2751.gr	RF_5k	graph_1351.gr
graph_2752.gr	RF_5k	graph_2049.gr
graph_2753.gr	RF_5k	graph_2392.gr
graph_2754.gr	RF_5k	graph_2992.gr
graph_2755.gr	RF_5k	graph_4375.gr
graph_2756.gr	RF_5k	graph_2015.gr
graph_2757.gr	RF_5k	graph_2230.gr
graph_2758.gr	RF_5k	graph_3278.gr
graph_2759.gr	RF_5k	graph_2933.gr
graph_2760.gr	RF_5k	graph_3010.gr
graph_2761.gr	RF_5k	graph_3454.gr
graph_2762.gr	RF_5k	graph_3998.gr
graph_2763.gr	RF_5k	graph_3877.gr
graph_2764.gr	RF_5k	graph_3175.gr
graph_2765.gr	RF_5k	graph_3924.gr
graph_2766.gr	RF_5k	graph_1548.gr
graph_2767.gr	RF_5k	graph_1269.gr
graph_2768.gr	RF_5k	graph_372.gr
graph_2769.gr	RF_5k	graph_3575.gr
graph_2770.gr	RF_5k	graph_3866.gr
graph_2771.gr	RF_5k	graph_3513.gr
graph_2772.gr	RF_5k	graph_609.gr
graph_2773.gr	RF_5k	graph_2423.gr
graph_2774.gr	RF_5k	graph_3890.gr
graph_2775.gr	RF_5k	graph_3310.gr
graph_2776.gr	RF_5k	graph_939.gr
graph_2777.gr	RF_5k	graph_3494.gr
graph_2778.gr	RF_5k	graph_3329.gr
graph_2779.gr	RF_5k	graph_447.gr
graph_2780.gr	RF_5k	graph_4584.gr
graph_2781.gr	RF_5k	graph_659.gr
graph_2782.gr	RF_5k	graph_1819.gr
graph_2783.gr	RF_5k	graph_525.gr
graph_2784.gr	RF_5k	graph_3485.gr
graph_2785.gr	RF_5k	graph_3366.gr
graph_2786.gr	RF_5k	graph_2426.gr
graph_2787.gr	RF_5k	graph_3492.gr
graph_2788.gr	RF_5k	graph_2910.gr
graph_2789.gr	RF_5k	graph_1658.gr
graph_2790.gr	RF_5k	graph_1686.gr
graph_2791.gr	RF_5k	graph_4517.gr
graph_2792.gr	RF_5k	graph_2499.gr
graph_2793.gr	RF_5k	graph_4598.gr
graph_2794.gr	RF_5k	graph_1106.gr
graph_2795.gr	RF_5k	graph_3498.gr
graph_2796.gr	RF_5k	graph_1557.gr
graph_2797.gr	RF_5k	graph_4627.gr
graph_2798.gr	RF_5k	graph_1182.gr
graph_2799.gr	RF_5k	graph_1578.gr
graph_2800.gr	RF_5k	graph_4129.gr
graph_2801.gr	RF_5k	graph_2535.gr
graph_2802.gr	RF_5k	graph_4927.gr
graph_2803.gr	RF_5k	graph_2798.gr
graph_2804.gr	RF_5k	graph_3840.gr
graph_2805.gr	RF_5k	graph_104.gr
graph_2806.gr	RF_5k	graph_1090.gr
graph_2807.gr	RF_5k	graph_3312.gr
graph_2808.gr	RF_5k	graph_4815.gr
graph_2809.gr	RF_5k	graph_2830.gr
graph_2810.gr	RF_5k	graph_4368.gr
graph_2811.gr	RF_5k	graph_2477.gr
graph_2812.gr	RF_5k	graph_1500.gr
graph_2813.gr	RF_5k	graph_756.gr
graph_2814.gr	RF_5k	graph_4966.gr
graph_2815.gr	RF_5k	graph_2284.gr
graph_2816.gr	RF_5k	graph_1484.gr
graph_2817.gr	RF_5k	graph_631.gr
graph_2818.gr	RF_5k	graph_2216.gr
graph_2819.gr	RF_5k	graph_2645.gr
graph_2820.gr	RF_5k	graph_3063.gr
graph_2821.gr	RF_5k	graph_169.gr
graph_2822.gr	RF_5k	graph_4102.gr
graph_2823.gr	RF_5k	graph_4880.gr
graph_2824.gr	RF_5k	graph_3995.gr
graph_2825.gr	RF_5k	graph_4171.gr
graph_2826.gr	RF_5k	graph_313.gr
graph_2827.gr	RF_5k	graph_3402.gr
graph_2828.gr	RF_5k	graph_2109.gr
graph_2829.gr	RF_5k	graph_3772.gr
graph_2830.gr	RF_5k	graph_3033.gr
graph_2831.gr	RF_5k	graph_1101.gr
graph_2832.gr	RF_5k	graph_1122.gr
graph_2833.gr	RF_5k	graph_1890.gr
graph_2834.gr	RF_5k	graph_59.gr
graph_2835.gr	RF_5k	graph_4124.gr
graph_2836.gr	RF_5k	graph_3761.gr
graph_2837.gr	RF_5k	graph_1659.gr
graph_2838.gr	RF_5k	graph_4001.gr
graph_2839.gr	RF_5k	graph_4566.gr
graph_2840.gr	RF_5k	graph_2150.gr
graph_2841.gr	RF_5k	graph_1463.gr
graph_2842.gr	RF_5k	graph_3964.gr
graph_2843.gr	RF_5k	graph_4570.gr
graph_2844.gr	RF_5k	graph_4630.gr
graph_2845.gr	RF_5k	graph_1853.gr
graph_2846.gr	RF_5k	graph_42.gr
graph_2847.gr	RF_5k	graph_882.gr
graph_2848.gr	RF_5k	graph_3593.gr
graph_2849.gr	RF_5k	graph_3826.gr
graph_2850.gr	RF_5k	graph_2326.gr
graph_2851.gr	RF_5k	graph_4269.gr
graph_2852.gr	RF_5k	graph_2954.gr
graph_2853.gr	RF_5k	graph_106.gr
graph_2854.gr	RF_5k	graph_359.gr
graph_2855.gr	RF_5k	graph_1928.gr
graph_2856.gr	RF_5k	graph_1842.gr
graph_2857.gr	RF_5k	graph_3319.gr
graph_2858.gr	RF_5k	graph_3542.gr
graph_2859.gr	RF_5k	graph_3147.gr
graph_2860.gr	RF_5k	graph_4618.gr
graph_2861.gr	RF_5k	graph_4890.gr
graph_2862.gr	RF_5k	graph_616.gr
graph_2863.gr	RF_5k	graph_1417.gr
graph_2864.gr	RF_5k	graph_3223.gr
graph_2865.gr	RF_5k	graph_1050.gr
graph_2866.gr	RF_5k	graph_3511.gr
graph_2867.gr	RF_5k	graph_322.gr
graph_2868.gr	RF_5k	graph_2723.gr
graph_2869.gr	RF_5k	graph_2368.gr
graph_2870.gr	RF_5k	graph_3692.gr
graph_2871.gr	RF_5k	graph_799.gr
graph_2872.gr	RF_5k	graph_4246.gr
graph_2873.gr	RF_5k	graph_499.gr
graph_2874.gr	RF_5k	graph_4905.gr
graph_2875.gr	RF_5k	graph_836.gr
graph_2876.gr	RF_5k	graph_2067.gr
graph_2877.gr	RF_5k	graph_3145.gr
graph_2878.gr	RF_5k	graph_344.gr
graph_2879.gr	RF_5k	graph_3694.gr
graph_2880.gr	RF_5k	graph_3356.gr
graph_2881.gr	RF_5k	graph_1000.gr
graph_2882.gr	RF_5k	graph_4486.gr
graph_2883.gr	RF_5k	graph_1897.gr
graph_2884.gr	RF_5k	graph_2346.gr
graph_2885.gr	RF_5k	graph_3141.gr
graph_2886.gr	RF_5k	graph_4026.gr
graph_2887.gr	RF_5k	graph_2767.gr
graph_2888.gr	RF_5k	graph_295.gr
graph_2889.gr	RF_5k	graph_4111.gr
graph_2890.gr	RF_5k	graph_4651.gr
graph_2891.gr	RF_5k	graph_386.gr
graph_2892.gr	RF_5k	graph_466.gr
graph_2893.gr	RF_5k	graph_545.gr
graph_2894.gr	RF_5k	graph_2225.gr
graph_2895.gr	RF_5k	graph_3464.gr
graph_2896.gr	RF_5k	graph_1321.gr
graph_2897.gr	RF_5k	graph_1931.gr
graph_2898.gr	RF_5k	graph_4922.gr
graph_2899.gr	RF_5k	graph_3699.gr
graph_2900.gr	RF_5k	graph_4741.gr
graph_2901.gr	RF_5k	graph_3952.gr
graph_2902.gr	RF_5k	graph_4613.gr
graph_2903.gr	RF_5k	graph_1603.gr
graph_2904.gr	RF_5k	graph_3156.gr
graph_2905.gr	RF_5k	graph_3112.gr
graph_2906.gr	RF_5k	graph_1152.gr
graph_2907.gr	RF_5k	graph_3440.gr
graph_2908.gr	RF_5k	graph_429.gr
graph_2909.gr	RF_5k	graph_2300.gr
graph_2910.gr	RF_5k	graph_4636.gr
graph_2911.gr	RF_5k	graph_2401.gr
graph_2912.gr	RF_5k	graph_1751.gr
graph_2913.gr	RF_5k	graph_1428.gr
graph_2914.gr	RF_5k	graph_2967.gr
graph_2915.gr	RF_5k	graph_3080.gr
graph_2916.gr	RF_5k	graph_1936.gr
graph_2917.gr	RF_5k	graph_3962.gr
graph_2918.gr	RF_5k	graph_2241.gr
graph_2919.gr	RF_5k	graph_3260.gr
graph_2920.gr	RF_5k	graph_2620.gr
graph_2921.gr	RF_5k	graph_4826.gr
graph_2922.gr	RF_5k	graph_3457.gr
graph_2923.gr	RF_5k	graph_4064.gr
graph_2924.gr	RF_5k	graph_4947.gr
graph_2925.gr	RF_5k	graph_2055.gr
graph_2926.gr	RF_5k	graph_2849.gr
graph_2927.gr	RF_5k	graph_1923.gr
graph_2928.gr	RF_5k	graph_2718.gr
graph_2929.gr	RF_5k	graph_1850.gr
graph_2930.gr	RF_5k	graph_4794.gr
graph_2931.gr	RF_5k	graph_2803.gr
graph_2932.gr	RF_5k	graph_1019.gr
graph_2933.gr	RF_5k	graph_3409.gr
graph_2934.gr	RF_5k	graph_1529.gr
graph_2935.gr	RF_5k	graph_1447.gr
graph_2936.gr	RF_5k	graph_3449.gr
graph_2937.gr	RF_5k	graph_4158.gr
graph_2938.gr	RF_5k	graph_357.gr
graph_2939.gr	RF_5k	graph_1962.gr
graph_2940.gr	RF_5k	graph_1502.gr
graph_2941.gr	RF_5k	graph_2009.gr
graph_2942.gr	RF_5k	graph_3677.gr
graph_2943.gr	RF_5k	graph_4453.gr
graph_2944.gr	RF_5k	graph_1020.gr
graph_2945.gr	RF_5k	graph_1995.gr
graph_2946.gr	RF_5k	graph_3397.gr
graph_2947.gr	RF_5k	graph_936.gr
graph_2948.gr	RF_5k	graph_1399.gr
graph_2949.gr	RF_5k	graph_4716.gr
graph_2950.gr	RF_5k	graph_3193.gr
graph_2951.gr	RF_5k	graph_1780.gr
graph_2952.gr	RF_5k	graph_1030.gr
graph_2953.gr	RF_5k	graph_2662.gr
graph_2954.gr	RF_5k	graph_3843.gr
graph_2955.gr	RF_5k	graph_1643.gr
graph_2956.gr	RF_5k	graph_1650.gr
graph_2957.gr	RF_5k	graph_2856.gr
graph_2958.gr	RF_5k	graph_155.gr
graph_2959.gr	RF_5k	graph_1196.gr
graph_2960.gr	RF_5k	graph_2581.gr
graph_2961.gr	RF_5k	graph_940.gr
graph_2962.gr	RF_5k	graph_1782.gr
graph_2963.gr	RF_5k	graph_3628.gr
graph_2964.gr	RF_5k	graph_2941.gr
graph_2965.gr	RF_5k	graph_945.gr
graph_2966.gr	RF_5k	graph_4393.gr
graph_2967.gr	RF_5k	graph_2841.gr
graph_2968.gr	RF_5k	graph_2746.gr
graph_2969.gr	RF_5k	graph_503.gr
graph_2970.gr	RF_5k	graph_2431.gr
graph_2971.gr	RF_5k	graph_1215.gr
graph_2972.gr	RF_5k	graph_2242.gr
graph_2973.gr	RF_5k	graph_3122.gr
graph_2974.gr	RF_5k	graph_2197.gr
graph_2975.gr	RF_5k	graph_4723.gr
graph_2976.gr	RF_5k	graph_29.gr
graph_2977.gr	RF_5k	graph_2164.gr
graph_2978.gr	RF_5k	graph_1364.gr
graph_2979.gr	RF_5k	graph_3580.gr
graph_2980.gr	RF_5k	graph_2394.gr
graph_2981.gr	RF_5k	graph_492.gr
graph_2982.gr	RF_5k	graph_3586.gr
graph_2983.gr	RF_5k	graph_2033.gr
graph_2984.gr	RF_5k	graph_2076.gr
graph_2985.gr	RF_5k	graph_4142.gr
graph_2986.gr	RF_5k	graph_2706.gr
graph_2987.gr	RF_5k	graph_2258.gr
graph_2988.gr	RF_5k	graph_703.gr
graph_2989.gr	RF_5k	graph_2549.gr
graph_2990.gr	RF_5k	graph_4293.gr
graph_2991.gr	RF_5k	graph_760.gr
graph_2992.gr	RF_5k	graph_385.gr
graph_2993.gr	RF_5k	graph_3688.gr
graph_2994.gr	RF_5k	graph_2842.gr
graph_2995.gr	RF_5k	graph_1655.gr
graph_2996.gr	RF_5k	graph_766.gr
graph_2997.gr	RF_5k	graph_2625.gr
graph_2998.gr	RF_5k	graph_2345.gr
graph_2999.gr	RF_5k	graph_3446.gr
graph_3000.gr	RF_5k	graph_4281.gr
graph_3001.gr	RF_5k	graph_23.gr
graph_3002.gr	RF_5k	graph_1290.gr
graph_3003.gr	RF_5k	graph_3776.gr
graph_3004.gr	RF_5k	graph_4639.gr
graph_3005.gr	RF_5k	graph_547.gr
graph_3006.gr	RF_5k	graph_4678.gr
graph_3007.gr	RF_5k	graph_1794.gr
graph_3008.gr	RF_5k	graph_3120.gr
graph_3009.gr	RF_5k	graph_278.gr
graph_3010.gr	RF_5k	graph_1312.gr
graph_3011.gr	RF_5k	graph_2511.gr
graph_3012.gr	RF_5k	graph_1324.gr
graph_3013.gr	RF_5k	graph_3334.gr
graph_3014.gr	RF_5k	graph_4899.gr
graph_3015.gr	RF_5k	graph_2693.gr
graph_3016.gr	RF_5k	graph_327.gr
graph_3017.gr	RF_5k	graph_3760.gr
graph_3018.gr	RF_5k	graph_1918.gr
graph_3019.gr	RF_5k	graph_1551.gr
graph_3020.gr	RF_5k	graph_3432.gr
graph_3021.gr	RF_5k	graph_1776.gr
graph_3022.gr	RF_5k	graph_1883.gr
graph_3023.gr	RF_5k	graph_1382.gr
graph_3024.gr	RF_5k	graph_1681.gr
graph_3025.gr	RF_5k	graph_4163.gr
graph_3026.gr	RF_5k	graph_2892.gr
graph_3027.gr	RF_5k	graph_3279.gr
graph_3028.gr	RF_5k	graph_4926.gr
graph_3029.gr	RF_5k	graph_428.gr
graph_3030.gr	RF_5k	graph_704.gr
graph_3031.gr	RF_5k	graph_2155.gr
graph_3032.gr	RF_5k	graph_1035.gr
graph_3033.gr	RF_5k	graph_16.gr
graph_3034.gr	RF_5k	graph_1422.gr
graph_3035.gr	RF_5k	graph_2897.gr
graph_3036.gr	RF_5k	graph_2470.gr
graph_3037.gr	RF_5k	graph_1797.gr
graph_3038.gr	RF_5k	graph_650.gr
graph_3039.gr	RF_5k	graph_559.gr
graph_3040.gr	RF_5k	graph_3613.gr
graph_3041.gr	RF_5k	graph_3035.gr
graph_3042.gr	RF_5k	graph_801.gr
graph_3043.gr	RF_5k	graph_1458.gr
graph_3044.gr	RF_5k	graph_4457.gr
graph_3045.gr	RF_5k	graph_353.gr
graph_3046.gr	RF_5k	graph_153.gr
graph_3047.gr	RF_5k	graph_989.gr
graph_3048.gr	RF_5k	graph_1298.gr
graph_3049.gr	RF_5k	graph_2877.gr
graph_3050.gr	RF_5k	graph_3639.gr
graph_3051.gr	RF_5k	graph_4125.gr
graph_3052.gr	RF_5k	graph_2555.gr
graph_3053.gr	RF_5k	graph_1609.gr
graph_3054.gr	RF_5k	graph_3945.gr
graph_3055.gr	RF_5k	graph_4095.gr
graph_3056.gr	RF_5k	graph_1349.gr
graph_3057.gr	RF_5k	graph_1280.gr
graph_3058.gr	RF_5k	graph_3680.gr
graph_3059.gr	RF_5k	graph_2252.gr
graph_3060.gr	RF_5k	graph_633.gr
graph_3061.gr	RF_5k	graph_513.gr
graph_3062.gr	RF_5k	graph_4792.gr
graph_3063.gr	RF_5k	graph_1709.gr
graph_3064.gr	RF_5k	graph_1943.gr
graph_3065.gr	RF_5k	graph_1328.gr
graph_3066.gr	RF_5k	graph_889.gr
graph_3067.gr	RF_5k	graph_4824.gr
graph_3068.gr	RF_5k	graph_4962.gr
graph_3069.gr	RF_5k	graph_3203.gr
graph_3070.gr	RF_5k	graph_2123.gr
graph_3071.gr	RF_5k	graph_1121.gr
graph_3072.gr	RF_5k	graph_90.gr
graph_3073.gr	RF_5k	graph_1888.gr
graph_3074.gr	RF_5k	graph_1440.gr
graph_3075.gr	RF_5k	graph_3891.gr
graph_3076.gr	RF_5k	graph_3528.gr
graph_3077.gr	RF_5k	graph_2666.gr
graph_3078.gr	RF_5k	graph_542.gr
graph_3079.gr	RF_5k	graph_2256.gr
graph_3080.gr	RF_5k	graph_4260.gr
graph_3081.gr	RF_5k	graph_2639.gr
graph_3082.gr	RF_5k	graph_343.gr
graph_3083.gr	RF_5k	graph_3282.gr
graph_3084.gr	RF_5k	graph_599.gr
graph_3085.gr	RF_5k	graph_4771.gr
graph_3086.gr	RF_5k	graph_3111.gr
graph_3087.gr	RF_5k	graph_4856.gr
graph_3088.gr	RF_5k	graph_204.gr
graph_3089.gr	RF_5k	graph_3343.gr
graph_3090.gr	RF_5k	graph_4294.gr
graph_3091.gr	RF_5k	graph_1683.gr
graph_3092.gr	RF_5k	graph_2930.gr
graph_3093.gr	RF_5k	graph_3127.gr
graph_3094.gr	RF_5k	graph_515.gr
graph_3095.gr	RF_5k	graph_4040.gr
graph_3096.gr	RF_5k	graph_3837.gr
graph_3097.gr	RF_5k	graph_4139.gr
graph_3098.gr	RF_5k	graph_2221.gr
graph_3099.gr	RF_5k	graph_358.gr
graph_3100.gr	RF_5k	graph_3976.gr
graph_3101.gr	RF_5k	graph_1514.gr
graph_3102.gr	RF_5k	graph_191.gr
graph_3103.gr	RF_5k	graph_1272.gr
graph_3104.gr	RF_5k	graph_2093.gr
graph_3105.gr	RF_5k	graph_2180.gr
graph_3106.gr	RF_5k	graph_1118.gr
graph_3107.gr	RF_5k	graph_4318.gr
graph_3108.gr	RF_5k	graph_1323.gr
graph_3109.gr	RF_5k	graph_381.gr
graph_3110.gr	RF_5k	graph_4214.gr
graph_3111.gr	RF_5k	graph_3585.gr
graph_3112.gr	RF_5k	graph_1155.gr
graph_3113.gr	RF_5k	graph_1915.gr
graph_3114.gr	RF_5k	graph_746.gr
graph_3115.gr	RF_5k	graph_1741.gr
graph_3116.gr	RF_5k	graph_4668.gr
graph_3117.gr	RF_5k	graph_314.gr
graph_3118.gr	RF_5k	graph_284.gr
graph_3119.gr	RF_5k	graph_1334.gr
graph_3120.gr	RF_5k	graph_4944.gr
graph_3121.gr	RF_5k	graph_41.gr
graph_3122.gr	RF_5k	graph_2165.gr
graph_3123.gr	RF_5k	graph_2133.gr
graph_3124.gr	RF_5k	graph_3231.gr
graph_3125.gr	RF_5k	graph_4309.gr
graph_3126.gr	RF_5k	graph_960.gr
graph_3127.gr	RF_5k	graph_2705.gr
graph_3128.gr	RF_5k	graph_4749.gr
graph_3129.gr	RF_5k	graph_1615.gr
graph_3130.gr	RF_5k	graph_277.gr
graph_3131.gr	RF_5k	graph_3854.gr
graph_3132.gr	RF_5k	graph_2562.gr
graph_3133.gr	RF_5k	graph_2129.gr
graph_3134.gr	RF_5k	graph_3507.gr
graph_3135.gr	RF_5k	graph_463.gr
graph_3136.gr	RF_5k	graph_4742.gr
graph_3137.gr	RF_5k	graph_4733.gr
graph_3138.gr	RF_5k	graph_3092.gr
graph_3139.gr	RF_5k	graph_162.gr
graph_3140.gr	RF_5k	graph_3764.gr
graph_3141.gr	RF_5k	graph_2440.gr
graph_3142.gr	RF_5k	graph_4608.gr
graph_3143.gr	RF_5k	graph_3390.gr
graph_3144.gr	RF_5k	graph_1713.gr
graph_3145.gr	RF_5k	graph_4048.gr
graph_3146.gr	RF_5k	graph_4316.gr
graph_3147.gr	RF_5k	graph_4821.gr
graph_3148.gr	RF_5k	graph_3638.gr
graph_3149.gr	RF_5k	graph_1347.gr
graph_3150.gr	RF_5k	graph_3885.gr
graph_3151.gr	RF_5k	graph_25.gr
graph_3152.gr	RF_5k	graph_2890.gr
graph_3153.gr	RF_5k	graph_1087.gr
graph_3154.gr	RF_5k	graph_2217.gr
graph_3155.gr	RF_5k	graph_4160.gr
graph_3156.gr	RF_5k	graph_2714.gr
graph_3157.gr	RF_5k	graph_1556.gr
graph_3158.gr	RF_5k	graph_655.gr
graph_3159.gr	RF_5k	graph_4624.gr
graph_3160.gr	RF_5k	graph_2039.gr
graph_3161.gr	RF_5k	graph_3059.gr
graph_3162.gr	RF_5k	graph_4705.gr
graph_3163.gr	RF_5k	graph_4860.gr
graph_3164.gr	RF_5k	graph_3256.gr
graph_3165.gr	RF_5k	graph_2547.gr
graph_3166.gr	RF_5k	graph_2365.gr
graph_3167.gr	RF_5k	graph_2998.gr
graph_3168.gr	RF_5k	graph_2660.gr
graph_3169.gr	RF_5k	graph_3955.gr
graph_3170.gr	RF_5k	graph_1978.gr
graph_3171.gr	RF_5k	graph_60.gr
graph_3172.gr	RF_5k	graph_3932.gr
graph_3173.gr	RF_5k	graph_4801.gr
graph_3174.gr	RF_5k	graph_1014.gr
graph_3175.gr	RF_5k	graph_3849.gr
graph_3176.gr	RF_5k	graph_3599.gr
graph_3177.gr	RF_5k	graph_3049.gr
graph_3178.gr	RF_5k	graph_4687.gr
graph_3179.gr	RF_5k	graph_491.gr
graph_3180.gr	RF_5k	graph_3787.gr
graph_3181.gr	RF_5k	graph_3096.gr
graph_3182.gr	RF_5k	graph_1079.gr
graph_3183.gr	RF_5k	graph_3851.gr
graph_3184.gr	RF_5k	graph_3651.gr
graph_3185.gr	RF_5k	graph_2395.gr
graph_3186.gr	RF_5k	graph_1933.gr
graph_3187.gr	RF_5k	graph_2115.gr
graph_3188.gr	RF_5k	graph_4419.gr
graph_3189.gr	RF_5k	graph_1110.gr
graph_3190.gr	RF_5k	graph_1378.gr
graph_3191.gr	RF_5k	graph_4713.gr
graph_3192.gr	RF_5k	graph_3000.gr
graph_3193.gr	RF_5k	graph_4572.gr
graph_3194.gr	RF_5k	graph_338.gr
graph_3195.gr	RF_5k	graph_3008.gr
graph_3196.gr	RF_5k	graph_1200.gr
graph_3197.gr	RF_5k	graph_4080.gr
graph_3198.gr	RF_5k	graph_4578.gr
graph_3199.gr	RF_5k	graph_2387.gr
graph_3200.gr	RF_5k	graph_3591.gr
graph_3201.gr	RF_5k	graph_1452.gr
graph_3202.gr	RF_5k	graph_2495.gr
graph_3203.gr	RF_5k	graph_176.gr
graph_3204.gr	RF_5k	graph_4101.gr
graph_3205.gr	RF_5k	graph_1023.gr
graph_3206.gr	RF_5k	graph_1942.gr
graph_3207.gr	RF_5k	graph_2313.gr
graph_3208.gr	RF_5k	graph_3211.gr
graph_3209.gr	RF_5k	graph_405.gr
graph_3210.gr	RF_5k	graph_1761.gr
graph_3211.gr	RF_5k	graph_3742.gr
graph_3212.gr	RF_5k	graph_4076.gr
graph_3213.gr	RF_5k	graph_3934.gr
graph_3214.gr	RF_5k	graph_3827.gr
graph_3215.gr	RF_5k	graph_2866.gr
graph_3216.gr	RF_5k	graph_1555.gr
graph_3217.gr	RF_5k	graph_729.gr
graph_3218.gr	RF_5k	graph_2640.gr
graph_3219.gr	RF_5k	graph_1258.gr
graph_3220.gr	RF_5k	graph_3273.gr
graph_3221.gr	RF_5k	graph_982.gr
graph_3222.gr	RF_5k	graph_3905.gr
graph_3223.gr	RF_5k	graph_3727.gr
graph_3224.gr	RF_5k	graph_431.gr
graph_3225.gr	RF_5k	graph_1635.gr
graph_3226.gr	RF_5k	graph_2190.gr
graph_3227.gr	RF_5k	graph_2792.gr
graph_3228.gr	RF_5k	graph_2691.gr
graph_3229.gr	RF_5k	graph_2569.gr
graph_3230.gr	RF_5k	graph_2002.gr
graph_3231.gr	RF_5k	graph_2936.gr
graph_3232.gr	RF_5k	graph_3912.gr
graph_3233.gr	RF_5k	graph_122.gr
graph_3234.gr	RF_5k	graph_4800.gr
graph_3235.gr	RF_5k	graph_4629.gr
graph_3236.gr	RF_5k	graph_505.gr
graph_3237.gr	RF_5k	graph_899.gr
graph_3238.gr	RF_5k	graph_3892.gr
graph_3239.gr	RF_5k	graph_3597.gr
graph_3240.gr	RF_5k	graph_2764.gr
graph_3241.gr	RF_5k	graph_4700.gr
graph_3242.gr	RF_5k	graph_408.gr
graph_3243.gr	RF_5k	graph_4662.gr
graph_3244.gr	RF_5k	graph_1671.gr
graph_3245.gr	RF_5k	graph_714.gr
graph_3246.gr	RF_5k	graph_1416.gr
graph_3247.gr	RF_5k	graph_4090.gr
graph_3248.gr	RF_5k	graph_823.gr
graph_3249.gr	RF_5k	graph_4582.gr
graph_3250.gr	RF_5k	graph_3654.gr
graph_3251.gr	RF_5k	graph_3757.gr
graph_3252.gr	RF_5k	graph_997.gr
graph_3253.gr	RF_5k	graph_1859.gr
graph_3254.gr	RF_5k	graph_1477.gr
graph_3255.gr	RF_5k	graph_474.gr
graph_3256.gr	RF_5k	graph_4660.gr
graph_3257.gr	RF_5k	graph_3815.gr
graph_3258.gr	RF_5k	graph_4589.gr
graph_3259.gr	RF_5k	graph_1423.gr
graph_3260.gr	RF_5k	graph_3064.gr
graph_3261.gr	RF_5k	graph_1594.gr
graph_3262.gr	RF_5k	graph_4587.gr
graph_3263.gr	RF_5k	graph_2489.gr
graph_3264.gr	RF_5k	graph_2504.gr
graph_3265.gr	RF_5k	graph_3743.gr
graph_3266.gr	RF_5k	graph_1969.gr
graph_3267.gr	RF_5k	graph_3690.gr
graph_3268.gr	RF_5k	graph_4770.gr
graph_3269.gr	RF_5k	graph_3602.gr
graph_3270.gr	RF_5k	graph_1541.gr
graph_3271.gr	RF_5k	graph_4161.gr
graph_3272.gr	RF_5k	graph_1860.gr
graph_3273.gr	RF_5k	graph_648.gr
graph_3274.gr	RF_5k	graph_2104.gr
graph_3275.gr	RF_5k	graph_2131.gr
graph_3276.gr	RF_5k	graph_4388.gr
graph_3277.gr	RF_5k	graph_2398.gr
graph_3278.gr	RF_5k	graph_2232.gr
graph_3279.gr	RF_5k	graph_205.gr
graph_3280.gr	RF_5k	graph_866.gr
graph_3281.gr	RF_5k	graph_130.gr
graph_3282.gr	RF_5k	graph_3431.gr
graph_3283.gr	RF_5k	graph_2267.gr
graph_3284.gr	RF_5k	graph_2729.gr
graph_3285.gr	RF_5k	graph_2047.gr
graph_3286.gr	RF_5k	graph_3972.gr
graph_3287.gr	RF_5k	graph_4424.gr
graph_3288.gr	RF_5k	graph_2154.gr
graph_3289.gr	RF_5k	graph_4496.gr
graph_3290.gr	RF_5k	graph_376.gr
graph_3291.gr	RF_5k	graph_2137.gr
graph_3292.gr	RF_5k	graph_4885.gr
graph_3293.gr	RF_5k	graph_781.gr
graph_3294.gr	RF_5k	graph_1333.gr
graph_3295.gr	RF_5k	graph_445.gr
graph_3296.gr	RF_5k	graph_3797.gr
graph_3297.gr	RF_5k	graph_4465.gr
graph_3298.gr	RF_5k	graph_577.gr
graph_3299.gr	RF_5k	graph_1506.gr
graph_3300.gr	RF_5k	graph_3309.gr
graph_3301.gr	RF_5k	graph_1577.gr
graph_3302.gr	RF_5k	graph_413.gr
graph_3303.gr	RF_5k	graph_160.gr
graph_3304.gr	RF_5k	graph_3490.gr
graph_3305.gr	RF_5k	graph_3887.gr
graph_3306.gr	RF_5k	graph_1264.gr
graph_3307.gr	RF_5k	graph_4610.gr
graph_3308.gr	RF_5k	graph_4116.gr
graph_3309.gr	RF_5k	graph_2809.gr
graph_3310.gr	RF_5k	graph_4442.gr
graph_3311.gr	RF_5k	graph_1401.gr
graph_3312.gr	RF_5k	graph_1146.gr
graph_3313.gr	RF_5k	graph_2530.gr
graph_3314.gr	RF_5k	graph_1959.gr
graph_3315.gr	RF_5k	graph_1668.gr
graph_3316.gr	RF_5k	graph_3730.gr
graph_3317.gr	RF_5k	graph_1917.gr
graph_3318.gr	RF_5k	graph_3479.gr
graph_3319.gr	RF_5k	graph_4857.gr
graph_3320.gr	RF_5k	graph_1644.gr
graph_3321.gr	RF_5k	graph_4959.gr
graph_3322.gr	RF_5k	graph_2141.gr
graph_3323.gr	RF_5k	graph_1457.gr
graph_3324.gr	RF_5k	graph_1335.gr
graph_3325.gr	RF_5k	graph_3383.gr
graph_3326.gr	RF_5k	graph_593.gr
graph_3327.gr	RF_5k	graph_4067.gr
graph_3328.gr	RF_5k	graph_4588.gr
graph_3329.gr	RF_5k	graph_1937.gr
graph_3330.gr	RF_5k	graph_483.gr
graph_3331.gr	RF_5k	graph_4032.gr
graph_3332.gr	RF_5k	graph_2127.gr
graph_3333.gr	RF_5k	graph_4464.gr
graph_3334.gr	RF_5k	graph_1462.gr
graph_3335.gr	RF_5k	graph_1131.gr
graph_3336.gr	RF_5k	graph_4349.gr
graph_3337.gr	RF_5k	graph_4180.gr
graph_3338.gr	RF_5k	graph_1192.gr
graph_3339.gr	RF_5k	graph_3732.gr
graph_3340.gr	RF_5k	graph_2926.gr
graph_3341.gr	RF_5k	graph_4148.gr
graph_3342.gr	RF_5k	graph_101.gr
graph_3343.gr	RF_5k	graph_2156.gr
graph_3344.gr	RF_5k	graph_4207.gr
graph_3345.gr	RF_5k	graph_3324.gr
graph_3346.gr	RF_5k	graph_2763.gr
graph_3347.gr	RF_5k	graph_2330.gr
graph_3348.gr	RF_5k	graph_3914.gr
graph_3349.gr	RF_5k	graph_3105.gr
graph_3350.gr	RF_5k	graph_3205.gr
graph_3351.gr	RF_5k	graph_693.gr
graph_3352.gr	RF_5k	graph_1056.gr
graph_3353.gr	RF_5k	graph_1169.gr
graph_3354.gr	RF_5k	graph_1800.gr
graph_3355.gr	RF_5k	graph_2580.gr
graph_3356.gr	RF_5k	graph_1063.gr
graph_3357.gr	RF_5k	graph_1173.gr
graph_3358.gr	RF_5k	graph_581.gr
graph_3359.gr	RF_5k	graph_3022.gr
graph_3360.gr	RF_5k	graph_2570.gr
graph_3361.gr	RF_5k	graph_1046.gr
graph_3362.gr	RF_5k	graph_1816.gr
graph_3363.gr	RF_5k	graph_2773.gr
graph_3364.gr	RF_5k	graph_4543.gr
graph_3365.gr	RF_5k	graph_3213.gr
graph_3366.gr	RF_5k	graph_2112.gr
graph_3367.gr	RF_5k	graph_4953.gr
graph_3368.gr	RF_5k	graph_3548.gr
graph_3369.gr	RF_5k	graph_2447.gr
graph_3370.gr	RF_5k	graph_3166.gr
graph_3371.gr	RF_5k	graph_965.gr
graph_3372.gr	RF_5k	graph_3745.gr
graph_3373.gr	RF_5k	graph_218.gr
graph_3374.gr	RF_5k	graph_1471.gr
graph_3375.gr	RF_5k	graph_1685.gr
graph_3376.gr	RF_5k	graph_2375.gr
graph_3377.gr	RF_5k	graph_3874.gr
graph_3378.gr	RF_5k	graph_4406.gr
graph_3379.gr	RF_5k	graph_3020.gr
graph_3380.gr	RF_5k	graph_1451.gr
graph_3381.gr	RF_5k	graph_1105.gr
graph_3382.gr	RF_5k	graph_4405.gr
graph_3383.gr	RF_5k	graph_185.gr
graph_3384.gr	RF_5k	graph_3841.gr
graph_3385.gr	RF_5k	graph_3674.gr
graph_3386.gr	RF_5k	graph_3250.gr
graph_3387.gr	RF_5k	graph_3798.gr
graph_3388.gr	RF_5k	graph_1081.gr
graph_3389.gr	RF_5k	graph_62.gr
graph_3390.gr	RF_5k	graph_2453.gr
graph_3391.gr	RF_5k	graph_563.gr
graph_3392.gr	RF_5k	graph_3605.gr
graph_3393.gr	RF_5k	graph_3143.gr
graph_3394.gr	RF_5k	graph_3167.gr
graph_3395.gr	RF_5k	graph_3753.gr
graph_3396.gr	RF_5k	graph_4036.gr
graph_3397.gr	RF_5k	graph_4132.gr
graph_3398.gr	RF_5k	graph_1253.gr
graph_3399.gr	RF_5k	graph_4345.gr
graph_3400.gr	RF_5k	graph_325.gr
graph_3401.gr	RF_5k	graph_1849.gr
graph_3402.gr	RF_5k	graph_3424.gr
graph_3403.gr	RF_5k	graph_983.gr
graph_3404.gr	RF_5k	graph_4748.gr
graph_3405.gr	RF_5k	graph_1325.gr
graph_3406.gr	RF_5k	graph_2280.gr
graph_3407.gr	RF_5k	graph_834.gr
graph_3408.gr	RF_5k	graph_1288.gr
graph_3409.gr	RF_5k	graph_4467.gr
graph_3410.gr	RF_5k	graph_459.gr
graph_3411.gr	RF_5k	graph_653.gr
graph_3412.gr	RF_5k	graph_57.gr
graph_3413.gr	RF_5k	graph_3829.gr
graph_3414.gr	RF_5k	graph_2739.gr
graph_3415.gr	RF_5k	graph_2664.gr
graph_3416.gr	RF_5k	graph_1044.gr
graph_3417.gr	RF_5k	graph_450.gr
graph_3418.gr	RF_5k	graph_718.gr
graph_3419.gr	RF_5k	graph_4234.gr
graph_3420.gr	RF_5k	graph_976.gr
graph_3421.gr	RF_5k	graph_407.gr
graph_3422.gr	RF_5k	graph_2136.gr
graph_3423.gr	RF_5k	graph_4617.gr
graph_3424.gr	RF_5k	graph_3738.gr
graph_3425.gr	RF_5k	graph_3809.gr
graph_3426.gr	RF_5k	graph_4874.gr
graph_3427.gr	RF_5k	graph_738.gr
graph_3428.gr	RF_5k	graph_2492.gr
graph_3429.gr	RF_5k	graph_3170.gr
graph_3430.gr	RF_5k	graph_1896.gr
graph_3431.gr	RF_5k	graph_4724.gr
graph_3432.gr	RF_5k	graph_3958.gr
graph_3433.gr	RF_5k	graph_2456.gr
graph_3434.gr	RF_5k	graph_4513.gr
graph_3435.gr	RF_5k	graph_2788.gr
graph_3436.gr	RF_5k	graph_4203.gr
graph_3437.gr	RF_5k	graph_4523.gr
graph_3438.gr	RF_5k	graph_2295.gr
graph_3439.gr	RF_5k	graph_4292.gr
graph_3440.gr	RF_5k	graph_3526.gr
graph_3441.gr	RF_5k	graph_1148.gr
graph_3442.gr	RF_5k	graph_1715.gr
graph_3443.gr	RF_5k	graph_4183.gr
graph_3444.gr	RF_5k	graph_742.gr
graph_3445.gr	RF_5k	graph_1403.gr
graph_3446.gr	RF_5k	graph_2077.gr
graph_3447.gr	RF_5k	graph_4506.gr
graph_3448.gr	RF_5k	graph_4841.gr
graph_3449.gr	RF_5k	graph_3793.gr
graph_3450.gr	RF_5k	graph_3993.gr
graph_3451.gr	RF_5k	graph_2360.gr
graph_3452.gr	RF_5k	graph_651.gr
graph_3453.gr	RF_5k	graph_3144.gr
graph_3454.gr	RF_5k	graph_2832.gr
graph_3455.gr	RF_5k	graph_1785.gr
graph_3456.gr	RF_5k	graph_1552.gr
graph_3457.gr	RF_5k	graph_3482.gr
graph_3458.gr	RF_5k	graph_1332.gr
graph_3459.gr	RF_5k	graph_974.gr
graph_3460.gr	RF_5k	graph_1454.gr
graph_3461.gr	RF_5k	graph_2139.gr
graph_3462.gr	RF_5k	graph_2433.gr
graph_3463.gr	RF_5k	graph_4447.gr
graph_3464.gr	RF_5k	graph_3376.gr
graph_3465.gr	RF_5k	graph_2536.gr
graph_3466.gr	RF_5k	graph_2229.gr
graph_3467.gr	RF_5k	graph_4051.gr
graph_3468.gr	RF_5k	graph_3171.gr
graph_3469.gr	RF_5k	graph_125.gr
graph_3470.gr	RF_5k	graph_3013.gr
graph_3471.gr	RF_5k	graph_1545.gr
graph_3472.gr	RF_5k	graph_1383.gr
graph_3473.gr	RF_5k	graph_2034.gr
graph_3474.gr	RF_5k	graph_4714.gr
graph_3475.gr	RF_5k	graph_629.gr
graph_3476.gr	RF_5k	graph_3897.gr
graph_3477.gr	RF_5k	graph_1533.gr
graph_3478.gr	RF_5k	graph_4152.gr
graph_3479.gr	RF_5k	graph_2059.gr
graph_3480.gr	RF_5k	graph_2839.gr
graph_3481.gr	RF_5k	graph_3069.gr
graph_3482.gr	RF_5k	graph_745.gr
graph_3483.gr	RF_5k	graph_1884.gr
graph_3484.gr	RF_5k	graph_2947.gr
graph_3485.gr	RF_5k	graph_3518.gr
graph_3486.gr	RF_5k	graph_3623.gr
graph_3487.gr	RF_5k	graph_288.gr
graph_3488.gr	RF_5k	graph_1130.gr
graph_3489.gr	RF_5k	graph_1011.gr
graph_3490.gr	RF_5k	graph_108.gr
graph_3491.gr	RF_5k	graph_4758.gr
graph_3492.gr	RF_5k	graph_4920.gr
graph_3493.gr	RF_5k	graph_1781.gr
graph_3494.gr	RF_5k	graph_4488.gr
graph_3495.gr	RF_5k	graph_3783.gr
graph_3496.gr	RF_5k	graph_2390.gr
graph_3497.gr	RF_5k	graph_4003.gr
graph_3498.gr	RF_5k	graph_135.gr
graph_3499.gr	RF_5k	graph_3557.gr
graph_3500.gr	RF_5k	graph_1665.gr
graph_3501.gr	RF_5k	graph_462.gr
graph_3502.gr	RF_5k	graph_4018.gr
graph_3503.gr	RF_5k	graph_1564.gr
graph_3504.gr	RF_5k	graph_894.gr
graph_3505.gr	RF_5k	graph_4024.gr
graph_3506.gr	RF_5k	graph_4058.gr
graph_3507.gr	RF_5k	graph_100.gr
graph_3508.gr	RF_5k	graph_811.gr
graph_3509.gr	RF_5k	graph_181.gr
graph_3510.gr	RF_5k	graph_2019.gr
graph_3511.gr	RF_5k	graph_3908.gr
graph_3512.gr	RF_5k	graph_944.gr
graph_3513.gr	RF_5k	graph_1894.gr
graph_3514.gr	RF_5k	graph_4820.gr
graph_3515.gr	RF_5k	graph_2807.gr
graph_3516.gr	RF_5k	graph_1308.gr
graph_3517.gr	RF_5k	graph_3571.gr
graph_3518.gr	RF_5k	graph_1062.gr
graph_3519.gr	RF_5k	graph_1088.gr
graph_3520.gr	RF_5k	graph_3770.gr
graph_3521.gr	RF_5k	graph_2371.gr
graph_3522.gr	RF_5k	graph_4202.gr
graph_3523.gr	RF_5k	graph_4113.gr
graph_3524.gr	RF_5k	graph_2898.gr
graph_3525.gr	RF_5k	graph_670.gr
graph_3526.gr	RF_5k	graph_4146.gr
graph_3527.gr	RF_5k	graph_2044.gr
graph_3528.gr	RF_5k	graph_4916.gr
graph_3529.gr	RF_5k	graph_4911.gr
graph_3530.gr	RF_5k	graph_954.gr
graph_3531.gr	RF_5k	graph_4476.gr
graph_3532.gr	RF_5k	graph_3152.gr
graph_3533.gr	RF_5k	graph_3536.gr
graph_3534.gr	RF_5k	graph_1549.gr
graph_3535.gr	RF_5k	graph_2853.gr
graph_3536.gr	RF_5k	graph_3697.gr
graph_3537.gr	RF_5k	graph_4085.gr
graph_3538.gr	RF_5k	graph_1201.gr
graph_3539.gr	RF_5k	graph_4825.gr
graph_3540.gr	RF_5k	graph_217.gr
graph_3541.gr	RF_5k	graph_2071.gr
graph_3542.gr	RF_5k	graph_2496.gr
graph_3543.gr	RF_5k	graph_575.gr
graph_3544.gr	RF_5k	graph_4753.gr
graph_3545.gr	RF_5k	graph_2186.gr
graph_3546.gr	RF_5k	graph_3247.gr
graph_3547.gr	RF_5k	graph_4760.gr
graph_3548.gr	RF_5k	graph_4755.gr
graph_3549.gr	RF_5k	graph_4063.gr
graph_3550.gr	RF_5k	graph_1736.gr
graph_3551.gr	RF_5k	graph_3005.gr
graph_3552.gr	RF_5k	graph_1180.gr
graph_3553.gr	RF_5k	graph_723.gr
graph_3554.gr	RF_5k	graph_304.gr
graph_3555.gr	RF_5k	graph_3275.gr
graph_3556.gr	RF_5k	graph_4746.gr
graph_3557.gr	RF_5k	graph_4410.gr
graph_3558.gr	RF_5k	graph_1916.gr
graph_3559.gr	RF_5k	graph_3019.gr
graph_3560.gr	RF_5k	graph_2599.gr
graph_3561.gr	RF_5k	graph_4837.gr
graph_3562.gr	RF_5k	graph_1474.gr
graph_3563.gr	RF_5k	graph_2885.gr
graph_3564.gr	RF_5k	graph_1895.gr
graph_3565.gr	RF_5k	graph_2537.gr
graph_3566.gr	RF_5k	graph_3249.gr
graph_3567.gr	RF_5k	graph_1005.gr
graph_3568.gr	RF_5k	graph_3961.gr
graph_3569.gr	RF_5k	graph_3045.gr
graph_3570.gr	RF_5k	graph_2147.gr
graph_3571.gr	RF_5k	graph_2062.gr
graph_3572.gr	RF_5k	graph_3053.gr
graph_3573.gr	RF_5k	graph_2347.gr
graph_3574.gr	RF_5k	graph_614.gr
graph_3575.gr	RF_5k	graph_920.gr
graph_3576.gr	RF_5k	graph_2146.gr
graph_3577.gr	RF_5k	graph_236.gr
graph_3578.gr	RF_5k	graph_2438.gr
graph_3579.gr	RF_5k	graph_3862.gr
graph_3580.gr	RF_5k	graph_4765.gr
graph_3581.gr	RF_5k	graph_2231.gr
graph_3582.gr	RF_5k	graph_732.gr
graph_3583.gr	RF_5k	graph_4734.gr
graph_3584.gr	RF_5k	graph_1093.gr
graph_3585.gr	RF_5k	graph_3363.gr
graph_3586.gr	RF_5k	graph_4679.gr
graph_3587.gr	RF_5k	graph_1128.gr
graph_3588.gr	RF_5k	graph_3967.gr
graph_3589.gr	RF_5k	graph_1757.gr
graph_3590.gr	RF_5k	graph_2424.gr
graph_3591.gr	RF_5k	graph_193.gr
graph_3592.gr	RF_5k	graph_813.gr
graph_3593.gr	RF_5k	graph_4030.gr
graph_3594.gr	RF_5k	graph_4581.gr
graph_3595.gr	RF_5k	graph_765.gr
graph_3596.gr	RF_5k	graph_1592.gr
graph_3597.gr	RF_5k	graph_1662.gr
graph_3598.gr	RF_5k	graph_2606.gr
graph_3599.gr	RF_5k	graph_543.gr
graph_3600.gr	RF_5k	graph_2457.gr
graph_3601.gr	RF_5k	graph_3007.gr
graph_3602.gr	RF_5k	graph_4576.gr
graph_3603.gr	RF_5k	graph_1501.gr
graph_3604.gr	RF_5k	graph_1114.gr
graph_3605.gr	RF_5k	graph_3317.gr
graph_3606.gr	RF_5k	graph_3348.gr
graph_3607.gr	RF_5k	graph_3015.gr
graph_3608.gr	RF_5k	graph_4363.gr
graph_3609.gr	RF_5k	graph_2669.gr
graph_3610.gr	RF_5k	graph_1538.gr
graph_3611.gr	RF_5k	graph_152.gr
graph_3612.gr	RF_5k	graph_2774.gr
graph_3613.gr	RF_5k	graph_2546.gr
graph_3614.gr	RF_5k	graph_2525.gr
graph_3615.gr	RF_5k	graph_96.gr
graph_3616.gr	RF_5k	graph_1343.gr
graph_3617.gr	RF_5k	graph_639.gr
graph_3618.gr	RF_5k	graph_1368.gr
graph_3619.gr	RF_5k	graph_789.gr
graph_3620.gr	RF_5k	graph_2758.gr
graph_3621.gr	RF_5k	graph_791.gr
graph_3622.gr	RF_5k	graph_471.gr
graph_3623.gr	RF_5k	graph_4211.gr
graph_3624.gr	RF_5k	graph_1745.gr
graph_3625.gr	RF_5k	graph_119.gr
graph_3626.gr	RF_5k	graph_4276.gr
graph_3627.gr	RF_5k	graph_3016.gr
graph_3628.gr	RF_5k	graph_1818.gr
graph_3629.gr	RF_5k	graph_1814.gr
graph_3630.gr	RF_5k	graph_4191.gr
graph_3631.gr	RF_5k	graph_2526.gr
graph_3632.gr	RF_5k	graph_2045.gr
graph_3633.gr	RF_5k	graph_4412.gr
graph_3634.gr	RF_5k	graph_753.gr
graph_3635.gr	RF_5k	graph_172.gr
graph_3636.gr	RF_5k	graph_539.gr
graph_3637.gr	RF_5k	graph_4136.gr
graph_3638.gr	RF_5k	graph_534.gr
graph_3639.gr	RF_5k	graph_1139.gr
graph_3640.gr	RF_5k	graph_3414.gr
graph_3641.gr	RF_5k	graph_1664.gr
graph_3642.gr	RF_5k	graph_3647.gr
graph_3643.gr	RF_5k	graph_3942.gr
graph_3644.gr	RF_5k	graph_1206.gr
graph_3645.gr	RF_5k	graph_35.gr
graph_3646.gr	RF_5k	graph_1945.gr
graph_3647.gr	RF_5k	graph_4563.gr
graph_3648.gr	RF_5k	graph_1001.gr
graph_3649.gr	RF_5k	graph_2873.gr
graph_3650.gr	RF_5k	graph_3853.gr
graph_3651.gr	RF_5k	graph_1327.gr
graph_3652.gr	RF_5k	graph_901.gr
graph_3653.gr	RF_5k	graph_98.gr
graph_3654.gr	RF_5k	graph_3447.gr
graph_3655.gr	RF_5k	graph_2671.gr
graph_3656.gr	RF_5k	graph_2596.gr
graph_3657.gr	RF_5k	graph_13.gr
graph_3658.gr	RF_5k	graph_4858.gr
graph_3659.gr	RF_5k	graph_4567.gr
graph_3660.gr	RF_5k	graph_3926.gr
graph_3661.gr	RF_5k	graph_286.gr
graph_3662.gr	RF_5k	graph_2051.gr
graph_3663.gr	RF_5k	graph_768.gr
graph_3664.gr	RF_5k	graph_4579.gr
graph_3665.gr	RF_5k	graph_2657.gr
graph_3666.gr	RF_5k	graph_518.gr
graph_3667.gr	RF_5k	graph_1778.gr
graph_3668.gr	RF_5k	graph_328.gr
graph_3669.gr	RF_5k	graph_3017.gr
graph_3670.gr	RF_5k	graph_3636.gr
graph_3671.gr	RF_5k	graph_4418.gr
graph_3672.gr	RF_5k	graph_4365.gr
graph_3673.gr	RF_5k	graph_229.gr
graph_3674.gr	RF_5k	graph_3103.gr
graph_3675.gr	RF_5k	graph_4798.gr
graph_3676.gr	RF_5k	graph_1579.gr
graph_3677.gr	RF_5k	graph_875.gr
graph_3678.gr	RF_5k	graph_373.gr
graph_3679.gr	RF_5k	graph_1970.gr
graph_3680.gr	RF_5k	graph_3129.gr
graph_3681.gr	RF_5k	graph_1395.gr
graph_3682.gr	RF_5k	graph_4204.gr
graph_3683.gr	RF_5k	graph_1154.gr
graph_3684.gr	RF_5k	graph_3094.gr
graph_3685.gr	RF_5k	graph_4258.gr
graph_3686.gr	RF_5k	graph_892.gr
graph_3687.gr	RF_5k	graph_4868.gr
graph_3688.gr	RF_5k	graph_2541.gr
graph_3689.gr	RF_5k	graph_3777.gr
graph_3690.gr	RF_5k	graph_253.gr
graph_3691.gr	RF_5k	graph_3519.gr
graph_3692.gr	RF_5k	graph_4047.gr
graph_3693.gr	RF_5k	graph_4244.gr
graph_3694.gr	RF_5k	graph_1827.gr
graph_3695.gr	RF_5k	graph_3423.gr
graph_3696.gr	RF_5k	graph_4538.gr
graph_3697.gr	RF_5k	graph_1113.gr
graph_3698.gr	RF_5k	graph_2874.gr
graph_3699.gr	RF_5k	graph_3714.gr
graph_3700.gr	RF_5k	graph_4228.gr
graph_3701.gr	RF_5k	graph_2742.gr
graph_3702.gr	RF_5k	graph_2265.gr
graph_3703.gr	RF_5k	graph_812.gr
graph_3704.gr	RF_5k	graph_510.gr
graph_3705.gr	RF_5k	graph_854.gr
graph_3706.gr	RF_5k	graph_2521.gr
graph_3707.gr	RF_5k	graph_4105.gr
graph_3708.gr	RF_5k	graph_1356.gr
graph_3709.gr	RF_5k	graph_4325.gr
graph_3710.gr	RF_5k	graph_4151.gr
graph_3711.gr	RF_5k	graph_454.gr
graph_3712.gr	RF_5k	graph_4501.gr
graph_3713.gr	RF_5k	graph_4454.gr
graph_3714.gr	RF_5k	graph_2813.gr
graph_3715.gr	RF_5k	graph_4274.gr
graph_3716.gr	RF_5k	graph_4311.gr
graph_3717.gr	RF_5k	graph_3516.gr
graph_3718.gr	RF_5k	graph_1534.gr
graph_3719.gr	RF_5k	graph_3293.gr
graph_3720.gr	RF_5k	graph_324.gr
graph_3721.gr	RF_5k	graph_4831.gr
graph_3722.gr	RF_5k	graph_211.gr
graph_3723.gr	RF_5k	graph_5000.gr
graph_3724.gr	RF_5k	graph_3179.gr
graph_3725.gr	RF_5k	graph_4981.gr
graph_3726.gr	RF_5k	graph_2582.gr
graph_3727.gr	RF_5k	graph_331.gr
graph_3728.gr	RF_5k	graph_32.gr
graph_3729.gr	RF_5k	graph_347.gr
graph_3730.gr	RF_5k	graph_443.gr
graph_3731.gr	RF_5k	graph_351.gr
graph_3732.gr	RF_5k	graph_2673.gr
graph_3733.gr	RF_5k	graph_1869.gr
graph_3734.gr	RF_5k	graph_4818.gr
graph_3735.gr	RF_5k	graph_3163.gr
graph_3736.gr	RF_5k	graph_1426.gr
graph_3737.gr	RF_5k	graph_3539.gr
graph_3738.gr	RF_5k	graph_1629.gr
graph_3739.gr	RF_5k	graph_3291.gr
graph_3740.gr	RF_5k	graph_1689.gr
graph_3741.gr	RF_5k	graph_3707.gr
graph_3742.gr	RF_5k	graph_4188.gr
graph_3743.gr	RF_5k	graph_4356.gr
graph_3744.gr	RF_5k	graph_1904.gr
graph_3745.gr	RF_5k	graph_1227.gr
graph_3746.gr	RF_5k	graph_529.gr
graph_3747.gr	RF_5k	graph_705.gr
graph_3748.gr	RF_5k	graph_3503.gr
graph_3749.gr	RF_5k	graph_4667.gr
graph_3750.gr	RF_5k	graph_951.gr
graph_3751.gr	RF_5k	graph_1055.gr
graph_3752.gr	RF_5k	graph_247.gr
graph_3753.gr	RF_5k	graph_4752.gr
graph_3754.gr	RF_5k	graph_2132.gr
graph_3755.gr	RF_5k	graph_1824.gr
graph_3756.gr	RF_5k	graph_149.gr
graph_3757.gr	RF_5k	graph_2585.gr
graph_3758.gr	RF_5k	graph_4865.gr
graph_3759.gr	RF_5k	graph_520.gr
graph_3760.gr	RF_5k	graph_2391.gr
graph_3761.gr	RF_5k	graph_2621.gr
graph_3762.gr	RF_5k	graph_4444.gr
graph_3763.gr	RF_5k	graph_699.gr
graph_3764.gr	RF_5k	graph_3344.gr
graph_3765.gr	RF_5k	graph_4458.gr
graph_3766.gr	RF_5k	graph_2971.gr
graph_3767.gr	RF_5k	graph_4961.gr
graph_3768.gr	RF_5k	graph_3091.gr
graph_3769.gr	RF_5k	graph_2173.gr
graph_3770.gr	RF_5k	graph_414.gr
graph_3771.gr	RF_5k	graph_1775.gr
graph_3772.gr	RF_5k	graph_2126.gr
graph_3773.gr	RF_5k	graph_1520.gr
graph_3774.gr	RF_5k	graph_1569.gr
graph_3775.gr	RF_5k	graph_2223.gr
graph_3776.gr	RF_5k	graph_3966.gr
graph_3777.gr	RF_5k	graph_900.gr
graph_3778.gr	RF_5k	graph_4609.gr
graph_3779.gr	RF_5k	graph_2862.gr
graph_3780.gr	RF_5k	graph_4338.gr
graph_3781.gr	RF_5k	graph_3102.gr
graph_3782.gr	RF_5k	graph_341.gr
graph_3783.gr	RF_5k	graph_3696.gr
graph_3784.gr	RF_5k	graph_2955.gr
graph_3785.gr	RF_5k	graph_2520.gr
graph_3786.gr	RF_5k	graph_4586.gr
graph_3787.gr	RF_5k	graph_4164.gr
graph_3788.gr	RF_5k	graph_2864.gr
graph_3789.gr	RF_5k	graph_2886.gr
graph_3790.gr	RF_5k	graph_2702.gr
graph_3791.gr	RF_5k	graph_15.gr
graph_3792.gr	RF_5k	graph_1855.gr
graph_3793.gr	RF_5k	graph_2572.gr
graph_3794.gr	RF_5k	graph_3387.gr
graph_3795.gr	RF_5k	graph_1865.gr
graph_3796.gr	RF_5k	graph_1352.gr
graph_3797.gr	RF_5k	graph_3931.gr
graph_3798.gr	RF_5k	graph_1870.gr
graph_3799.gr	RF_5k	graph_621.gr
graph_3800.gr	RF_5k	graph_4898.gr
graph_3801.gr	RF_5k	graph_4531.gr
graph_3802.gr	RF_5k	graph_1955.gr
graph_3803.gr	RF_5k	graph_1221.gr
graph_3804.gr	RF_5k	graph_4666.gr
graph_3805.gr	RF_5k	graph_1759.gr
graph_3806.gr	RF_5k	graph_1948.gr
graph_3807.gr	RF_5k	graph_225.gr
graph_3808.gr	RF_5k	graph_1660.gr
graph_3809.gr	RF_5k	graph_3676.gr
graph_3810.gr	RF_5k	graph_589.gr
graph_3811.gr	RF_5k	graph_1211.gr
graph_3812.gr	RF_5k	graph_3470.gr
graph_3813.gr	RF_5k	graph_1142.gr
graph_3814.gr	RF_5k	graph_4554.gr
graph_3815.gr	RF_5k	graph_4398.gr
graph_3816.gr	RF_5k	graph_3246.gr
graph_3817.gr	RF_5k	graph_4470.gr
graph_3818.gr	RF_5k	graph_1487.gr
graph_3819.gr	RF_5k	graph_3051.gr
graph_3820.gr	RF_5k	graph_934.gr
graph_3821.gr	RF_5k	graph_1469.gr
graph_3822.gr	RF_5k	graph_3214.gr
graph_3823.gr	RF_5k	graph_4099.gr
graph_3824.gr	RF_5k	graph_159.gr
graph_3825.gr	RF_5k	graph_3428.gr
graph_3826.gr	RF_5k	graph_4515.gr
graph_3827.gr	RF_5k	graph_3803.gr
graph_3828.gr	RF_5k	graph_3395.gr
graph_3829.gr	RF_5k	graph_1291.gr
graph_3830.gr	RF_5k	graph_877.gr
graph_3831.gr	RF_5k	graph_3554.gr
graph_3832.gr	RF_5k	graph_4409.gr
graph_3833.gr	RF_5k	graph_1750.gr
graph_3834.gr	RF_5k	graph_4514.gr
graph_3835.gr	RF_5k	graph_4270.gr
graph_3836.gr	RF_5k	graph_1979.gr
graph_3837.gr	RF_5k	graph_2048.gr
graph_3838.gr	RF_5k	graph_1164.gr
graph_3839.gr	RF_5k	graph_2578.gr
graph_3840.gr	RF_5k	graph_537.gr
graph_3841.gr	RF_5k	graph_425.gr
graph_3842.gr	RF_5k	graph_4937.gr
graph_3843.gr	RF_5k	graph_4059.gr
graph_3844.gr	RF_5k	graph_1337.gr
graph_3845.gr	RF_5k	graph_604.gr
graph_3846.gr	RF_5k	graph_1628.gr
graph_3847.gr	RF_5k	graph_584.gr
graph_3848.gr	RF_5k	graph_2422.gr
graph_3849.gr	RF_5k	graph_3351.gr
graph_3850.gr	RF_5k	graph_3036.gr
graph_3851.gr	RF_5k	graph_3540.gr
graph_3852.gr	RF_5k	graph_1402.gr
graph_3853.gr	RF_5k	graph_1178.gr
graph_3854.gr	RF_5k	graph_2420.gr
graph_3855.gr	RF_5k	graph_3801.gr
graph_3856.gr	RF_5k	graph_1174.gr
graph_3857.gr	RF_5k	graph_3004.gr
graph_3858.gr	RF_5k	graph_377.gr
graph_3859.gr	RF_5k	graph_4186.gr
graph_3860.gr	RF_5k	graph_4625.gr
graph_3861.gr	RF_5k	graph_4729.gr
graph_3862.gr	RF_5k	graph_4128.gr
graph_3863.gr	RF_5k	graph_2734.gr
graph_3864.gr	RF_5k	graph_1295.gr
graph_3865.gr	RF_5k	graph_558.gr
graph_3866.gr	RF_5k	graph_996.gr
graph_3867.gr	RF_5k	graph_1723.gr
graph_3868.gr	RF_5k	graph_3678.gr
graph_3869.gr	RF_5k	graph_2766.gr
graph_3870.gr	RF_5k	graph_4100.gr
graph_3871.gr	RF_5k	graph_4855.gr
graph_3872.gr	RF_5k	graph_4870.gr
graph_3873.gr	RF_5k	graph_3349.gr
graph_3874.gr	RF_5k	graph_3216.gr
graph_3875.gr	RF_5k	graph_1481.gr
graph_3876.gr	RF_5k	graph_2674.gr
graph_3877.gr	RF_5k	graph_4437.gr
graph_3878.gr	RF_5k	graph_3370.gr
graph_3879.gr	RF_5k	graph_4698.gr
graph_3880.gr	RF_5k	graph_3438.gr
graph_3881.gr	RF_5k	graph_2984.gr
graph_3882.gr	RF_5k	graph_1679.gr
graph_3883.gr	RF_5k	graph_2962.gr
graph_3884.gr	RF_5k	graph_3560.gr
graph_3885.gr	RF_5k	graph_2451.gr
graph_3886.gr	RF_5k	graph_1574.gr
graph_3887.gr	RF_5k	graph_2534.gr
graph_3888.gr	RF_5k	graph_4159.gr
graph_3889.gr	RF_5k	graph_816.gr
graph_3890.gr	RF_5k	graph_3669.gr
graph_3891.gr	RF_5k	graph_3434.gr
graph_3892.gr	RF_5k	graph_4621.gr
graph_3893.gr	RF_5k	graph_4229.gr
graph_3894.gr	RF_5k	graph_186.gr
graph_3895.gr	RF_5k	graph_2264.gr
graph_3896.gr	RF_5k	graph_1008.gr
graph_3897.gr	RF_5k	graph_2273.gr
graph_3898.gr	RF_5k	graph_1051.gr
graph_3899.gr	RF_5k	graph_3659.gr
graph_3900.gr	RF_5k	graph_3285.gr
graph_3901.gr	RF_5k	graph_2828.gr
graph_3902.gr	RF_5k	graph_4123.gr
graph_3903.gr	RF_5k	graph_2195.gr
graph_3904.gr	RF_5k	graph_2991.gr
graph_3905.gr	RF_5k	graph_485.gr
graph_3906.gr	RF_5k	graph_2682.gr
graph_3907.gr	RF_5k	graph_2204.gr
graph_3908.gr	RF_5k	graph_69.gr
graph_3909.gr	RF_5k	graph_4902.gr
graph_3910.gr	RF_5k	graph_565.gr
graph_3911.gr	RF_5k	graph_4238.gr
graph_3912.gr	RF_5k	graph_4478.gr
graph_3913.gr	RF_5k	graph_3217.gr
graph_3914.gr	RF_5k	graph_3909.gr
graph_3915.gr	RF_5k	graph_4836.gr
graph_3916.gr	RF_5k	graph_3399.gr
graph_3917.gr	RF_5k	graph_1266.gr
graph_3918.gr	RF_5k	graph_2058.gr
graph_3919.gr	RF_5k	graph_3606.gr
graph_3920.gr	RF_5k	graph_2659.gr
graph_3921.gr	RF_5k	graph_3340.gr
graph_3922.gr	RF_5k	graph_3796.gr
graph_3923.gr	RF_5k	graph_3947.gr
graph_3924.gr	RF_5k	graph_4924.gr
graph_3925.gr	RF_5k	graph_4519.gr
graph_3926.gr	RF_5k	graph_2082.gr
graph_3927.gr	RF_5k	graph_2715.gr
graph_3928.gr	RF_5k	graph_4912.gr
graph_3929.gr	RF_5k	graph_3852.gr
graph_3930.gr	RF_5k	graph_737.gr
graph_3931.gr	RF_5k	graph_4354.gr
graph_3932.gr	RF_5k	graph_869.gr
graph_3933.gr	RF_5k	graph_4034.gr
graph_3934.gr	RF_5k	graph_1847.gr
graph_3935.gr	RF_5k	graph_4333.gr
graph_3936.gr	RF_5k	graph_4784.gr
graph_3937.gr	RF_5k	graph_1419.gr
graph_3938.gr	RF_5k	graph_48.gr
graph_3939.gr	RF_5k	graph_4122.gr
graph_3940.gr	RF_5k	graph_2838.gr
graph_3941.gr	RF_5k	graph_2750.gr
graph_3942.gr	RF_5k	graph_2250.gr
graph_3943.gr	RF_5k	graph_4268.gr
graph_3944.gr	RF_5k	graph_4850.gr
graph_3945.gr	RF_5k	graph_4504.gr
graph_3946.gr	RF_5k	graph_603.gr
graph_3947.gr	RF_5k	graph_1724.gr
graph_3948.gr	RF_5k	graph_2410.gr
graph_3949.gr	RF_5k	graph_4462.gr
graph_3950.gr	RF_5k	graph_2979.gr
graph_3951.gr	RF_5k	graph_2759.gr
graph_3952.gr	RF_5k	graph_930.gr
graph_3953.gr	RF_5k	graph_720.gr
graph_3954.gr	RF_5k	graph_3239.gr
graph_3955.gr	RF_5k	graph_4107.gr
graph_3956.gr	RF_5k	graph_1670.gr
graph_3957.gr	RF_5k	graph_1191.gr
graph_3958.gr	RF_5k	graph_2951.gr
graph_3959.gr	RF_5k	graph_874.gr
graph_3960.gr	RF_5k	graph_4255.gr
graph_3961.gr	RF_5k	graph_4769.gr
graph_3962.gr	RF_5k	graph_3786.gr
graph_3963.gr	RF_5k	graph_582.gr
graph_3964.gr	RF_5k	graph_2226.gr
graph_3965.gr	RF_5k	graph_3380.gr
graph_3966.gr	RF_5k	graph_2043.gr
graph_3967.gr	RF_5k	graph_4213.gr
graph_3968.gr	RF_5k	graph_2761.gr
graph_3969.gr	RF_5k	graph_476.gr
graph_3970.gr	RF_5k	graph_2840.gr
graph_3971.gr	RF_5k	graph_4879.gr
graph_3972.gr	RF_5k	graph_1160.gr
graph_3973.gr	RF_5k	graph_2206.gr
graph_3974.gr	RF_5k	graph_2293.gr
graph_3975.gr	RF_5k	graph_4822.gr
graph_3976.gr	RF_5k	graph_4295.gr
graph_3977.gr	RF_5k	graph_4353.gr
graph_3978.gr	RF_5k	graph_3306.gr
graph_3979.gr	RF_5k	graph_784.gr
graph_3980.gr	RF_5k	graph_1881.gr
graph_3981.gr	RF_5k	graph_299.gr
graph_3982.gr	RF_5k	graph_1263.gr
graph_3983.gr	RF_5k	graph_2648.gr
graph_3984.gr	RF_5k	graph_2700.gr
graph_3985.gr	RF_5k	graph_133.gr
graph_3986.gr	RF_5k	graph_3140.gr
graph_3987.gr	RF_5k	graph_393.gr
graph_3988.gr	RF_5k	graph_4192.gr
graph_3989.gr	RF_5k	graph_3314.gr
graph_3990.gr	RF_5k	graph_3288.gr
graph_3991.gr	RF_5k	graph_2608.gr
graph_3992.gr	RF_5k	graph_3209.gr
graph_3993.gr	RF_5k	graph_199.gr
graph_3994.gr	RF_5k	graph_722.gr
graph_3995.gr	RF_5k	graph_4797.gr
graph_3996.gr	RF_5k	graph_825.gr
graph_3997.gr	RF_5k	graph_3413.gr
graph_3998.gr	RF_5k	graph_2615.gr
graph_3999.gr	RF_5k	graph_2031.gr
graph_4000.gr	RF_5k	graph_1195.gr
graph_4001.gr	RF_5k	graph_4620.gr
graph_4002.gr	RF_5k	graph_2274.gr
graph_4003.gr	RF_5k	graph_4253.gr
graph_4004.gr	RF_5k	graph_4115.gr
graph_4005.gr	RF_5k	graph_2100.gr
graph_4006.gr	RF_5k	graph_437.gr
graph_4007.gr	RF_5k	graph_2251.gr
graph_4008.gr	RF_5k	graph_4813.gr
graph_4009.gr	RF_5k	graph_1357.gr
graph_4010.gr	RF_5k	graph_4487.gr
graph_4011.gr	RF_5k	graph_442.gr
graph_4012.gr	RF_5k	graph_685.gr
graph_4013.gr	RF_5k	graph_270.gr
graph_4014.gr	RF_5k	graph_3847.gr
graph_4015.gr	RF_5k	graph_4358.gr
graph_4016.gr	RF_5k	graph_2509.gr
graph_4017.gr	RF_5k	graph_3828.gr
graph_4018.gr	RF_5k	graph_1313.gr
graph_4019.gr	RF_5k	graph_2281.gr
graph_4020.gr	RF_5k	graph_2699.gr
graph_4021.gr	RF_5k	graph_3459.gr
graph_4022.gr	RF_5k	graph_617.gr
graph_4023.gr	RF_5k	graph_864.gr
graph_4024.gr	RF_5k	graph_953.gr
graph_4025.gr	RF_5k	graph_224.gr
graph_4026.gr	RF_5k	graph_3021.gr
graph_4027.gr	RF_5k	graph_2317.gr
graph_4028.gr	RF_5k	graph_4147.gr
graph_4029.gr	RF_5k	graph_858.gr
graph_4030.gr	RF_5k	graph_3149.gr
graph_4031.gr	RF_5k	graph_4463.gr
graph_4032.gr	RF_5k	graph_4154.gr
graph_4033.gr	RF_5k	graph_4495.gr
graph_4034.gr	RF_5k	graph_3960.gr
graph_4035.gr	RF_5k	graph_1002.gr
graph_4036.gr	RF_5k	graph_2402.gr
graph_4037.gr	RF_5k	graph_4391.gr
graph_4038.gr	RF_5k	graph_3180.gr
graph_4039.gr	RF_5k	graph_2279.gr
graph_4040.gr	RF_5k	graph_1740.gr
graph_4041.gr	RF_5k	graph_990.gr
graph_4042.gr	RF_5k	graph_3305.gr
graph_4043.gr	RF_5k	graph_2091.gr
graph_4044.gr	RF_5k	graph_1820.gr
graph_4045.gr	RF_5k	graph_2811.gr
graph_4046.gr	RF_5k	graph_3857.gr
graph_4047.gr	RF_5k	graph_1841.gr
graph_4048.gr	RF_5k	graph_962.gr
graph_4049.gr	RF_5k	graph_4533.gr
graph_4050.gr	RF_5k	graph_4730.gr
graph_4051.gr	RF_5k	graph_4684.gr
graph_4052.gr	RF_5k	graph_700.gr
graph_4053.gr	RF_5k	graph_2435.gr
graph_4054.gr	RF_5k	graph_868.gr
graph_4055.gr	RF_5k	graph_4041.gr
graph_4056.gr	RF_5k	graph_4683.gr
graph_4057.gr	RF_5k	graph_2064.gr
graph_4058.gr	RF_5k	graph_4712.gr
graph_4059.gr	RF_5k	graph_4009.gr
graph_4060.gr	RF_5k	graph_2784.gr
graph_4061.gr	RF_5k	graph_896.gr
graph_4062.gr	RF_5k	graph_1305.gr
graph_4063.gr	RF_5k	graph_2083.gr
graph_4064.gr	RF_5k	graph_4985.gr
graph_4065.gr	RF_5k	graph_395.gr
graph_4066.gr	RF_5k	graph_65.gr
graph_4067.gr	RF_5k	graph_4308.gr
graph_4068.gr	RF_5k	graph_3056.gr
graph_4069.gr	RF_5k	graph_4623.gr
graph_4070.gr	RF_5k	graph_2638.gr
graph_4071.gr	RF_5k	graph_3294.gr
graph_4072.gr	RF_5k	graph_511.gr
graph_4073.gr	RF_5k	graph_1929.gr
graph_4074.gr	RF_5k	graph_910.gr
graph_4075.gr	RF_5k	graph_4536.gr
graph_4076.gr	RF_5k	graph_2566.gr
graph_4077.gr	RF_5k	graph_2505.gr
graph_4078.gr	RF_5k	graph_3128.gr
graph_4079.gr	RF_5k	graph_1089.gr
graph_4080.gr	RF_5k	graph_382.gr
graph_4081.gr	RF_5k	graph_2797.gr
graph_4082.gr	RF_5k	graph_2309.gr
graph_4083.gr	RF_5k	graph_1518.gr
graph_4084.gr	RF_5k	graph_1961.gr
graph_4085.gr	RF_5k	graph_3923.gr
graph_4086.gr	RF_5k	graph_2025.gr
graph_4087.gr	RF_5k	graph_1473.gr
graph_4088.gr	RF_5k	graph_502.gr
graph_4089.gr	RF_5k	graph_2950.gr
graph_4090.gr	RF_5k	graph_4949.gr
graph_4091.gr	RF_5k	graph_387.gr
graph_4092.gr	RF_5k	graph_1885.gr
graph_4093.gr	RF_5k	graph_1284.gr
graph_4094.gr	RF_5k	graph_2777.gr
graph_4095.gr	RF_5k	graph_3245.gr
graph_4096.gr	RF_5k	graph_2315.gr
graph_4097.gr	RF_5k	graph_1844.gr
graph_4098.gr	RF_5k	graph_2234.gr
graph_4099.gr	RF_5k	graph_4187.gr
graph_4100.gr	RF_5k	graph_3681.gr
graph_4101.gr	RF_5k	graph_1627.gr
graph_4102.gr	RF_5k	graph_10.gr
graph_4103.gr	RF_5k	graph_1947.gr
graph_4104.gr	RF_5k	graph_4.gr
graph_4105.gr	RF_5k	graph_3002.gr
graph_4106.gr	RF_5k	graph_1036.gr
graph_4107.gr	RF_5k	graph_43.gr
graph_4108.gr	RF_5k	graph_2145.gr
graph_4109.gr	RF_5k	graph_3715.gr
graph_4110.gr	RF_5k	graph_1950.gr
graph_4111.gr	RF_5k	graph_4876.gr
graph_4112.gr	RF_5k	graph_2949.gr
graph_4113.gr	RF_5k	graph_2372.gr
graph_4114.gr	RF_5k	graph_4413.gr
graph_4115.gr	RF_5k	graph_3595.gr
graph_4116.gr	RF_5k	graph_2903.gr
graph_4117.gr	RF_5k	graph_1270.gr
graph_4118.gr	RF_5k	graph_4652.gr
graph_4119.gr	RF_5k	graph_975.gr
graph_4120.gr	RF_5k	graph_2479.gr
graph_4121.gr	RF_5k	graph_1542.gr
graph_4122.gr	RF_5k	graph_1296.gr
graph_4123.gr	RF_5k	graph_535.gr
graph_4124.gr	RF_5k	graph_3746.gr
graph_4125.gr	RF_5k	graph_1421.gr
graph_4126.gr	RF_5k	graph_848.gr
graph_4127.gr	RF_5k	graph_448.gr
graph_4128.gr	RF_5k	graph_4275.gr
graph_4129.gr	RF_5k	graph_1765.gr
graph_4130.gr	RF_5k	graph_123.gr
graph_4131.gr	RF_5k	graph_4429.gr
graph_4132.gr	RF_5k	graph_4042.gr
graph_4133.gr	RF_5k	graph_2498.gr
graph_4134.gr	RF_5k	graph_105.gr
graph_4135.gr	RF_5k	graph_2170.gr
graph_4136.gr	RF_5k	graph_117.gr
graph_4137.gr	RF_5k	graph_51.gr
graph_4138.gr	RF_5k	graph_1540.gr
graph_4139.gr	RF_5k	graph_1126.gr
graph_4140.gr	RF_5k	graph_2441.gr
graph_4141.gr	RF_5k	graph_1981.gr
graph_4142.gr	RF_5k	graph_2956.gr
graph_4143.gr	RF_5k	graph_2934.gr
graph_4144.gr	RF_5k	graph_935.gr
graph_4145.gr	RF_5k	graph_3765.gr
graph_4146.gr	RF_5k	graph_2880.gr
graph_4147.gr	RF_5k	graph_3353.gr
graph_4148.gr	RF_5k	graph_1989.gr
graph_4149.gr	RF_5k	graph_506.gr
graph_4150.gr	RF_5k	graph_2169.gr
graph_4151.gr	RF_5k	graph_4231.gr
graph_4152.gr	RF_5k	graph_4179.gr
graph_4153.gr	RF_5k	graph_435.gr
graph_4154.gr	RF_5k	graph_4725.gr
graph_4155.gr	RF_5k	graph_932.gr
graph_4156.gr	RF_5k	graph_4257.gr
graph_4157.gr	RF_5k	graph_3003.gr
graph_4158.gr	RF_5k	graph_465.gr
graph_4159.gr	RF_5k	graph_598.gr
graph_4160.gr	RF_5k	graph_4781.gr
graph_4161.gr	RF_5k	graph_3953.gr
graph_4162.gr	RF_5k	graph_3872.gr
graph_4163.gr	RF_5k	graph_2118.gr
graph_4164.gr	RF_5k	graph_2162.gr
graph_4165.gr	RF_5k	graph_1380.gr
graph_4166.gr	RF_5k	graph_1074.gr
graph_4167.gr	RF_5k	graph_1225.gr
graph_4168.gr	RF_5k	graph_4994.gr
graph_4169.gr	RF_5k	graph_3818.gr
graph_4170.gr	RF_5k	graph_3929.gr
graph_4171.gr	RF_5k	graph_2298.gr
graph_4172.gr	RF_5k	graph_994.gr
graph_4173.gr	RF_5k	graph_3472.gr
graph_4174.gr	RF_5k	graph_215.gr
graph_4175.gr	RF_5k	graph_620.gr
graph_4176.gr	RF_5k	graph_4680.gr
graph_4177.gr	RF_5k	graph_1992.gr
graph_4178.gr	RF_5k	graph_3584.gr
graph_4179.gr	RF_5k	graph_1450.gr
graph_4180.gr	RF_5k	graph_1866.gr
graph_4181.gr	RF_5k	graph_4165.gr
graph_4182.gr	RF_5k	graph_4524.gr
graph_4183.gr	RF_5k	graph_2172.gr
graph_4184.gr	RF_5k	graph_3037.gr
graph_4185.gr	RF_5k	graph_4736.gr
graph_4186.gr	RF_5k	graph_1889.gr
graph_4187.gr	RF_5k	graph_3303.gr
graph_4188.gr	RF_5k	graph_424.gr
graph_4189.gr	RF_5k	graph_676.gr
graph_4190.gr	RF_5k	graph_3598.gr
graph_4191.gr	RF_5k	graph_3277.gr
graph_4192.gr	RF_5k	graph_2323.gr
graph_4193.gr	RF_5k	graph_4243.gr
graph_4194.gr	RF_5k	graph_2334.gr
graph_4195.gr	RF_5k	graph_1307.gr
graph_4196.gr	RF_5k	graph_914.gr
graph_4197.gr	RF_5k	graph_1429.gr
graph_4198.gr	RF_5k	graph_4816.gr
graph_4199.gr	RF_5k	graph_1892.gr
graph_4200.gr	RF_5k	graph_830.gr
graph_4201.gr	RF_5k	graph_4939.gr
graph_4202.gr	RF_5k	graph_2737.gr
graph_4203.gr	RF_5k	graph_3125.gr
graph_4204.gr	RF_5k	graph_2524.gr
graph_4205.gr	RF_5k	graph_4174.gr
graph_4206.gr	RF_5k	graph_673.gr
graph_4207.gr	RF_5k	graph_3263.gr
graph_4208.gr	RF_5k	graph_4963.gr
graph_4209.gr	RF_5k	graph_3326.gr
graph_4210.gr	RF_5k	graph_4341.gr
graph_4211.gr	RF_5k	graph_2095.gr
graph_4212.gr	RF_5k	graph_4732.gr
graph_4213.gr	RF_5k	graph_2850.gr
graph_4214.gr	RF_5k	graph_725.gr
graph_4215.gr	RF_5k	graph_484.gr
graph_4216.gr	RF_5k	graph_1901.gr
graph_4217.gr	RF_5k	graph_4004.gr
graph_4218.gr	RF_5k	graph_4221.gr
graph_4219.gr	RF_5k	graph_1898.gr
graph_4220.gr	RF_5k	graph_841.gr
graph_4221.gr	RF_5k	graph_859.gr
graph_4222.gr	RF_5k	graph_3620.gr
graph_4223.gr	RF_5k	graph_4697.gr
graph_4224.gr	RF_5k	graph_641.gr
graph_4225.gr	RF_5k	graph_4399.gr
graph_4226.gr	RF_5k	graph_380.gr
graph_4227.gr	RF_5k	graph_2795.gr
graph_4228.gr	RF_5k	graph_4776.gr
graph_4229.gr	RF_5k	graph_4701.gr
graph_4230.gr	RF_5k	graph_1489.gr
graph_4231.gr	RF_5k	graph_4459.gr
graph_4232.gr	RF_5k	graph_632.gr
graph_4233.gr	RF_5k	graph_1922.gr
graph_4234.gr	RF_5k	graph_2452.gr
graph_4235.gr	RF_5k	graph_440.gr
graph_4236.gr	RF_5k	graph_4675.gr
graph_4237.gr	RF_5k	graph_4910.gr
graph_4238.gr	RF_5k	graph_2668.gr
graph_4239.gr	RF_5k	graph_1677.gr
graph_4240.gr	RF_5k	graph_3779.gr
graph_4241.gr	RF_5k	graph_2324.gr
graph_4242.gr	RF_5k	graph_3331.gr
graph_4243.gr	RF_5k	graph_4655.gr
graph_4244.gr	RF_5k	graph_916.gr
graph_4245.gr	RF_5k	graph_141.gr
graph_4246.gr	RF_5k	graph_4715.gr
graph_4247.gr	RF_5k	graph_2689.gr
graph_4248.gr	RF_5k	graph_1735.gr
graph_4249.gr	RF_5k	graph_3619.gr
graph_4250.gr	RF_5k	graph_1446.gr
graph_4251.gr	RF_5k	graph_271.gr
graph_4252.gr	RF_5k	graph_692.gr
graph_4253.gr	RF_5k	graph_3985.gr
graph_4254.gr	RF_5k	graph_1716.gr
graph_4255.gr	RF_5k	graph_1207.gr
graph_4256.gr	RF_5k	graph_1235.gr
graph_4257.gr	RF_5k	graph_2701.gr
graph_4258.gr	RF_5k	graph_2161.gr
graph_4259.gr	RF_5k	graph_3198.gr
graph_4260.gr	RF_5k	graph_1261.gr
graph_4261.gr	RF_5k	graph_3174.gr
graph_4262.gr	RF_5k	graph_1511.gr
graph_4263.gr	RF_5k	graph_150.gr
graph_4264.gr	RF_5k	graph_3243.gr
graph_4265.gr	RF_5k	graph_177.gr
graph_4266.gr	RF_5k	graph_2925.gr
graph_4267.gr	RF_5k	graph_4859.gr
graph_4268.gr	RF_5k	graph_3666.gr
graph_4269.gr	RF_5k	graph_1453.gr
graph_4270.gr	RF_5k	graph_683.gr
graph_4271.gr	RF_5k	graph_4475.gr
graph_4272.gr	RF_5k	graph_644.gr
graph_4273.gr	RF_5k	graph_246.gr
graph_4274.gr	RF_5k	graph_1190.gr
graph_4275.gr	RF_5k	graph_2968.gr
graph_4276.gr	RF_5k	graph_3372.gr
graph_4277.gr	RF_5k	graph_4117.gr
graph_4278.gr	RF_5k	graph_489.gr
graph_4279.gr	RF_5k	graph_434.gr
graph_4280.gr	RF_5k	graph_903.gr
graph_4281.gr	RF_5k	graph_4098.gr
graph_4282.gr	RF_5k	graph_3284.gr
graph_4283.gr	RF_5k	graph_550.gr
graph_4284.gr	RF_5k	graph_3792.gr
graph_4285.gr	RF_5k	graph_68.gr
graph_4286.gr	RF_5k	graph_1430.gr
graph_4287.gr	RF_5k	graph_4638.gr
graph_4288.gr	RF_5k	graph_401.gr
graph_4289.gr	RF_5k	graph_887.gr
graph_4290.gr	RF_5k	graph_4642.gr
graph_4291.gr	RF_5k	graph_2227.gr
graph_4292.gr	RF_5k	graph_2846.gr
graph_4293.gr	RF_5k	graph_2290.gr
graph_4294.gr	RF_5k	graph_4998.gr
graph_4295.gr	RF_5k	graph_3332.gr
graph_4296.gr	RF_5k	graph_4138.gr
graph_4297.gr	RF_5k	graph_3.gr
graph_4298.gr	RF_5k	graph_1875.gr
graph_4299.gr	RF_5k	graph_4460.gr
graph_4300.gr	RF_5k	graph_4296.gr
graph_4301.gr	RF_5k	graph_1390.gr
graph_4302.gr	RF_5k	graph_1982.gr
graph_4303.gr	RF_5k	graph_4839.gr
graph_4304.gr	RF_5k	graph_4440.gr
graph_4305.gr	RF_5k	graph_4887.gr
graph_4306.gr	RF_5k	graph_2858.gr
graph_4307.gr	RF_5k	graph_4619.gr
graph_4308.gr	RF_5k	graph_4331.gr
graph_4309.gr	RF_5k	graph_1234.gr
graph_4310.gr	RF_5k	graph_2675.gr
graph_4311.gr	RF_5k	graph_884.gr
graph_4312.gr	RF_5k	graph_567.gr
graph_4313.gr	RF_5k	graph_1583.gr
graph_4314.gr	RF_5k	graph_1899.gr
graph_4315.gr	RF_5k	graph_3437.gr
graph_4316.gr	RF_5k	graph_2376.gr
graph_4317.gr	RF_5k	graph_544.gr
graph_4318.gr	RF_5k	graph_3113.gr
graph_4319.gr	RF_5k	graph_1317.gr
graph_4320.gr	RF_5k	graph_933.gr
graph_4321.gr	RF_5k	graph_1758.gr
graph_4322.gr	RF_5k	graph_4389.gr
graph_4323.gr	RF_5k	graph_369.gr
graph_4324.gr	RF_5k	graph_276.gr
graph_4325.gr	RF_5k	graph_3325.gr
graph_4326.gr	RF_5k	graph_1675.gr
graph_4327.gr	RF_5k	graph_922.gr
graph_4328.gr	RF_5k	graph_571.gr
graph_4329.gr	RF_5k	graph_3561.gr
graph_4330.gr	RF_5k	graph_664.gr
graph_4331.gr	RF_5k	graph_4332.gr
graph_4332.gr	RF_5k	graph_1175.gr
graph_4333.gr	RF_5k	graph_4665.gr
graph_4334.gr	RF_5k	graph_283.gr
graph_4335.gr	RF_5k	graph_4862.gr
graph_4336.gr	RF_5k	graph_39.gr
graph_4337.gr	RF_5k	graph_2708.gr
graph_4338.gr	RF_5k	graph_2110.gr
graph_4339.gr	RF_5k	graph_3078.gr
graph_4340.gr	RF_5k	graph_2695.gr
graph_4341.gr	RF_5k	graph_423.gr
graph_4342.gr	RF_5k	graph_2430.gr
graph_4343.gr	RF_5k	graph_4597.gr
graph_4344.gr	RF_5k	graph_4603.gr
graph_4345.gr	RF_5k	graph_3097.gr
graph_4346.gr	RF_5k	graph_279.gr
graph_4347.gr	RF_5k	graph_4396.gr
graph_4348.gr	RF_5k	graph_3462.gr
graph_4349.gr	RF_5k	graph_4934.gr
graph_4350.gr	RF_5k	graph_1623.gr
graph_4351.gr	RF_5k	graph_342.gr
graph_4352.gr	RF_5k	graph_3775.gr
graph_4353.gr	RF_5k	graph_3426.gr
graph_4354.gr	RF_5k	graph_3946.gr
graph_4355.gr	RF_5k	graph_4867.gr
graph_4356.gr	RF_5k	graph_4999.gr
graph_4357.gr	RF_5k	graph_3158.gr
graph_4358.gr	RF_5k	graph_3165.gr
graph_4359.gr	RF_5k	graph_4212.gr
graph_4360.gr	RF_5k	graph_4108.gr
graph_4361.gr	RF_5k	graph_206.gr
graph_4362.gr	RF_5k	graph_4848.gr
graph_4363.gr	RF_5k	graph_3084.gr
graph_4364.gr	RF_5k	graph_761.gr
graph_4365.gr	RF_5k	graph_3834.gr
graph_4366.gr	RF_5k	graph_2103.gr
graph_4367.gr	RF_5k	graph_2844.gr
graph_4368.gr	RF_5k	graph_4762.gr
graph_4369.gr	RF_5k	graph_19.gr
graph_4370.gr	RF_5k	graph_611.gr
graph_4371.gr	RF_5k	graph_3001.gr
graph_4372.gr	RF_5k	graph_1220.gr
graph_4373.gr	RF_5k	graph_817.gr
graph_4374.gr	RF_5k	graph_4491.gr
graph_4375.gr	RF_5k	graph_4411.gr
graph_4376.gr	RF_5k	graph_3642.gr
graph_4377.gr	RF_5k	graph_3835.gr
graph_4378.gr	RF_5k	graph_4884.gr
graph_4379.gr	RF_5k	graph_1437.gr
graph_4380.gr	RF_5k	graph_411.gr
graph_4381.gr	RF_5k	graph_4976.gr
graph_4382.gr	RF_5k	graph_50.gr
graph_4383.gr	RF_5k	graph_942.gr
graph_4384.gr	RF_5k	graph_2466.gr
graph_4385.gr	RF_5k	graph_819.gr
graph_4386.gr	RF_5k	graph_1965.gr
graph_4387.gr	RF_5k	graph_3933.gr
graph_4388.gr	RF_5k	graph_1956.gr
graph_4389.gr	RF_5k	graph_3491.gr
graph_4390.gr	RF_5k	graph_4298.gr
graph_4391.gr	RF_5k	graph_3660.gr
graph_4392.gr	RF_5k	graph_4819.gr
graph_4393.gr	RF_5k	graph_4787.gr
graph_4394.gr	RF_5k	graph_4074.gr
graph_4395.gr	RF_5k	graph_3456.gr
graph_4396.gr	RF_5k	graph_3318.gr
graph_4397.gr	RF_5k	graph_178.gr
graph_4398.gr	RF_5k	graph_1990.gr
graph_4399.gr	RF_5k	graph_4247.gr
graph_4400.gr	RF_5k	graph_684.gr
graph_4401.gr	RF_5k	graph_3099.gr
graph_4402.gr	RF_5k	graph_2602.gr
graph_4403.gr	RF_5k	graph_1746.gr
graph_4404.gr	RF_5k	graph_260.gr
graph_4405.gr	RF_5k	graph_2296.gr
graph_4406.gr	RF_5k	graph_2171.gr
graph_4407.gr	RF_5k	graph_1301.gr
graph_4408.gr	RF_5k	graph_2517.gr
graph_4409.gr	RF_5k	graph_4314.gr
graph_4410.gr	RF_5k	graph_2321.gr
graph_4411.gr	RF_5k	graph_1141.gr
graph_4412.gr	RF_5k	graph_2604.gr
graph_4413.gr	RF_5k	graph_521.gr
graph_4414.gr	RF_5k	graph_1642.gr
graph_4415.gr	RF_5k	graph_2617.gr
graph_4416.gr	RF_5k	graph_507.gr
graph_4417.gr	RF_5k	graph_1769.gr
graph_4418.gr	RF_5k	graph_2595.gr
graph_4419.gr	RF_5k	graph_917.gr
graph_4420.gr	RF_5k	graph_3153.gr
graph_4421.gr	RF_5k	graph_3759.gr
graph_4422.gr	RF_5k	graph_3983.gr
graph_4423.gr	RF_5k	graph_4068.gr
graph_4424.gr	RF_5k	graph_3221.gr
graph_4425.gr	RF_5k	graph_370.gr
graph_4426.gr	RF_5k	graph_1241.gr
graph_4427.gr	RF_5k	graph_3938.gr
graph_4428.gr	RF_5k	graph_1974.gr
graph_4429.gr	RF_5k	graph_998.gr
graph_4430.gr	RF_5k	graph_261.gr
graph_4431.gr	RF_5k	graph_1905.gr
graph_4432.gr	RF_5k	graph_2791.gr
graph_4433.gr	RF_5k	graph_255.gr
graph_4434.gr	RF_5k	graph_2487.gr
graph_4435.gr	RF_5k	graph_1205.gr
graph_4436.gr	RF_5k	graph_4386.gr
graph_4437.gr	RF_5k	graph_2889.gr
graph_4438.gr	RF_5k	graph_3868.gr
graph_4439.gr	RF_5k	graph_2331.gr
graph_4440.gr	RF_5k	graph_3589.gr
graph_4441.gr	RF_5k	graph_4306.gr
graph_4442.gr	RF_5k	graph_1530.gr
graph_4443.gr	RF_5k	graph_2665.gr
graph_4444.gr	RF_5k	graph_2568.gr
graph_4445.gr	RF_5k	graph_681.gr
graph_4446.gr	RF_5k	graph_4210.gr
graph_4447.gr	RF_5k	graph_978.gr
graph_4448.gr	RF_5k	graph_1303.gr
graph_4449.gr	RF_5k	graph_2922.gr
graph_4450.gr	RF_5k	graph_203.gr
graph_4451.gr	RF_5k	graph_228.gr
graph_4452.gr	RF_5k	graph_3450.gr
graph_4453.gr	RF_5k	graph_637.gr
graph_4454.gr	RF_5k	graph_2243.gr
graph_4455.gr	RF_5k	graph_4379.gr
graph_4456.gr	RF_5k	graph_508.gr
graph_4457.gr	RF_5k	graph_2448.gr
graph_4458.gr	RF_5k	graph_2887.gr
graph_4459.gr	RF_5k	graph_3729.gr
graph_4460.gr	RF_5k	graph_4522.gr
graph_4461.gr	RF_5k	graph_3594.gr
graph_4462.gr	RF_5k	graph_3719.gr
graph_4463.gr	RF_5k	graph_1839.gr
graph_4464.gr	RF_5k	graph_1984.gr
graph_4465.gr	RF_5k	graph_2481.gr
graph_4466.gr	RF_5k	graph_3497.gr
graph_4467.gr	RF_5k	graph_4646.gr
graph_4468.gr	RF_5k	graph_3186.gr
graph_4469.gr	RF_5k	graph_3287.gr
graph_4470.gr	RF_5k	graph_1363.gr
graph_4471.gr	RF_5k	graph_2167.gr
graph_4472.gr	RF_5k	graph_88.gr
graph_4473.gr	RF_5k	graph_4427.gr
graph_4474.gr	RF_5k	graph_3070.gr
graph_4475.gr	RF_5k	graph_4628.gr
graph_4476.gr	RF_5k	graph_3394.gr
graph_4477.gr	RF_5k	graph_1185.gr
graph_4478.gr	RF_5k	graph_1598.gr
graph_4479.gr	RF_5k	graph_3632.gr
graph_4480.gr	RF_5k	graph_4135.gr
graph_4481.gr	RF_5k	graph_2152.gr
graph_4482.gr	RF_5k	graph_222.gr
graph_4483.gr	RF_5k	graph_3478.gr
graph_4484.gr	RF_5k	graph_4196.gr
graph_4485.gr	RF_5k	graph_928.gr
graph_4486.gr	RF_5k	graph_1767.gr
graph_4487.gr	RF_5k	graph_1129.gr
graph_4488.gr	RF_5k	graph_775.gr
graph_4489.gr	RF_5k	graph_2818.gr
graph_4490.gr	RF_5k	graph_2442.gr
graph_4491.gr	RF_5k	graph_2353.gr
graph_4492.gr	RF_5k	graph_4307.gr
graph_4493.gr	RF_5k	graph_2176.gr
graph_4494.gr	RF_5k	graph_2906.gr
graph_4495.gr	RF_5k	graph_2982.gr
graph_4496.gr	RF_5k	graph_3116.gr
graph_4497.gr	RF_5k	graph_4541.gr
graph_4498.gr	RF_5k	graph_4806.gr
graph_4499.gr	RF_5k	graph_3427.gr
graph_4500.gr	RF_5k	graph_672.gr
graph_4501.gr	RF_5k	graph_2914.gr
graph_4502.gr	RF_5k	graph_3538.gr
graph_4503.gr	RF_5k	graph_1107.gr
graph_4504.gr	RF_5k	graph_4223.gr
graph_4505.gr	RF_5k	graph_3773.gr
graph_4506.gr	RF_5k	graph_2623.gr
graph_4507.gr	RF_5k	graph_4199.gr
graph_4508.gr	RF_5k	graph_1470.gr
graph_4509.gr	RF_5k	graph_3705.gr
graph_4510.gr	RF_5k	graph_1528.gr
graph_4511.gr	RF_5k	graph_741.gr
graph_4512.gr	RF_5k	graph_1478.gr
graph_4513.gr	RF_5k	graph_2322.gr
graph_4514.gr	RF_5k	graph_4022.gr
graph_4515.gr	RF_5k	graph_3108.gr
graph_4516.gr	RF_5k	graph_504.gr
graph_4517.gr	RF_5k	graph_4472.gr
graph_4518.gr	RF_5k	graph_1525.gr
graph_4519.gr	RF_5k	graph_214.gr
graph_4520.gr	RF_5k	graph_2462.gr
graph_4521.gr	RF_5k	graph_2646.gr
graph_4522.gr	RF_5k	graph_3218.gr
graph_4523.gr	RF_5k	graph_3805.gr
graph_4524.gr	RF_5k	graph_2378.gr
graph_4525.gr	RF_5k	graph_1829.gr
graph_4526.gr	RF_5k	graph_3615.gr
graph_4527.gr	RF_5k	graph_1826.gr
graph_4528.gr	RF_5k	graph_2358.gr
graph_4529.gr	RF_5k	graph_1966.gr
graph_4530.gr	RF_5k	graph_516.gr
graph_4531.gr	RF_5k	graph_2635.gr
graph_4532.gr	RF_5k	graph_1601.gr
graph_4533.gr	RF_5k	graph_2467.gr
graph_4534.gr	RF_5k	graph_1571.gr
graph_4535.gr	RF_5k	graph_610.gr
graph_4536.gr	RF_5k	graph_2712.gr
graph_4537.gr	RF_5k	graph_2553.gr
graph_4538.gr	RF_5k	graph_2845.gr
graph_4539.gr	RF_5k	graph_493.gr
graph_4540.gr	RF_5k	graph_3525.gr
graph_4541.gr	RF_5k	graph_272.gr
graph_4542.gr	RF_5k	graph_2776.gr
graph_4543.gr	RF_5k	graph_4805.gr
graph_4544.gr	RF_5k	graph_795.gr
graph_4545.gr	RF_5k	graph_173.gr
graph_4546.gr	RF_5k	graph_4254.gr
graph_4547.gr	RF_5k	graph_618.gr
graph_4548.gr	RF_5k	graph_2052.gr
graph_4549.gr	RF_5k	graph_4262.gr
graph_4550.gr	RF_5k	graph_1026.gr
graph_4551.gr	RF_5k	graph_4283.gr
graph_4552.gr	RF_5k	graph_402.gr
graph_4553.gr	RF_5k	graph_1837.gr
graph_4554.gr	RF_5k	graph_4402.gr
graph_4555.gr	RF_5k	graph_1734.gr
graph_4556.gr	RF_5k	graph_4761.gr
graph_4557.gr	RF_5k	graph_4114.gr
graph_4558.gr	RF_5k	graph_1691.gr
graph_4559.gr	RF_5k	graph_1815.gr
graph_4560.gr	RF_5k	graph_1464.gr
graph_4561.gr	RF_5k	graph_132.gr
graph_4562.gr	RF_5k	graph_4328.gr
graph_4563.gr	RF_5k	graph_4767.gr
graph_4564.gr	RF_5k	graph_3717.gr
graph_4565.gr	RF_5k	graph_2618.gr
graph_4566.gr	RF_5k	graph_2722.gr
graph_4567.gr	RF_5k	graph_967.gr
graph_4568.gr	RF_5k	graph_254.gr
graph_4569.gr	RF_5k	graph_40.gr
graph_4570.gr	RF_5k	graph_2439.gr
graph_4571.gr	RF_5k	graph_1602.gr
graph_4572.gr	RF_5k	graph_1708.gr
graph_4573.gr	RF_5k	graph_2560.gr
graph_4574.gr	RF_5k	graph_306.gr
graph_4575.gr	RF_5k	graph_770.gr
graph_4576.gr	RF_5k	graph_262.gr
graph_4577.gr	RF_5k	graph_4145.gr
graph_4578.gr	RF_5k	graph_4838.gr
graph_4579.gr	RF_5k	graph_3448.gr
graph_4580.gr	RF_5k	graph_701.gr
graph_4581.gr	RF_5k	graph_1604.gr
graph_4582.gr	RF_5k	graph_3817.gr
graph_4583.gr	RF_5k	graph_654.gr
graph_4584.gr	RF_5k	graph_3430.gr
graph_4585.gr	RF_5k	graph_4394.gr
graph_4586.gr	RF_5k	graph_4649.gr
graph_4587.gr	RF_5k	graph_1493.gr
graph_4588.gr	RF_5k	graph_4607.gr
graph_4589.gr	RF_5k	graph_4428.gr
graph_4590.gr	RF_5k	graph_1831.gr
graph_4591.gr	RF_5k	graph_3831.gr
graph_4592.gr	RF_5k	graph_3267.gr
graph_4593.gr	RF_5k	graph_885.gr
graph_4594.gr	RF_5k	graph_2501.gr
graph_4595.gr	RF_5k	graph_3052.gr
graph_4596.gr	RF_5k	graph_600.gr
graph_4597.gr	RF_5k	graph_12.gr
graph_4598.gr	RF_5k	graph_2990.gr
graph_4599.gr	RF_5k	graph_2105.gr
graph_4600.gr	RF_5k	graph_3896.gr
graph_4601.gr	RF_5k	graph_3610.gr
graph_4602.gr	RF_5k	graph_4528.gr
graph_4603.gr	RF_5k	graph_832.gr
graph_4604.gr	RF_5k	graph_2193.gr
graph_4605.gr	RF_5k	graph_3618.gr
graph_4606.gr	RF_5k	graph_2692.gr
graph_4607.gr	RF_5k	graph_1906.gr
graph_4608.gr	RF_5k	graph_4928.gr
graph_4609.gr	RF_5k	graph_2571.gr
graph_4610.gr	RF_5k	graph_1229.gr
graph_4611.gr	RF_5k	graph_2820.gr
graph_4612.gr	RF_5k	graph_212.gr
graph_4613.gr	RF_5k	graph_1744.gr
graph_4614.gr	RF_5k	graph_2361.gr
graph_4615.gr	RF_5k	graph_4720.gr
graph_4616.gr	RF_5k	graph_3951.gr
graph_4617.gr	RF_5k	graph_2475.gr
graph_4618.gr	RF_5k	graph_1293.gr
graph_4619.gr	RF_5k	graph_4019.gr
graph_4620.gr	RF_5k	graph_2652.gr
graph_4621.gr	RF_5k	graph_396.gr
graph_4622.gr	RF_5k	graph_3327.gr
graph_4623.gr	RF_5k	graph_2063.gr
graph_4624.gr	RF_5k	graph_1698.gr
graph_4625.gr	RF_5k	graph_3937.gr
graph_4626.gr	RF_5k	graph_126.gr
graph_4627.gr	RF_5k	graph_1413.gr
graph_4628.gr	RF_5k	graph_1768.gr
graph_4629.gr	RF_5k	graph_4663.gr
graph_4630.gr	RF_5k	graph_2592.gr
graph_4631.gr	RF_5k	graph_3237.gr
graph_4632.gr	RF_5k	graph_1016.gr
graph_4633.gr	RF_5k	graph_3416.gr
graph_4634.gr	RF_5k	graph_1448.gr
graph_4635.gr	RF_5k	graph_4166.gr
graph_4636.gr	RF_5k	graph_2725.gr
graph_4637.gr	RF_5k	graph_4726.gr
graph_4638.gr	RF_5k	graph_2386.gr
graph_4639.gr	RF_5k	graph_1341.gr
graph_4640.gr	RF_5k	graph_2286.gr
graph_4641.gr	RF_5k	graph_2335.gr
graph_4642.gr	RF_5k	graph_2607.gr
graph_4643.gr	RF_5k	graph_2000.gr
graph_4644.gr	RF_5k	graph_3920.gr
graph_4645.gr	RF_5k	graph_3429.gr
graph_4646.gr	RF_5k	graph_3748.gr
graph_4647.gr	RF_5k	graph_1934.gr
graph_4648.gr	RF_5k	graph_4224.gr
graph_4649.gr	RF_5k	graph_219.gr
graph_4650.gr	RF_5k	graph_3780.gr
graph_4651.gr	RF_5k	graph_4335.gr
graph_4652.gr	RF_5k	graph_112.gr
graph_4653.gr	RF_5k	graph_3161.gr
graph_4654.gr	RF_5k	graph_3614.gr
graph_4655.gr	RF_5k	graph_3577.gr
graph_4656.gr	RF_5k	graph_1986.gr
graph_4657.gr	RF_5k	graph_1214.gr
graph_4658.gr	RF_5k	graph_2421.gr
graph_4659.gr	RF_5k	graph_1647.gr
graph_4660.gr	RF_5k	graph_2101.gr
graph_4661.gr	RF_5k	graph_574.gr
graph_4662.gr	RF_5k	graph_2403.gr
graph_4663.gr	RF_5k	graph_1040.gr
graph_4664.gr	RF_5k	graph_4866.gr
graph_4665.gr	RF_5k	graph_208.gr
graph_4666.gr	RF_5k	graph_4053.gr
graph_4667.gr	RF_5k	graph_3276.gr
graph_4668.gr	RF_5k	graph_44.gr
graph_4669.gr	RF_5k	graph_1310.gr
graph_4670.gr	RF_5k	graph_2650.gr
graph_4671.gr	RF_5k	graph_4374.gr
graph_4672.gr	RF_5k	graph_1812.gr
graph_4673.gr	RF_5k	graph_758.gr
graph_4674.gr	RF_5k	graph_3114.gr
graph_4675.gr	RF_5k	graph_1526.gr
graph_4676.gr	RF_5k	graph_4721.gr
graph_4677.gr	RF_5k	graph_2826.gr
graph_4678.gr	RF_5k	graph_4979.gr
graph_4679.gr	RF_5k	graph_4484.gr
graph_4680.gr	RF_5k	graph_2709.gr
graph_4681.gr	RF_5k	graph_731.gr
graph_4682.gr	RF_5k	graph_2073.gr
graph_4683.gr	RF_5k	graph_4471.gr
graph_4684.gr	RF_5k	graph_1230.gr
graph_4685.gr	RF_5k	graph_2248.gr
graph_4686.gr	RF_5k	graph_1153.gr
graph_4687.gr	RF_5k	graph_4756.gr
graph_4688.gr	RF_5k	graph_4392.gr
graph_4689.gr	RF_5k	graph_2584.gr
graph_4690.gr	RF_5k	graph_2185.gr
graph_4691.gr	RF_5k	graph_309.gr
graph_4692.gr	RF_5k	graph_3093.gr
graph_4693.gr	RF_5k	graph_3222.gr
graph_4694.gr	RF_5k	graph_1049.gr
graph_4695.gr	RF_5k	graph_4489.gr
graph_4696.gr	RF_5k	graph_2944.gr
graph_4697.gr	RF_5k	graph_4176.gr
graph_4698.gr	RF_5k	graph_4242.gr
graph_4699.gr	RF_5k	graph_3388.gr
graph_4700.gr	RF_5k	graph_2958.gr
graph_4701.gr	RF_5k	graph_3879.gr
graph_4702.gr	RF_5k	graph_2026.gr
graph_4703.gr	RF_5k	graph_4256.gr
graph_4704.gr	RF_5k	graph_4481.gr
graph_4705.gr	RF_5k	graph_1275.gr
graph_4706.gr	RF_5k	graph_2865.gr
graph_4707.gr	RF_5k	graph_3131.gr
graph_4708.gr	RF_5k	graph_3441.gr
graph_4709.gr	RF_5k	graph_947.gr
graph_4710.gr	RF_5k	graph_1217.gr
graph_4711.gr	RF_5k	graph_4757.gr
graph_4712.gr	RF_5k	graph_2769.gr
graph_4713.gr	RF_5k	graph_1289.gr
graph_4714.gr	RF_5k	graph_4779.gr
graph_4715.gr	RF_5k	graph_4527.gr
graph_4716.gr	RF_5k	graph_180.gr
graph_4717.gr	RF_5k	graph_3212.gr
graph_4718.gr	RF_5k	graph_3271.gr
graph_4719.gr	RF_5k	graph_3032.gr
graph_4720.gr	RF_5k	graph_1697.gr
graph_4721.gr	RF_5k	graph_3107.gr
graph_4722.gr	RF_5k	graph_2362.gr
graph_4723.gr	RF_5k	graph_1183.gr
graph_4724.gr	RF_5k	graph_421.gr
graph_4725.gr	RF_5k	graph_49.gr
graph_4726.gr	RF_5k	graph_1286.gr
graph_4727.gr	RF_5k	graph_597.gr
graph_4728.gr	RF_5k	graph_3146.gr
graph_4729.gr	RF_5k	graph_472.gr
graph_4730.gr	RF_5k	graph_2181.gr
graph_4731.gr	RF_5k	graph_541.gr
graph_4732.gr	RF_5k	graph_1546.gr
graph_4733.gr	RF_5k	graph_769.gr
graph_4734.gr	RF_5k	graph_3162.gr
graph_4735.gr	RF_5k	graph_893.gr
graph_4736.gr	RF_5k	graph_872.gr
graph_4737.gr	RF_5k	graph_3368.gr
graph_4738.gr	RF_5k	graph_4071.gr
graph_4739.gr	RF_5k	graph_607.gr
graph_4740.gr	RF_5k	graph_2688.gr
graph_4741.gr	RF_5k	graph_4378.gr
graph_4742.gr	RF_5k	graph_3704.gr
graph_4743.gr	RF_5k	graph_4324.gr
graph_4744.gr	RF_5k	graph_2679.gr
graph_4745.gr	RF_5k	graph_966.gr
graph_4746.gr	RF_5k	graph_1387.gr
graph_4747.gr	RF_5k	graph_296.gr
graph_4748.gr	RF_5k	graph_2092.gr
graph_4749.gr	RF_5k	graph_1993.gr
graph_4750.gr	RF_5k	graph_2543.gr
graph_4751.gr	RF_5k	graph_1828.gr
graph_4752.gr	RF_5k	graph_2213.gr
graph_4753.gr	RF_5k	graph_1843.gr
graph_4754.gr	RF_5k	graph_1567.gr
graph_4755.gr	RF_5k	graph_1690.gr
graph_4756.gr	RF_5k	graph_449.gr
graph_4757.gr	RF_5k	graph_4091.gr
graph_4758.gr	RF_5k	graph_977.gr
graph_4759.gr	RF_5k	graph_1157.gr
graph_4760.gr	RF_5k	graph_3978.gr
graph_4761.gr	RF_5k	graph_4415.gr
graph_4762.gr	RF_5k	graph_3634.gr
graph_4763.gr	RF_5k	graph_2369.gr
graph_4764.gr	RF_5k	graph_426.gr
graph_4765.gr	RF_5k	graph_2354.gr
graph_4766.gr	RF_5k	graph_2779.gr
graph_4767.gr	RF_5k	graph_3299.gr
graph_4768.gr	RF_5k	graph_968.gr
graph_4769.gr	RF_5k	graph_3031.gr
graph_4770.gr	RF_5k	graph_926.gr
graph_4771.gr	RF_5k	graph_839.gr
graph_4772.gr	RF_5k	graph_3088.gr
graph_4773.gr	RF_5k	graph_1964.gr
graph_4774.gr	RF_5k	graph_3744.gr
graph_4775.gr	RF_5k	graph_2658.gr
graph_4776.gr	RF_5k	graph_477.gr
graph_4777.gr	RF_5k	graph_4046.gr
graph_4778.gr	RF_5k	graph_1162.gr
graph_4779.gr	RF_5k	graph_972.gr
graph_4780.gr	RF_5k	graph_3089.gr
graph_4781.gr	RF_5k	graph_2065.gr
graph_4782.gr	RF_5k	graph_1846.gr
graph_4783.gr	RF_5k	graph_1707.gr
graph_4784.gr	RF_5k	graph_2732.gr
graph_4785.gr	RF_5k	graph_4466.gr
graph_4786.gr	RF_5k	graph_1003.gr
graph_4787.gr	RF_5k	graph_2288.gr
graph_4788.gr	RF_5k	graph_1712.gr
graph_4789.gr	RF_5k	graph_1068.gr
graph_4790.gr	RF_5k	graph_74.gr
graph_4791.gr	RF_5k	graph_417.gr
graph_4792.gr	RF_5k	graph_2219.gr
graph_4793.gr	RF_5k	graph_4326.gr
graph_4794.gr	RF_5k	graph_1344.gr
graph_4795.gr	RF_5k	graph_3044.gr
graph_4796.gr	RF_5k	graph_3160.gr
graph_4797.gr	RF_5k	graph_1483.gr
graph_4798.gr	RF_5k	graph_4184.gr
graph_4799.gr	RF_5k	graph_2808.gr
graph_4800.gr	RF_5k	graph_2987.gr
graph_4801.gr	RF_5k	graph_1631.gr
graph_4802.gr	RF_5k	graph_2872.gr
graph_4803.gr	RF_5k	graph_2089.gr
graph_4804.gr	RF_5k	graph_4973.gr
graph_4805.gr	RF_5k	graph_635.gr
graph_4806.gr	RF_5k	graph_1460.gr
graph_4807.gr	RF_5k	graph_569.gr
graph_4808.gr	RF_5k	graph_4479.gr
graph_4809.gr	RF_5k	graph_1531.gr
graph_4810.gr	RF_5k	graph_551.gr
graph_4811.gr	RF_5k	graph_2852.gr
graph_4812.gr	RF_5k	graph_3274.gr
graph_4813.gr	RF_5k	graph_3417.gr
graph_4814.gr	RF_5k	graph_1249.gr
graph_4815.gr	RF_5k	graph_4975.gr
graph_4816.gr	RF_5k	graph_1388.gr
graph_4817.gr	RF_5k	graph_4044.gr
graph_4818.gr	RF_5k	graph_3582.gr
graph_4819.gr	RF_5k	graph_3075.gr
graph_4820.gr	RF_5k	graph_3576.gr
graph_4821.gr	RF_5k	graph_2810.gr
graph_4822.gr	RF_5k	graph_638.gr
graph_4823.gr	RF_5k	graph_1236.gr
graph_4824.gr	RF_5k	graph_2542.gr
graph_4825.gr	RF_5k	graph_1238.gr
graph_4826.gr	RF_5k	graph_1822.gr
graph_4827.gr	RF_5k	graph_1596.gr
graph_4828.gr	RF_5k	graph_2277.gr
graph_4829.gr	RF_5k	graph_3077.gr
graph_4830.gr	RF_5k	graph_2624.gr
graph_4831.gr	RF_5k	graph_1350.gr
graph_4832.gr	RF_5k	graph_1339.gr
graph_4833.gr	RF_5k	graph_4913.gr
graph_4834.gr	RF_5k	graph_2304.gr
graph_4835.gr	RF_5k	graph_1908.gr
graph_4836.gr	RF_5k	graph_4656.gr
graph_4837.gr	RF_5k	graph_320.gr
graph_4838.gr	RF_5k	graph_2626.gr
graph_4839.gr	RF_5k	graph_4206.gr
graph_4840.gr	RF_5k	graph_3918.gr
graph_4841.gr	RF_5k	graph_2138.gr
graph_4842.gr	RF_5k	graph_4119.gr
graph_4843.gr	RF_5k	graph_488.gr
graph_4844.gr	RF_5k	graph_2901.gr
graph_4845.gr	RF_5k	graph_2912.gr
graph_4846.gr	RF_5k	graph_2727.gr
graph_4847.gr	RF_5k	graph_1490.gr
graph_4848.gr	RF_5k	graph_3747.gr
graph_4849.gr	RF_5k	graph_464.gr
graph_4850.gr	RF_5k	graph_2900.gr
graph_4851.gr	RF_5k	graph_2717.gr
graph_4852.gr	RF_5k	graph_2263.gr
graph_4853.gr	RF_5k	graph_3476.gr
graph_4854.gr	RF_5k	graph_4750.gr
graph_4855.gr	RF_5k	graph_3679.gr
graph_4856.gr	RF_5k	graph_1760.gr
graph_4857.gr	RF_5k	graph_1479.gr
graph_4858.gr	RF_5k	graph_1277.gr
graph_4859.gr	RF_5k	graph_3135.gr
graph_4860.gr	RF_5k	graph_4225.gr
graph_4861.gr	RF_5k	graph_383.gr
graph_4862.gr	RF_5k	graph_2074.gr
graph_4863.gr	RF_5k	graph_1743.gr
graph_4864.gr	RF_5k	graph_4455.gr
graph_4865.gr	RF_5k	graph_3187.gr
graph_4866.gr	RF_5k	graph_3328.gr
graph_4867.gr	RF_5k	graph_3508.gr
graph_4868.gr	RF_5k	graph_1527.gr
graph_4869.gr	RF_5k	graph_796.gr
graph_4870.gr	RF_5k	graph_3710.gr
graph_4871.gr	RF_5k	graph_1651.gr
graph_4872.gr	RF_5k	graph_2363.gr
graph_4873.gr	RF_5k	graph_4637.gr
graph_4874.gr	RF_5k	graph_3767.gr
graph_4875.gr	RF_5k	graph_2329.gr
graph_4876.gr	RF_5k	graph_602.gr
graph_4877.gr	RF_5k	graph_3301.gr
graph_4878.gr	RF_5k	graph_501.gr
graph_4879.gr	RF_5k	graph_4521.gr
graph_4880.gr	RF_5k	graph_2412.gr
graph_4881.gr	RF_5k	graph_2102.gr
graph_4882.gr	RF_5k	graph_1384.gr
graph_4883.gr	RF_5k	graph_4414.gr
graph_4884.gr	RF_5k	graph_2056.gr
graph_4885.gr	RF_5k	graph_3073.gr
graph_4886.gr	RF_5k	graph_1300.gr
graph_4887.gr	RF_5k	graph_2191.gr
graph_4888.gr	RF_5k	graph_2444.gr
graph_4889.gr	RF_5k	graph_1260.gr
graph_4890.gr	RF_5k	graph_4021.gr
graph_4891.gr	RF_5k	graph_336.gr
graph_4892.gr	RF_5k	graph_256.gr
graph_4893.gr	RF_5k	graph_2577.gr
graph_4894.gr	RF_5k	graph_579.gr
graph_4895.gr	RF_5k	graph_1287.gr
graph_4896.gr	RF_5k	graph_1756.gr
graph_4897.gr	RF_5k	graph_2474.gr
graph_4898.gr	RF_5k	graph_4592.gr
graph_4899.gr	RF_5k	graph_1748.gr
graph_4900.gr	RF_5k	graph_2740.gr
graph_4901.gr	RF_5k	graph_30.gr
graph_4902.gr	RF_5k	graph_1777.gr
graph_4903.gr	RF_5k	graph_2687.gr
graph_4904.gr	RF_5k	graph_555.gr
graph_4905.gr	RF_5k	graph_754.gr
graph_4906.gr	RF_5k	graph_1722.gr
graph_4907.gr	RF_5k	graph_540.gr
graph_4908.gr	RF_5k	graph_378.gr
graph_4909.gr	RF_5k	graph_3884.gr
graph_4910.gr	RF_5k	graph_2450.gr
graph_4911.gr	RF_5k	graph_3691.gr
graph_4912.gr	RF_5k	graph_2135.gr
graph_4913.gr	RF_5k	graph_3994.gr
graph_4914.gr	RF_5k	graph_3971.gr
graph_4915.gr	RF_5k	graph_2879.gr
graph_4916.gr	RF_5k	graph_3739.gr
graph_4917.gr	RF_5k	graph_805.gr
graph_4918.gr	RF_5k	graph_2482.gr
graph_4919.gr	RF_5k	graph_824.gr
graph_4920.gr	RF_5k	graph_2200.gr
graph_4921.gr	RF_5k	graph_1835.gr
graph_4922.gr	RF_5k	graph_3172.gr
graph_4923.gr	RF_5k	graph_2404.gr
graph_4924.gr	RF_5k	graph_3940.gr
graph_4925.gr	RF_5k	graph_2160.gr
graph_4926.gr	RF_5k	graph_4593.gr
graph_4927.gr	RF_5k	graph_1805.gr
graph_4928.gr	RF_5k	graph_755.gr
graph_4929.gr	RF_5k	graph_4772.gr
graph_4930.gr	RF_5k	graph_2269.gr
graph_4931.gr	RF_5k	graph_3248.gr
graph_4932.gr	RF_5k	graph_4502.gr
graph_4933.gr	RF_5k	graph_4992.gr
graph_4934.gr	RF_5k	graph_4923.gr
graph_4935.gr	RF_5k	graph_4189.gr
graph_4936.gr	RF_5k	graph_2894.gr
graph_4937.gr	RF_5k	graph_4676.gr
graph_4938.gr	RF_5k	graph_4069.gr
graph_4939.gr	RF_5k	graph_3906.gr
graph_4940.gr	RF_5k	graph_2483.gr
graph_4941.gr	RF_5k	graph_2385.gr
graph_4942.gr	RF_5k	graph_4508.gr
graph_4943.gr	RF_5k	graph_724.gr
graph_4944.gr	RF_5k	graph_4878.gr
graph_4945.gr	RF_5k	graph_3600.gr
graph_4946.gr	RF_5k	graph_1730.gr
graph_4947.gr	RF_5k	graph_734.gr
graph_4948.gr	RF_5k	graph_2325.gr
graph_4949.gr	RF_5k	graph_145.gr
graph_4950.gr	RF_5k	graph_1803.gr
graph_4951.gr	RF_5k	graph_1968.gr
graph_4952.gr	RF_5k	graph_1058.gr
graph_4953.gr	RF_5k	graph_2311.gr
graph_4954.gr	RF_5k	graph_622.gr
graph_4955.gr	RF_5k	graph_4469.gr
graph_4956.gr	RF_5k	graph_3988.gr
graph_4957.gr	RF_5k	graph_1294.gr
graph_4958.gr	RF_5k	graph_800.gr
graph_4959.gr	RF_5k	graph_4061.gr
graph_4960.gr	RF_5k	graph_282.gr
graph_4961.gr	RF_5k	graph_2327.gr
graph_4962.gr	RF_5k	graph_3564.gr
graph_4963.gr	RF_5k	graph_3230.gr
graph_4964.gr	RF_5k	graph_3790.gr
graph_4965.gr	RF_5k	graph_2201.gr
graph_4966.gr	RF_5k	graph_2731.gr
graph_4967.gr	RF_5k	graph_2278.gr
graph_4968.gr	RF_5k	graph_2500.gr
graph_4969.gr	RF_5k	graph_1672.gr
graph_4970.gr	RF_5k	graph_2072.gr
graph_4971.gr	RF_5k	graph_3977.gr
graph_4972.gr	RF_5k	graph_3846.gr
graph_4973.gr	RF_5k	graph_1774.gr
graph_4974.gr	RF_5k	graph_73.gr
graph_4975.gr	RF_5k	graph_3551.gr
graph_4976.gr	RF_5k	graph_4507.gr
graph_4977.gr	RF_5k	graph_170.gr
graph_4978.gr	RF_5k	graph_285.gr
graph_4979.gr	RF_5k	graph_269.gr
graph_4980.gr	RF_5k	graph_1789.gr
graph_4981.gr	RF_5k	graph_3646.gr
graph_4982.gr	RF_5k	graph_2817.gr
graph_4983.gr	RF_5k	graph_4423.gr
graph_4984.gr	RF_5k	graph_743.gr
graph_4985.gr	RF_5k	graph_231.gr
graph_4986.gr	RF_5k	graph_1976.gr
graph_4987.gr	RF_5k	graph_1491.gr
graph_4988.gr	RF_5k	graph_1410.gr
graph_4989.gr	RF_5k	graph_3735.gr
graph_4990.gr	RF_5k	graph_4972.gr
graph_4991.gr	RF_5k	graph_2724.gr
graph_4992.gr	RF_5k	graph_216.gr
graph_4993.gr	RF_5k	graph_348.gr
graph_4994.gr	RF_5k	graph_3159.gr
graph_4995.gr	RF_5k	graph_852.gr
graph_4996.gr	RF_5k	graph_2859.gr
graph_4997.gr	RF_5k	graph_1732.gr
graph_4998.gr	RF_5k	graph_3307.gr
graph_4999.gr	RF_5k	graph_196.gr
graph_5000.gr	RF_5k	graph_560.gr
